year,make,model,trim,body_type,price,down_payment,mileage,condition,fuel_type,transmission,drivetrain,exterior_color,interior_color,vin,description,features,images,warranty,is_featured,is_sold
2019,Toyota,Camry XSE,,,7000,800,73381,Good,Gasoline,Automatic,,White,Black,4T1B61HK0KU278004,"This fully loaded 2019 Toyota Camry XSE offers a luxury driving experience with a sporty edge. Enjoy peace of mind with advanced safety tech, modern infotainment, and the style you’d expect from Toyota’s top-tier sedan—all at a price you can afford.",Engine: 2.5L 4-Cylinder | 8-Speed Automatic|Seats: 5|Title Status: Rebuilt|Safety Rating: 5/5 (NHTSA)|Leather Seats|Apple CarPlay & Android Auto|Premium Sound System|Built-in Navigation|Panoramic Sunroof|Backup Camera|Paddle Shifters|Lane Departure Warning|Adaptive Cruise Control|Key-less Entry & Push-to-Start,,90-Day Warranty,false,false
2022,Honda Civic,Hatchback Sport,Sport Hatchback 4D,Hatchback,6000,800,3403,Excellent,Gasoline,Automatic,,Silver,Black,19XFL2H82NE004556,"This 2022 Honda Civic Sport Hatchback is practically brand new, incredibly fuel-efficient, and loaded with all the latest features. Whether you’re looking for a stylish commuter or a reliable daily driver, this Civic delivers serious value.",Ultra Low Miles – Only 3|400!|Sport Trim – Stylish|fun|and responsive|Rebuilt Title – Fully restored and road-ready|Fully Paid Off – No liens|Modern Design + Top Tech Features|Excellent on Gas|2.0L 4-Cylinder Engine|Push Button Start|Apple CarPlay & Android Auto|Multi-Angle Backup Camera|Sport Seats & Steering Wheel|Bluetooth Audio + Hands-Free Calling|Adaptive Cruise Control|Lane Keep Assist + Collision Mitigation|Rear Spoiler|Alloy Wheels|Digital Display Cluster|Fold-Down Rear Seats for Extra Cargo Space|USB Ports,https://ujfuxpqefdvwyjjwcpdu.supabase.co/storage/v1/object/public/car-images/c8fcf33a-b363-4d62-94ea-db6a3cd88641-IMG_8744.jpeg|https://ujfuxpqefdvwyjjwcpdu.supabase.co/storage/v1/object/public/car-images/146b442f-bf47-4852-bc9c-c1dbc1522379-IMG_8745.jpeg|https://ujfuxpqefdvwyjjwcpdu.supabase.co/storage/v1/object/public/car-images/26b1ca93-a08f-4272-9e34-b6ab6476cfab-IMG_8743.jpeg|https://ujfuxpqefdvwyjjwcpdu.supabase.co/storage/v1/object/public/car-images/11b7af10-5c9a-4ff2-9ee4-162d5fe6fea3-IMG_8748.jpeg|https://ujfuxpqefdvwyjjwcpdu.supabase.co/storage/v1/object/public/car-images/fca87caf-4115-43a2-acb2-87c8365491bc-IMG_8754.jpeg|https://ujfuxpqefdvwyjjwcpdu.supabase.co/storage/v1/object/public/car-images/92d7e81c-0dbe-4b8a-829c-ec7d3455fc97-IMG_8755.jpeg|https://ujfuxpqefdvwyjjwcpdu.supabase.co/storage/v1/object/public/car-images/d332a8a0-1eb8-4067-8e6c-06d87ef841de-IMG_8758.jpeg|https://ujfuxpqefdvwyjjwcpdu.supabase.co/storage/v1/object/public/car-images/61709703-24c6-470d-86d9-9284f3765c39-IMG_8757.jpeg|https://ujfuxpqefdvwyjjwcpdu.supabase.co/storage/v1/object/public/car-images/73e5f218-da11-4d93-9ee9-924201d16fa1-IMG_8756.jpeg|https://ujfuxpqefdvwyjjwcpdu.supabase.co/storage/v1/object/public/car-images/49abb7fa-0846-4e1a-9ffb-e7d0874bdce9-IMG_8749.jpeg|https://ujfuxpqefdvwyjjwcpdu.supabase.co/storage/v1/object/public/car-images/6d86b02b-2932-421c-9d90-b2fb7801414c-IMG_8750.jpeg|https://ujfuxpqefdvwyjjwcpdu.supabase.co/storage/v1/object/public/car-images/f98eb5b8-083f-48ff-8dc6-2d44c135ba4a-IMG_8746.jpeg|https://ujfuxpqefdvwyjjwcpdu.supabase.co/storage/v1/object/public/car-images/46adb305-3115-448e-b62c-af9a0e6ab129-IMG_8753.jpeg|https://ujfuxpqefdvwyjjwcpdu.supabase.co/storage/v1/object/public/car-images/78e88b9c-f523-4807-80f4-e1623423e322-IMG_8759.jpeg|https://ujfuxpqefdvwyjjwcpdu.supabase.co/storage/v1/object/public/car-images/1b2bd75a-361d-41a5-ae1e-60c69b2c7023-IMG_8760.jpeg|https://ujfuxpqefdvwyjjwcpdu.supabase.co/storage/v1/object/public/car-images/998d197d-aa0e-407e-856f-268e6a0acd29-IMG_8761.jpeg|https://ujfuxpqefdvwyjjwcpdu.supabase.co/storage/v1/object/public/car-images/688293a6-6c97-4ecf-9273-53ca70403fde-IMG_8751.jpeg|https://ujfuxpqefdvwyjjwcpdu.supabase.co/storage/v1/object/public/car-images/467fe78e-83fa-4823-a5fc-f040e46d6b5d-IMG_8752.jpeg|https://ujfuxpqefdvwyjjwcpdu.supabase.co/storage/v1/object/public/car-images/1afde47c-6cc4-4802-8c54-4ee149972e7f-IMG_8747.jpeg,90-Day Warranty,false,false
2024,Honda,Civic Sport,Sport Sedan 4D,,10000,800,8300,Excellent,Gasoline,Automatic,,Red,Black,2HGFE2F50RH550853,"This 2024 Honda Civic Sport Sedan is a head-turning, fuel-efficient, and tech-loaded sedan — with only 8,000 miles, it feels and drives like new. Whether you’re upgrading your daily driver or buying your first car, this Civic delivers top-tier value, style, and reliability.

📦 Financing & Nationwide Shipping Available",2.0L 4-Cylinder Engine|Apple CarPlay & Android Auto|Multi-Angle Backup Camera|Lane Keep Assist & Lane Departure Warning|Adaptive Cruise Control|Forward Collision Warning w/ Auto Braking|Push Button Start|Bluetooth Audio & Hands-Free Calling|Touchscreen Display|LED Daytime Running Lights|Sport Seats with Red Stitching|Rear Spoiler|Steering Wheel Audio Controls|Digital Instrument Cluster|USB Ports & Power Outlets|Fold-Down Rear Seats|Tire Pressure Monitoring System|Electronic Parking Brake|16” Black Alloy Wheels|Title: Rebuilt (Paid Off – No Liens),https://ujfuxpqefdvwyjjwcpdu.supabase.co/storage/v1/object/public/car-images/956fd3e6-6c28-4254-8e79-da84744f1169-IMG_8815.jpeg|https://ujfuxpqefdvwyjjwcpdu.supabase.co/storage/v1/object/public/car-images/3389373a-f4ef-4cc0-9be0-d08f8a922774-IMG_8817.jpeg|https://ujfuxpqefdvwyjjwcpdu.supabase.co/storage/v1/object/public/car-images/4e6c3b43-97a7-47a1-9c20-555136b7ff68-IMG_8816.jpeg|https://ujfuxpqefdvwyjjwcpdu.supabase.co/storage/v1/object/public/car-images/dbdb0c02-9ff7-47d1-ac0c-ec5f17c2383e-IMG_8826.jpeg|https://ujfuxpqefdvwyjjwcpdu.supabase.co/storage/v1/object/public/car-images/b6c6e637-34ca-4a06-9799-694ebc59706d-IMG_8825.jpeg|https://ujfuxpqefdvwyjjwcpdu.supabase.co/storage/v1/object/public/car-images/feb5b702-977d-4011-a346-c9180953720b-IMG_8827.jpeg|https://ujfuxpqefdvwyjjwcpdu.supabase.co/storage/v1/object/public/car-images/df8a016b-359b-453c-ad1c-867ddf4ad866-IMG_8832.jpeg|https://ujfuxpqefdvwyjjwcpdu.supabase.co/storage/v1/object/public/car-images/0dcc9693-4515-4905-b985-3ecb18b8d5cd-IMG_8831.jpeg|https://ujfuxpqefdvwyjjwcpdu.supabase.co/storage/v1/object/public/car-images/8a841060-1adc-4aab-a48b-71978fe8b85d-IMG_8830.jpeg|https://ujfuxpqefdvwyjjwcpdu.supabase.co/storage/v1/object/public/car-images/e87cd7a6-8c0f-464a-9f93-46baa565db0c-IMG_8829.jpeg|https://ujfuxpqefdvwyjjwcpdu.supabase.co/storage/v1/object/public/car-images/5f495cee-e174-4c2d-b8bd-9d15a273d217-IMG_8824.jpeg|https://ujfuxpqefdvwyjjwcpdu.supabase.co/storage/v1/object/public/car-images/c448969a-048d-47f4-921a-03a0f3dbb678-IMG_8823.jpeg|https://ujfuxpqefdvwyjjwcpdu.supabase.co/storage/v1/object/public/car-images/51b70411-4d91-4f10-85b8-caf90c806cae-IMG_8822.jpeg|https://ujfuxpqefdvwyjjwcpdu.supabase.co/storage/v1/object/public/car-images/fb5895d8-38a1-4543-9229-df35e799cd86-IMG_8821.jpeg|https://ujfuxpqefdvwyjjwcpdu.supabase.co/storage/v1/object/public/car-images/c904beb7-21a8-4056-b3c4-caf52c8753a0-IMG_8820.jpeg|https://ujfuxpqefdvwyjjwcpdu.supabase.co/storage/v1/object/public/car-images/da8ec380-5398-47e0-be35-32cad50ad3a5-IMG_8819.jpeg|https://ujfuxpqefdvwyjjwcpdu.supabase.co/storage/v1/object/public/car-images/ee09dd78-1f71-4557-9429-457654e7536a-IMG_8818.jpeg,90-Day Warranty,false,false
2021,Toyota,Corolla LE,,,5000,600,50000,Excellent,Gasoline,Automatic,,,,5YFEPMAE8MP258586,"This 2021 Toyota Corolla LE is a smart, fuel-efficient sedan that offers comfort, reliability, and modern tech — all at a great price. With just 50,000 miles and a clean title, it drives like new and is ready for the road.

Whether you’re a first-time buyer or looking for a dependable upgrade, this Corolla delivers excellent value, low maintenance costs, and Toyota’s legendary durability.

Clean, well-maintained, and loaded with features like CarPlay, Android Auto, Premium Sound, Rear Camera, and Navigation, it’s the perfect everyday car you can count on.",Title: Clean|Mileage: 50|000 miles|Number of Owners: 1|Paid Off: Yes|Strong engine and smooth automatic transmission|Cold A/C ❄️ and hot heat|New battery|New tires 🛞 with stylish 17” wheels|Apple CarPlay & Android Auto|Navigation system|Premium sound system|Rearview camera|Very clean inside and out|No significant damage or mechanical issues|Well-maintained with only 50K miles,https://ujfuxpqefdvwyjjwcpdu.supabase.co/storage/v1/object/public/car-images/91f4e699-a6df-45fd-adfa-6235933b7a77-IMG_8838.jpeg|https://ujfuxpqefdvwyjjwcpdu.supabase.co/storage/v1/object/public/car-images/b351cf62-aede-46e3-99aa-38502d1fa48b-IMG_8839.jpeg|https://ujfuxpqefdvwyjjwcpdu.supabase.co/storage/v1/object/public/car-images/44fbb049-bd54-4764-9436-3ef118495ce5-IMG_8840.jpeg|https://ujfuxpqefdvwyjjwcpdu.supabase.co/storage/v1/object/public/car-images/210d701e-d9dc-42b4-a357-b60772ef357d-IMG_8841.jpeg|https://ujfuxpqefdvwyjjwcpdu.supabase.co/storage/v1/object/public/car-images/238037c3-ac2a-4dc7-9b5d-e43a2dcca864-IMG_8842.jpeg|https://ujfuxpqefdvwyjjwcpdu.supabase.co/storage/v1/object/public/car-images/69d2f236-3398-4b8a-9134-4da11a84ba27-IMG_8843.jpeg|https://ujfuxpqefdvwyjjwcpdu.supabase.co/storage/v1/object/public/car-images/da38f347-f9ae-4f5c-8d8e-208abc742b10-IMG_8844.jpeg|https://ujfuxpqefdvwyjjwcpdu.supabase.co/storage/v1/object/public/car-images/94cf7709-12a8-4828-bbef-1f55336a20a9-IMG_8845.jpeg|https://ujfuxpqefdvwyjjwcpdu.supabase.co/storage/v1/object/public/car-images/f00673af-fadf-4810-ac1f-e66688891f17-IMG_8846.jpeg|https://ujfuxpqefdvwyjjwcpdu.supabase.co/storage/v1/object/public/car-images/b03c704a-dc92-4f62-95d8-a001b352e775-IMG_8847.jpeg|https://ujfuxpqefdvwyjjwcpdu.supabase.co/storage/v1/object/public/car-images/3ae46672-f8c0-40a4-b76b-18fd0097aa6c-IMG_8848.jpeg|https://ujfuxpqefdvwyjjwcpdu.supabase.co/storage/v1/object/public/car-images/73fe2a14-f142-4268-a880-e7cf115b9876-IMG_8849.jpeg|https://ujfuxpqefdvwyjjwcpdu.supabase.co/storage/v1/object/public/car-images/fa5aa0f7-0c91-4a82-b76a-01236fd1b877-IMG_8850.jpeg|https://ujfuxpqefdvwyjjwcpdu.supabase.co/storage/v1/object/public/car-images/7d44be2a-266e-4815-8b65-3a97aa632431-IMG_8851.jpeg|https://ujfuxpqefdvwyjjwcpdu.supabase.co/storage/v1/object/public/car-images/0b1e3ac6-5436-4a05-bcf8-9007e9fa285b-IMG_8852.jpeg|https://ujfuxpqefdvwyjjwcpdu.supabase.co/storage/v1/object/public/car-images/46097eca-7cf6-45fd-b879-89d9227f7a62-IMG_8855.jpeg|https://ujfuxpqefdvwyjjwcpdu.supabase.co/storage/v1/object/public/car-images/29514e92-b540-4fbb-8c0a-0d5365fc7006-IMG_8854.jpeg|https://ujfuxpqefdvwyjjwcpdu.supabase.co/storage/v1/object/public/car-images/aea21e99-25ce-4840-b4a6-7aca61fabfe6-IMG_8856.jpeg|https://ujfuxpqefdvwyjjwcpdu.supabase.co/storage/v1/object/public/car-images/eb766239-6a99-4e6e-b3d0-25dd70db4ac2-IMG_8853.jpeg,90-Day Warranty,false,false
2023,Nissan,Rogue SL AWD ,,,12000,800,43000,Good,Gasoline,Automatic,AWD – All-Wheel Drive,,,JN8BT3CB3PW195201,"This 2023 Nissan Rogue SL AWD is practically brand new with just 43,000 miles. Fully loaded with advanced safety tech, premium comfort features, and AWD for all-season confidence. It drives perfectly, needs no service, and is ready to go.

🛠️ The vehicle holds a rebuilt title due to minor bumper damage, professionally repaired with no airbags deployed. Documentation and photos are available for serious buyers.",Title: Rebuilt (Minor bumper damage – professionally repaired)|No airbags deployed|Full Lane Keep Assist Package|Bird’s Eye View Camera|Leather Interior|Automatic Tailgate / Power Tailgate|Panoramic Sunroof|Adaptive Cruise Control|Blind Spot Monitoring|Emergency Braking System|Rear Door Sunshades|Auto Brake Hold Feature|Remote Start|Keyless Entry & Push Start|Apple CarPlay & Android Auto|Power Front Seats|Heated Seats & Steering Wheel|Touchscreen Display + Backup Camera|Dual-Zone Climate ControlI’m,https://ujfuxpqefdvwyjjwcpdu.supabase.co/storage/v1/object/public/car-images/c218cefa-c397-4e0c-8a33-e91d6804a561-IMG_8864.jpeg|https://ujfuxpqefdvwyjjwcpdu.supabase.co/storage/v1/object/public/car-images/57faf30f-6898-4baf-9991-5d24c483bb5f-IMG_8862.jpeg|https://ujfuxpqefdvwyjjwcpdu.supabase.co/storage/v1/object/public/car-images/c7e9d245-a793-416e-b860-332f0da4fdd9-IMG_8863.jpeg|https://ujfuxpqefdvwyjjwcpdu.supabase.co/storage/v1/object/public/car-images/e6fda06a-6107-4499-a106-8596993ef8c1-IMG_8865.jpeg|https://ujfuxpqefdvwyjjwcpdu.supabase.co/storage/v1/object/public/car-images/02d24e9c-ff68-48b3-abf0-0a453b9f0ea1-IMG_8866.jpeg|https://ujfuxpqefdvwyjjwcpdu.supabase.co/storage/v1/object/public/car-images/8cd360b1-633e-4afc-bfe7-db167d760d26-IMG_8868.jpeg|https://ujfuxpqefdvwyjjwcpdu.supabase.co/storage/v1/object/public/car-images/4f8b48e8-d3f7-461f-9ddd-218a4de03d4f-IMG_8869.jpeg|https://ujfuxpqefdvwyjjwcpdu.supabase.co/storage/v1/object/public/car-images/fb95d296-0c20-45db-9753-259a0ffb6bee-IMG_8870.jpeg|https://ujfuxpqefdvwyjjwcpdu.supabase.co/storage/v1/object/public/car-images/82d9af76-a3fd-4cd6-b8b9-da4e26378d63-IMG_8871.jpeg|https://ujfuxpqefdvwyjjwcpdu.supabase.co/storage/v1/object/public/car-images/8f67c54f-433e-4cc3-a247-71169eee920c-IMG_8872.jpeg|https://ujfuxpqefdvwyjjwcpdu.supabase.co/storage/v1/object/public/car-images/953fbc9e-ddf7-406e-946e-31aacd3d2f5e-IMG_8873.jpeg|https://ujfuxpqefdvwyjjwcpdu.supabase.co/storage/v1/object/public/car-images/2dfbd40c-4c5b-4a10-ba51-24d04fb0e622-IMG_8874.jpeg|https://ujfuxpqefdvwyjjwcpdu.supabase.co/storage/v1/object/public/car-images/c1a538e1-dbcf-412d-a628-2e8df694337b-IMG_8875.jpeg|https://ujfuxpqefdvwyjjwcpdu.supabase.co/storage/v1/object/public/car-images/f0919700-f5d2-48bd-8869-593f7489ec51-IMG_8876.jpeg|https://ujfuxpqefdvwyjjwcpdu.supabase.co/storage/v1/object/public/car-images/80622949-b425-4e20-ab7e-39f8e3687e39-IMG_8877.jpeg|https://ujfuxpqefdvwyjjwcpdu.supabase.co/storage/v1/object/public/car-images/b8728b09-2fb0-4abb-948d-f1c7d13a624c-IMG_8878.jpeg|https://ujfuxpqefdvwyjjwcpdu.supabase.co/storage/v1/object/public/car-images/39958333-56b5-490d-8e47-92e88f793d17-IMG_8879.jpeg|https://ujfuxpqefdvwyjjwcpdu.supabase.co/storage/v1/object/public/car-images/308ba548-8050-4bed-931e-7c4688acf42c-IMG_8880.jpeg|https://ujfuxpqefdvwyjjwcpdu.supabase.co/storage/v1/object/public/car-images/ddcaa7d6-e508-4109-9016-eaf23a8b0f9a-IMG_8881.jpeg|https://ujfuxpqefdvwyjjwcpdu.supabase.co/storage/v1/object/public/car-images/219d96f7-95ec-424a-994b-d833c5440d0c-IMG_8882.jpeg,90-Day Warranty,false,false
2025,Honda,Civic Sport,Sport Sedan 4D,,13000,800,1000,Excellent,Gasoline,Automatic,,Grey,Black,2HGFE2F5XSH561073,"Like-New 2025 Honda Civic – Loaded, Reliable, and Ready to Drive!
This 2025 Honda Civic Sport has just 1,000 original miles — it’s practically brand new! It offers sharp styling, a smooth automatic transmission, and excellent fuel efficiency. A perfect blend of sporty looks and everyday practicality.

Rebuilt title, one owner, fully paid off — no issues, just value.",Title: Rebuilt|Is it Paid Off? Yes|2.0L 4-cylinder engine|Automatic CVT transmission|Front-Wheel Drive (FWD)|Eco Assist™ System|Sport drive mode|Honda Sensing® Safety Suite:|Collision Mitigation Braking System™ (CMBS™)|Lane Keeping Assist System (LKAS)|Road Departure Mitigation (RDM)|Adaptive Cruise Control (ACC)|Multi-angle rearview camera|Stability & traction control|Advanced airbag system|5/5 NHTSA safety rating (expected)|7” touchscreen display|Apple CarPlay® & Android Auto™|Bluetooth® with audio streaming|USB audio port|Push-button start|Remote keyless entry|Steering wheel audio & cruise controls|Sport cloth seats with contrast stitching|Leather-wrapped steering wheel & shift knob|Automatic climate control|Folding rear seats|Spacious trunk,https://ujfuxpqefdvwyjjwcpdu.supabase.co/storage/v1/object/public/car-images/9ceb6e6f-1331-4ee1-af0c-34a115b298d2-IMG_8980.jpeg|https://ujfuxpqefdvwyjjwcpdu.supabase.co/storage/v1/object/public/car-images/770299e5-a708-469f-ad2f-859478e4ce5b-IMG_8981.jpeg|https://ujfuxpqefdvwyjjwcpdu.supabase.co/storage/v1/object/public/car-images/7a71dc72-9cc8-40f2-9b4b-191063626879-IMG_8982.jpeg|https://ujfuxpqefdvwyjjwcpdu.supabase.co/storage/v1/object/public/car-images/0a4b2984-9259-4b17-b858-9b27295fd8b2-IMG_8977.jpeg|https://ujfuxpqefdvwyjjwcpdu.supabase.co/storage/v1/object/public/car-images/99525745-1c84-4e44-93e9-5179a65dc5e2-IMG_8979.jpeg|https://ujfuxpqefdvwyjjwcpdu.supabase.co/storage/v1/object/public/car-images/fe5575e4-a21e-4af8-96f7-91735716c46b-IMG_8978.jpeg|https://ujfuxpqefdvwyjjwcpdu.supabase.co/storage/v1/object/public/car-images/b5551f8e-e7fa-48fc-af49-88ea4d755371-IMG_8976.jpeg|https://ujfuxpqefdvwyjjwcpdu.supabase.co/storage/v1/object/public/car-images/56a7ec45-4123-43dd-9dd5-5636f61abc05-IMG_8975.jpeg|https://ujfuxpqefdvwyjjwcpdu.supabase.co/storage/v1/object/public/car-images/f588c3ce-2d77-48a9-b140-f6548f913494-IMG_8974.jpeg|https://ujfuxpqefdvwyjjwcpdu.supabase.co/storage/v1/object/public/car-images/f071fdf6-3616-4295-bc9d-a793661a4fbb-IMG_8973.jpeg|https://ujfuxpqefdvwyjjwcpdu.supabase.co/storage/v1/object/public/car-images/b298d8fb-0f70-45b4-a686-163591351827-IMG_8984.jpeg|https://ujfuxpqefdvwyjjwcpdu.supabase.co/storage/v1/object/public/car-images/8f692ea0-e13d-49a8-aa7d-9ccdc04e4793-IMG_8983.jpeg|https://ujfuxpqefdvwyjjwcpdu.supabase.co/storage/v1/object/public/car-images/f76ff458-9eb5-4ebd-b02e-73559e6329b0-IMG_8967.jpeg|https://ujfuxpqefdvwyjjwcpdu.supabase.co/storage/v1/object/public/car-images/1104f6ed-6e3f-48c5-aa0a-974be20b4fac-IMG_8968.jpeg|https://ujfuxpqefdvwyjjwcpdu.supabase.co/storage/v1/object/public/car-images/89ae8a4c-a3e2-462c-b88d-392bb61f31e4-IMG_8970.jpeg|https://ujfuxpqefdvwyjjwcpdu.supabase.co/storage/v1/object/public/car-images/56431981-6774-4b01-a646-30d48f83aefd-IMG_8971.jpeg|https://ujfuxpqefdvwyjjwcpdu.supabase.co/storage/v1/object/public/car-images/5c7c737b-7a90-47c2-a318-6b8c43a7cc0f-IMG_8972.jpeg|https://ujfuxpqefdvwyjjwcpdu.supabase.co/storage/v1/object/public/car-images/b2a0e74c-b12e-4914-9997-d249e0de4503-IMG_8969.jpeg,90-Day Warranty,false,false
2016,Lexus,ES 350 ,,,8000,600,125000,Very Good,Gasoline,Automatic,,black,Brown & Beige Two-Tone,JTHBK1GG4G2211727,"This 2016 Lexus ES 350 is a luxury midsize sedan that blends comfort, performance, and reliability. With only 125,000 miles, this vehicle has been dealer-maintained by Lexus and comes with a clean title and a clean Carfax — no accidents or issues. It’s in excellent mechanical and cosmetic condition, recently serviced with a fresh oil change, new brakes, and new tires, so it’s fully ready for the road.

The interior features a sophisticated brown and beige two-tone leather finish, giving it a premium and stylish feel. Whether you’re commuting daily or going on long drives, this Lexus offers a quiet, smooth, and luxurious driving experience.",Title: Clean|3.5L V6 Engine – smooth and powerful|6-Speed Automatic Trade nsmission|Leather Interior – premium brown & beige two-tone|Power Front Seats with Memory Settings|Heated & Ventilated Front Seats|Dual-Zone Automatic Climate Control|Sunroof / Moonroof|Bluetooth Connectivity|Backup Camera|Premium Sound System|Push Button Start|Keyless Entry|Cruise Control|Alloy Wheels|New Tires & Brakes|Fresh Oil Change & Full Detail,https://ujfuxpqefdvwyjjwcpdu.supabase.co/storage/v1/object/public/car-images/6b8ce644-cf54-4f0d-b559-e5751e982e06-IMG_9020.jpeg|https://ujfuxpqefdvwyjjwcpdu.supabase.co/storage/v1/object/public/car-images/1f781e7d-a29f-4afd-95ac-6796c1145310-IMG_9019.jpeg|https://ujfuxpqefdvwyjjwcpdu.supabase.co/storage/v1/object/public/car-images/514d4f86-c7f3-4611-ac4d-81a7247f17f3-IMG_9018.jpeg|https://ujfuxpqefdvwyjjwcpdu.supabase.co/storage/v1/object/public/car-images/7aaeb010-f567-4959-b6e0-f84fb5bfb694-IMG_9017.jpeg|https://ujfuxpqefdvwyjjwcpdu.supabase.co/storage/v1/object/public/car-images/f797525a-e5cb-4c11-82ed-3155624d55b9-IMG_9015.jpeg|https://ujfuxpqefdvwyjjwcpdu.supabase.co/storage/v1/object/public/car-images/69c8052b-d62f-4b5a-9ff9-4b87350ced5b-IMG_9016.jpeg|https://ujfuxpqefdvwyjjwcpdu.supabase.co/storage/v1/object/public/car-images/95e17038-f815-4e12-b19a-0b38770cd599-IMG_9013.jpeg|https://ujfuxpqefdvwyjjwcpdu.supabase.co/storage/v1/object/public/car-images/6530cd5a-d066-4f73-ad8d-97dadd464c9f-IMG_9014.jpeg|https://ujfuxpqefdvwyjjwcpdu.supabase.co/storage/v1/object/public/car-images/8bd7cec1-a48e-40ac-b8d6-01846449da36-IMG_9030.jpeg|https://ujfuxpqefdvwyjjwcpdu.supabase.co/storage/v1/object/public/car-images/3b78c214-e781-4d76-b555-ff8ddc4d8a48-IMG_9027.jpeg|https://ujfuxpqefdvwyjjwcpdu.supabase.co/storage/v1/object/public/car-images/d8858846-7577-4373-9290-f5a15dfa6c86-IMG_9028.jpeg|https://ujfuxpqefdvwyjjwcpdu.supabase.co/storage/v1/object/public/car-images/b24483d0-bc96-4fea-b5f3-8f9a78867044-IMG_9029.jpeg|https://ujfuxpqefdvwyjjwcpdu.supabase.co/storage/v1/object/public/car-images/452491d5-087f-4b38-9145-9786c6755545-IMG_9026.jpeg|https://ujfuxpqefdvwyjjwcpdu.supabase.co/storage/v1/object/public/car-images/7d07b035-0a33-4036-9ef1-5acf4900a762-IMG_9025.jpeg|https://ujfuxpqefdvwyjjwcpdu.supabase.co/storage/v1/object/public/car-images/fbe5a5c3-0204-42db-b714-7c72f3257c0f-IMG_9023.jpeg|https://ujfuxpqefdvwyjjwcpdu.supabase.co/storage/v1/object/public/car-images/6766b828-6109-433f-a28b-d5250e99a974-IMG_9024.jpeg|https://ujfuxpqefdvwyjjwcpdu.supabase.co/storage/v1/object/public/car-images/4ea0702b-b92a-45e6-b4ba-ec1a84d3100b-IMG_9022.jpeg|https://ujfuxpqefdvwyjjwcpdu.supabase.co/storage/v1/object/public/car-images/95c77afc-641d-465f-a945-65557d23357b-IMG_9021.jpeg,90-Day Warranty,false,false
2023,Nissan,Sentra SR Sedan 4D,,Sedan,10000,800,21000,Excellent,Gasoline,Automatic,,,,3N1AB8DV4PY277885,"This 2023 Nissan Sentra SR is a sleek, fuel-efficient, and dependable sedan with sporty styling and premium features. With just 21,000 miles, it drives like new and has been very well maintained.

✅ Clean title
✅ No significant damage or issues
✅ Excellent condition inside and out
✅ Smooth automatic transmission
✅ Reliable and economical daily driver

Whether you’re looking for your first car or upgrading your current ride, this Sentra offers outstanding value and peace of mind.",2.0L 4-cylinder engine – great balance of power and fuel economy|CVT automatic transmission for a smooth ride|Front-wheel drive (FWD)|Excellent gas mileage — up to 39 MPG highway|Clean Title – No Accidents – Excellent Condition|Sporty SR trim styling|LED headlights & LED daytime running lights|Dark chrome V-Motion grille|18” alloy wheels|Rear spoiler|Heated side mirrors with turn signals|Remote keyless entry & push-button start|Premium cloth or optional sport leatherette seats|Heated front seats|Dual-zone automatic climate control|6-way adjustable driver’s seat|Flat-bottom sport steering wheel|8” touchscreen infotainment system|Apple CarPlay® & Android Auto™|Bluetooth® hands-free & USB ports|Nissan Safety Shield® 360|including: Automatic Emergency Braking with Pedestrian Detection|Blind Spot Warning|Rear Cross Traffic Alert|Lane Departure Warning|Rear Automatic Braking|High Beam Assist|Rearview backup camera|Adaptive cruise control (available on SR trim),https://ujfuxpqefdvwyjjwcpdu.supabase.co/storage/v1/object/public/car-images/9e1d2d73-4ada-4b87-9f8e-0cbe572c99b6-IMG_9039.jpeg|https://ujfuxpqefdvwyjjwcpdu.supabase.co/storage/v1/object/public/car-images/624e0ab7-5146-405d-8406-4a05d9015408-IMG_9038.jpeg|https://ujfuxpqefdvwyjjwcpdu.supabase.co/storage/v1/object/public/car-images/65f196dc-7b13-44d1-b0cb-f7bea1ba5460-IMG_9040.jpeg|https://ujfuxpqefdvwyjjwcpdu.supabase.co/storage/v1/object/public/car-images/e2995c14-9d63-4310-9607-077e048b6820-IMG_9041.jpeg|https://ujfuxpqefdvwyjjwcpdu.supabase.co/storage/v1/object/public/car-images/fcd069bb-1ec4-47bd-a0c2-0744589f15cb-IMG_9042.jpeg|https://ujfuxpqefdvwyjjwcpdu.supabase.co/storage/v1/object/public/car-images/fa169fef-cd47-4a12-a2ec-b4ebc67d9ee0-IMG_9043.jpeg|https://ujfuxpqefdvwyjjwcpdu.supabase.co/storage/v1/object/public/car-images/2d1465db-19eb-4950-a0db-02f68a8e4ed5-IMG_9044.jpeg|https://ujfuxpqefdvwyjjwcpdu.supabase.co/storage/v1/object/public/car-images/51354ec9-bc29-4481-878c-aea87c9ad66f-IMG_9045.jpeg|https://ujfuxpqefdvwyjjwcpdu.supabase.co/storage/v1/object/public/car-images/0a50b8a6-eed5-4504-a7b1-11b5cdb112ff-IMG_9047.jpeg|https://ujfuxpqefdvwyjjwcpdu.supabase.co/storage/v1/object/public/car-images/74736c59-02e4-467a-bc74-5fb630dd2457-IMG_9048.jpeg|https://ujfuxpqefdvwyjjwcpdu.supabase.co/storage/v1/object/public/car-images/8a709861-f8b3-4c4e-a8f6-6551b0b1efa0-IMG_9049.jpeg|https://ujfuxpqefdvwyjjwcpdu.supabase.co/storage/v1/object/public/car-images/f2d8d041-efce-429a-badc-f12a72c5d0c6-IMG_9050.jpeg|https://ujfuxpqefdvwyjjwcpdu.supabase.co/storage/v1/object/public/car-images/fa616288-c739-408f-a589-df082178615d-IMG_9052.jpeg|https://ujfuxpqefdvwyjjwcpdu.supabase.co/storage/v1/object/public/car-images/6426527c-2faa-4800-bb97-25de3a2ab950-IMG_9051.jpeg|https://ujfuxpqefdvwyjjwcpdu.supabase.co/storage/v1/object/public/car-images/7042e2bf-29a2-4902-a867-af31377296c3-IMG_9053.jpeg|https://ujfuxpqefdvwyjjwcpdu.supabase.co/storage/v1/object/public/car-images/7c2d5f0a-e0bd-4d0f-917b-7b60a5ce417d-IMG_9054.jpeg|https://ujfuxpqefdvwyjjwcpdu.supabase.co/storage/v1/object/public/car-images/1b3fbd5d-461c-455e-93f3-f5f2f59bfb29-IMG_9055.jpeg|https://ujfuxpqefdvwyjjwcpdu.supabase.co/storage/v1/object/public/car-images/a40f1f5c-cac4-4ca7-a0e9-d15cf85f270c-IMG_9056.jpeg|https://ujfuxpqefdvwyjjwcpdu.supabase.co/storage/v1/object/public/car-images/02303a61-f8d6-4d05-a0a0-dcd9d30b17f5-IMG_9057.jpeg|https://ujfuxpqefdvwyjjwcpdu.supabase.co/storage/v1/object/public/car-images/aaadf647-ee2e-45b5-a9b7-87cddc5999d0-IMG_9046.jpeg,90-Day Warranty,false,false
2018,Toyota,Camry LE,,,9000,800,100242,Excellent,Gasoline,Automatic,Front-Wheel Drive (FWD),Red,Black,4T1B11HK4JU503862,"This 2018 Toyota Camry LE offers a perfect combination of reliability, fuel efficiency, and comfort. It’s equipped with Toyota’s proven engineering and advanced safety features, making it an ideal daily driver or family sedan.",Clean Title – No Accidents – Excellent Condition|Engine: 2.5L 4-Cylinder – Great on Gas|Toyota Safety Sense™ (Pre-Collision System|Lane Departure Alert|Adaptive Cruise Control|and more)|Backup Camera|Bluetooth Connectivity|Touchscreen Infotainment System|Keyless Entry|Power Driver Seat|LED Daytime Running Lights|Smooth and fuel-efficient 4-cylinder engine|Spacious|comfortable interior|Cold A/C and hot heat,https://ujfuxpqefdvwyjjwcpdu.supabase.co/storage/v1/object/public/car-images/f939db7f-b1e6-438b-9d6f-beb03ceb36d2-IMG_9066.jpeg|https://ujfuxpqefdvwyjjwcpdu.supabase.co/storage/v1/object/public/car-images/90a2eb52-2354-4717-b0fc-38ca37ebdecf-IMG_9062.jpeg|https://ujfuxpqefdvwyjjwcpdu.supabase.co/storage/v1/object/public/car-images/b300c2f6-22ae-48c6-b979-6336f48ae324-IMG_9063.jpeg|https://ujfuxpqefdvwyjjwcpdu.supabase.co/storage/v1/object/public/car-images/8c3d8266-f649-4d9e-8fde-7846d5bf940f-IMG_9065.jpeg|https://ujfuxpqefdvwyjjwcpdu.supabase.co/storage/v1/object/public/car-images/80de80d4-a6c9-46a1-bbc3-4cc142ba9e6d-IMG_9061.jpeg|https://ujfuxpqefdvwyjjwcpdu.supabase.co/storage/v1/object/public/car-images/6e60c6a8-03ae-4a32-bf58-f1dd26c516ca-IMG_9064.jpeg|https://ujfuxpqefdvwyjjwcpdu.supabase.co/storage/v1/object/public/car-images/ed06416d-57b1-4ee0-ad2b-5745a6b4aea8-IMG_9060.jpeg|https://ujfuxpqefdvwyjjwcpdu.supabase.co/storage/v1/object/public/car-images/a2f47fa4-374b-4ed9-983c-c0ae101fbb70-IMG_9059.jpeg|https://ujfuxpqefdvwyjjwcpdu.supabase.co/storage/v1/object/public/car-images/ec13db89-c1c4-488d-97a6-22514f3d6f77-IMG_9070.jpeg|https://ujfuxpqefdvwyjjwcpdu.supabase.co/storage/v1/object/public/car-images/fd627064-a00a-4454-b6ad-8279e98af0c0-IMG_9067.jpeg|https://ujfuxpqefdvwyjjwcpdu.supabase.co/storage/v1/object/public/car-images/2b3fc2ee-111e-4321-8fd1-2ef7e7793181-IMG_9069.jpeg|https://ujfuxpqefdvwyjjwcpdu.supabase.co/storage/v1/object/public/car-images/8be5a6e0-3e71-44e8-9c15-a8ec81c84a89-IMG_9068.jpeg|https://ujfuxpqefdvwyjjwcpdu.supabase.co/storage/v1/object/public/car-images/6d0d9b68-5cd8-4d23-a77d-3631baf5a2e4-IMG_9071.jpeg,90-Day Warranty,false,false
2017,Toyota Highlander,XLE Sport Utility 4D,XLE Sport Utility 4D,,10000,800,146296,Good,Gasoline,Automatic,Front-Wheel Drive (FWD),White,Tan,5TDKZRFH1HS216965,"This Highlander is in excellent shape both inside and out. It drives smoothly with no mechanical issues, and it’s been well maintained. Clean title, no accidents, and it’s already paid off.",Engine: V6|Fuel Economy: 20 MPG City / 27 MPG Hwy / 23 MPG Combined|Seats: 8-passenger 3-row seating|Safety Rating: 5/5 (NHTSA)|XLE Trim – Fully Loaded|1 Owner Vehicle|Blind Spot Monitor|Backup Camera|Heated Leather Seats|Power Sunroof|Touchscreen Display with Navigation|Bluetooth & USB Connectivity|Push Button Start & Keyless Entry|Tri-Zone Automatic Climate Control|Power Liftgate|Roof Rails|3rd Row Seating – Seats up to 8|Alloy Wheels,https://ujfuxpqefdvwyjjwcpdu.supabase.co/storage/v1/object/public/car-images/14449ffe-ce4f-471b-9f6d-48f8bd23daf4-IMG_9110.jpeg|https://ujfuxpqefdvwyjjwcpdu.supabase.co/storage/v1/object/public/car-images/3e078a16-6b4b-4163-89e1-45ac1adffcbc-IMG_9109.jpeg|https://ujfuxpqefdvwyjjwcpdu.supabase.co/storage/v1/object/public/car-images/f3b2c154-a656-4288-bb3a-eef068cb7a65-IMG_9111.jpeg|https://ujfuxpqefdvwyjjwcpdu.supabase.co/storage/v1/object/public/car-images/0e95f217-b600-4871-89e0-474c8c4aaf38-IMG_9112.jpeg|https://ujfuxpqefdvwyjjwcpdu.supabase.co/storage/v1/object/public/car-images/c3d1b0a8-3a81-49e9-8e60-f80bd0c9ec5b-IMG_9113.jpeg|https://ujfuxpqefdvwyjjwcpdu.supabase.co/storage/v1/object/public/car-images/87177e61-83de-4392-991d-3efc4aa383cb-IMG_9114.jpeg|https://ujfuxpqefdvwyjjwcpdu.supabase.co/storage/v1/object/public/car-images/8303c3f3-ca5c-421b-80c9-5aa583f301cc-IMG_9115.jpeg|https://ujfuxpqefdvwyjjwcpdu.supabase.co/storage/v1/object/public/car-images/e79e878b-8d96-4b0f-a5ba-f3009c3675ed-IMG_9116.jpeg|https://ujfuxpqefdvwyjjwcpdu.supabase.co/storage/v1/object/public/car-images/ca91f39d-169e-4eed-9641-f4e17aec6df6-IMG_9117.jpeg|https://ujfuxpqefdvwyjjwcpdu.supabase.co/storage/v1/object/public/car-images/c7b94f74-d68b-4da6-bca7-b1314930a59a-IMG_9118.jpeg|https://ujfuxpqefdvwyjjwcpdu.supabase.co/storage/v1/object/public/car-images/fb38581c-4a65-4d6e-9c58-381489246b60-IMG_9119.jpeg|https://ujfuxpqefdvwyjjwcpdu.supabase.co/storage/v1/object/public/car-images/9c27e564-7d7d-4f3e-beae-a24b78540170-IMG_9120.jpeg|https://ujfuxpqefdvwyjjwcpdu.supabase.co/storage/v1/object/public/car-images/db80955f-4250-4694-9be1-0f820430d0cc-IMG_9121.jpeg|https://ujfuxpqefdvwyjjwcpdu.supabase.co/storage/v1/object/public/car-images/dc0ac7c5-2e5c-41f2-b603-f233db560dbe-IMG_9122.jpeg|https://ujfuxpqefdvwyjjwcpdu.supabase.co/storage/v1/object/public/car-images/bb5aab72-7c86-47c8-abc6-f393cebaf976-IMG_9123.jpeg|https://ujfuxpqefdvwyjjwcpdu.supabase.co/storage/v1/object/public/car-images/14b86045-d2ac-4532-8b81-561bc3227e8a-IMG_9124.jpeg|https://ujfuxpqefdvwyjjwcpdu.supabase.co/storage/v1/object/public/car-images/aa3e4184-5834-4d65-88b7-76230d6293bd-IMG_9125.jpeg|https://ujfuxpqefdvwyjjwcpdu.supabase.co/storage/v1/object/public/car-images/8f168829-4691-49d7-bf3c-44a57807ab5a-IMG_9126.jpeg,90-Day Warranty,false,false
2024,Honda,Civic Sport ,Sport Sedan 4D,,12000,800,12000,Excellent,Gasoline,Automatic,,Blue,Grey,19XFL2H88RE022081,"This 2024 Honda Civic Sport is in like-new condition inside and out. With only 12,000 miles, a clean title, and no issues, it’s a perfect choice for someone seeking reliability, style, and top-tier efficiency.",Clean Title – 1 Owner – Excellent Condition|Engine: 2.0L 4-Cylinder – Fuel Efficient & Responsive|Title: Clean|Number of Owners: 1|Is it Paid Off: Yes|Sport Trim Package with black exterior accents|Apple CarPlay® & Android Auto™|Rearview Backup Camera|Push-Button Start|Bluetooth Audio & Hands-Free Calling|16” Alloy Wheels|Excellent Fuel Efficiency (Up to 37+ MPG highway)|Modern|Comfortable Interior|Advanced Safety Features (Collision Mitigation Braking|Lane Keep Assist|Adaptive Cruise Control),https://ujfuxpqefdvwyjjwcpdu.supabase.co/storage/v1/object/public/car-images/78722281-08bf-4664-a19a-fe6bb0aaabce-IMG_9157.jpeg|https://ujfuxpqefdvwyjjwcpdu.supabase.co/storage/v1/object/public/car-images/fd759d90-010d-41e3-b3d6-2a18b38c94b8-IMG_9158.jpeg|https://ujfuxpqefdvwyjjwcpdu.supabase.co/storage/v1/object/public/car-images/66ec2087-ee99-4dfd-9eef-8223acfdc6e4-IMG_9159.jpeg|https://ujfuxpqefdvwyjjwcpdu.supabase.co/storage/v1/object/public/car-images/48879fa1-3871-43d3-873b-c5b3cc500fc1-IMG_9160.jpeg|https://ujfuxpqefdvwyjjwcpdu.supabase.co/storage/v1/object/public/car-images/eee0fb87-b901-484e-8ae8-aa48a2e25201-IMG_9161.jpeg|https://ujfuxpqefdvwyjjwcpdu.supabase.co/storage/v1/object/public/car-images/fad4d669-c966-4243-863c-f99338b159e8-IMG_9162.jpeg|https://ujfuxpqefdvwyjjwcpdu.supabase.co/storage/v1/object/public/car-images/41ee8a4e-7857-4fc6-89be-ab0b2367e531-IMG_9163.jpeg|https://ujfuxpqefdvwyjjwcpdu.supabase.co/storage/v1/object/public/car-images/9b66df48-f18c-4320-900a-c4a1584d33f1-IMG_9164.jpeg|https://ujfuxpqefdvwyjjwcpdu.supabase.co/storage/v1/object/public/car-images/c3d7f8c6-50de-4056-9856-f89ae8e099c2-IMG_9165.jpeg|https://ujfuxpqefdvwyjjwcpdu.supabase.co/storage/v1/object/public/car-images/5e1b0e66-29b5-4fad-84b4-7b56e6b986a0-IMG_9166.jpeg|https://ujfuxpqefdvwyjjwcpdu.supabase.co/storage/v1/object/public/car-images/0dc8cc33-fece-48be-9e09-ee1e635c9362-IMG_9167.jpeg|https://ujfuxpqefdvwyjjwcpdu.supabase.co/storage/v1/object/public/car-images/cf562b00-f84a-4390-b28e-65f345269f4d-IMG_9168.jpeg|https://ujfuxpqefdvwyjjwcpdu.supabase.co/storage/v1/object/public/car-images/7220df85-61b6-4386-8845-e42c0a4cf7d8-IMG_9169.jpeg|https://ujfuxpqefdvwyjjwcpdu.supabase.co/storage/v1/object/public/car-images/ab114f04-6514-45de-af7d-d5be1491821c-IMG_9170.jpeg|https://ujfuxpqefdvwyjjwcpdu.supabase.co/storage/v1/object/public/car-images/13ac6f26-fad0-4893-b3ba-c5586180c30c-IMG_9171.jpeg|https://ujfuxpqefdvwyjjwcpdu.supabase.co/storage/v1/object/public/car-images/67d07216-1158-4040-ba42-978b490fcc33-IMG_9172.jpeg|https://ujfuxpqefdvwyjjwcpdu.supabase.co/storage/v1/object/public/car-images/b4f3e313-4ec8-4217-ba9c-b06be3b3fa3a-IMG_9173.jpeg|https://ujfuxpqefdvwyjjwcpdu.supabase.co/storage/v1/object/public/car-images/0bba893d-1db3-48a9-a794-da587a749642-IMG_9174.jpeg,90-Day Warranty,false,false
2019,Toyota,RAV4 LE · Sport Utility 4D,LE Sport Utility 4D,,10000,800,94000,Excellent,Gasoline,Automatic,,Blue,Grey,2T3H1RFV5KW034652,"This 2019 Toyota RAV4 LE is a reliable, well-maintained SUV in excellent mechanical and cosmetic condition. It’s a great choice for commuting, road trips, or everyday family use.",Clean Title – 1 Owner – Excellent Condition|Engine: 2.5L 4-Cylinder – Fuel Efficient & Reliable|Seating Capacity: 5|Safety Rating: 5/5 (NHTSA)|Is It Paid Off? Yes|Title Status: Clean – No Accidents or Damage|Excellent Fuel Economy – Great for city and highway driving|Backup Camera – Added safety and convenience|Bluetooth Audio & Hands-Free Calling|Touchscreen Display|Cold A/C & Hot Heat|Comfortable|Smoke-Free Interior|Spacious Cargo Area|Recent Oil Change – Ready to Drive,https://ujfuxpqefdvwyjjwcpdu.supabase.co/storage/v1/object/public/car-images/753837c7-e0bd-4bdb-b07b-f367b4bf9437-IMG_9178.jpeg|https://ujfuxpqefdvwyjjwcpdu.supabase.co/storage/v1/object/public/car-images/70783c5b-a284-4786-87fc-9decc4af6888-IMG_9179.jpeg|https://ujfuxpqefdvwyjjwcpdu.supabase.co/storage/v1/object/public/car-images/250dd1aa-21bd-47db-bd1f-5d8a6940fc07-IMG_9180.jpeg|https://ujfuxpqefdvwyjjwcpdu.supabase.co/storage/v1/object/public/car-images/67fce372-efee-4e96-9d3d-d5fd889ab114-IMG_9181.jpeg|https://ujfuxpqefdvwyjjwcpdu.supabase.co/storage/v1/object/public/car-images/494a5c1d-d8f7-444f-8113-d253d1eb88bd-IMG_9182.jpeg|https://ujfuxpqefdvwyjjwcpdu.supabase.co/storage/v1/object/public/car-images/976d8fff-e1c9-4b8a-ba34-8805893a4479-IMG_9183.jpeg|https://ujfuxpqefdvwyjjwcpdu.supabase.co/storage/v1/object/public/car-images/f54c5b58-563a-449d-9380-a9d56f012f02-IMG_9184.jpeg|https://ujfuxpqefdvwyjjwcpdu.supabase.co/storage/v1/object/public/car-images/e550e217-8986-4aa4-8a9f-76fda289f916-IMG_9185.jpeg|https://ujfuxpqefdvwyjjwcpdu.supabase.co/storage/v1/object/public/car-images/12b48f63-75b6-40ec-b12b-67b8a348c684-IMG_9186.jpeg|https://ujfuxpqefdvwyjjwcpdu.supabase.co/storage/v1/object/public/car-images/9c7a27c6-0af1-41e6-9103-a67d4d9a7fe7-IMG_9188.jpeg|https://ujfuxpqefdvwyjjwcpdu.supabase.co/storage/v1/object/public/car-images/e7418487-95cb-40a7-8f0d-7730048ca0ad-IMG_9187.jpeg|https://ujfuxpqefdvwyjjwcpdu.supabase.co/storage/v1/object/public/car-images/f0429f2c-6ee2-4faf-bb78-7c66672598bf-IMG_9192.jpeg|https://ujfuxpqefdvwyjjwcpdu.supabase.co/storage/v1/object/public/car-images/727901ab-5ba8-4f2d-b33b-4fa40c82a24e-IMG_9189.jpeg|https://ujfuxpqefdvwyjjwcpdu.supabase.co/storage/v1/object/public/car-images/b07e6de7-ee7e-486d-ae3e-f130425ebb0b-IMG_9193.jpeg|https://ujfuxpqefdvwyjjwcpdu.supabase.co/storage/v1/object/public/car-images/5b26229c-2dcd-4f01-9625-da9d29a6e969-IMG_9194.jpeg|https://ujfuxpqefdvwyjjwcpdu.supabase.co/storage/v1/object/public/car-images/79e69984-19d8-4de7-8bc8-4721a0a5e102-IMG_9195.jpeg|https://ujfuxpqefdvwyjjwcpdu.supabase.co/storage/v1/object/public/car-images/3c0402f2-3f93-4806-b18f-db4a0ede4c88-IMG_9191.jpeg|https://ujfuxpqefdvwyjjwcpdu.supabase.co/storage/v1/object/public/car-images/c276c183-4fbe-4c2b-b06b-b9d7ae879275-IMG_9190.jpeg,90-Day Warranty,false,false
2022,Honda,Civic LX · Sedan 4D,LX Sedan 4D,Sedan,12000,800,33000,Excellent,Gasoline,Automatic,Front-Wheel Drive (FWD),White,Grey,2HGFE2F27NH509815,"Why Choose This Civic?
The 2022 Honda Civic LX offers exceptional reliability, fuel economy, and long-term value. Whether you’re commuting daily or need a dependable, stylish car, this Civic delivers.",Clean Title – Excellent Condition – 1 Owner|Engine: 2.0L 4-Cylinder – Fuel Efficient|Is It Paid Off: Yes|Title Status: Clean – No Accidents or Damage|Fuel Efficiency: Up to 31 MPG city / 40 MPG highway|Spacious Interior with modern design|Touchscreen Display & Bluetooth Connectivity|Backup Camera|Lane Keep Assist & Adaptive Cruise Control|Automatic Climate Control|Keyless Entry|Excellent Brakes & Good Tires|Non-Smoker Vehicle – Very Clean Inside and Out|Regularly serviced with maintenance records|Brakes feel like new|No mechanical issues — 100% ready to drive,https://ujfuxpqefdvwyjjwcpdu.supabase.co/storage/v1/object/public/car-images/aa1981fe-bbd2-4ef5-9fca-1c5938624217-IMG_9200.jpeg|https://ujfuxpqefdvwyjjwcpdu.supabase.co/storage/v1/object/public/car-images/b5d7f76b-3bc1-43a4-87b9-77d3fb3051b5-IMG_9201.jpeg|https://ujfuxpqefdvwyjjwcpdu.supabase.co/storage/v1/object/public/car-images/f734058d-150e-4dc2-b359-1855a2b51514-IMG_9202.jpeg|https://ujfuxpqefdvwyjjwcpdu.supabase.co/storage/v1/object/public/car-images/50b3a58a-3a03-4975-8ad0-0d7d95543103-IMG_9203.jpeg|https://ujfuxpqefdvwyjjwcpdu.supabase.co/storage/v1/object/public/car-images/84eb324c-ed8f-4cd3-bd50-6f41ed73bc8c-IMG_9204.jpeg|https://ujfuxpqefdvwyjjwcpdu.supabase.co/storage/v1/object/public/car-images/49b5ae52-84c9-4892-bd90-1c3dff72a10b-IMG_9205.jpeg|https://ujfuxpqefdvwyjjwcpdu.supabase.co/storage/v1/object/public/car-images/bcf9bb01-8cf7-4ee1-80cf-edc07a0e4ca5-IMG_9206.jpeg|https://ujfuxpqefdvwyjjwcpdu.supabase.co/storage/v1/object/public/car-images/9c3e3a9a-e07e-4440-a5e6-60fa7ec64f99-IMG_9207.jpeg|https://ujfuxpqefdvwyjjwcpdu.supabase.co/storage/v1/object/public/car-images/aa42e507-622b-4c60-8e4b-03cf245a8e8c-IMG_9208.jpeg|https://ujfuxpqefdvwyjjwcpdu.supabase.co/storage/v1/object/public/car-images/9aa3e062-6025-42f9-9efa-553f7b69eea0-IMG_9209.jpeg|https://ujfuxpqefdvwyjjwcpdu.supabase.co/storage/v1/object/public/car-images/4d4c2c5d-81bc-44a5-bf24-5e07a0681f88-IMG_9210.jpeg|https://ujfuxpqefdvwyjjwcpdu.supabase.co/storage/v1/object/public/car-images/bc686d0f-4984-4c14-9b02-44be31156ad5-IMG_9211.jpeg|https://ujfuxpqefdvwyjjwcpdu.supabase.co/storage/v1/object/public/car-images/292f0102-1ccc-4fd7-ab09-750e07be99a4-IMG_9212.jpeg|https://ujfuxpqefdvwyjjwcpdu.supabase.co/storage/v1/object/public/car-images/e3206fc7-e664-49d1-a050-8946dc2b4b61-IMG_9213.jpeg|https://ujfuxpqefdvwyjjwcpdu.supabase.co/storage/v1/object/public/car-images/f8994c2d-02dc-46f8-a908-cc3a7be30e7e-IMG_9214.jpeg|https://ujfuxpqefdvwyjjwcpdu.supabase.co/storage/v1/object/public/car-images/56a82b9c-9247-4e1c-8724-902f8e958ba1-IMG_9215.jpeg|https://ujfuxpqefdvwyjjwcpdu.supabase.co/storage/v1/object/public/car-images/6ae45465-4555-4f57-86e9-9afed0e7f98f-IMG_9216.jpeg|https://ujfuxpqefdvwyjjwcpdu.supabase.co/storage/v1/object/public/car-images/c8b4264d-8890-45c7-9285-7a3dc779884f-IMG_9217.jpeg,90-Day Warranty,false,false
2021,Toyota,Camry SE,,,10000,800,41000,Excellent,Gasoline,Automatic,Front-Wheel Drive (FWD),Red,BeigeTrim: SE Sport Sedan 4D,4T1G11AK6MU449033,"This Camry SE runs and drives perfectly with no mechanical issues. Clean inside and out, well-maintained, and ready to drive. The rebuilt title is from a previously repaired incident and has been fully restored to roadworthy condition.",Rebuilt Title – Excellent Condition – No Issues|Engine: 2.5L 4-Cylinder – Smooth & Fuel Efficient|Title Status: Rebuilt|Sporty SE Styling with Black Accents|Backup Camera|Touchscreen Display|Bluetooth Audio & Hands-Free Calling|Lane Departure Alert & Dynamic Cruise Control|Keyless Entry|Cold A/C & Hot Heat|Clean Interior and Exterior – Non-Smoker Vehicle|Great on Gas – Up to 39 MPG Highway,https://ujfuxpqefdvwyjjwcpdu.supabase.co/storage/v1/object/public/car-images/17aff03d-1430-4f44-8baa-d22d3bf9b540-IMG_9223.jpeg|https://ujfuxpqefdvwyjjwcpdu.supabase.co/storage/v1/object/public/car-images/2850357a-97f8-4ef1-b31d-b01818035780-IMG_9220.jpeg|https://ujfuxpqefdvwyjjwcpdu.supabase.co/storage/v1/object/public/car-images/b8f3d378-cae9-4da7-bc78-c6b516dca60a-IMG_9221.jpeg|https://ujfuxpqefdvwyjjwcpdu.supabase.co/storage/v1/object/public/car-images/fa826000-6aa6-4f41-b1dd-644ca49a3f8a-IMG_9222.jpeg|https://ujfuxpqefdvwyjjwcpdu.supabase.co/storage/v1/object/public/car-images/4c0adbf9-cb82-4c8c-920c-0b0123a4c9b6-IMG_9224.jpeg|https://ujfuxpqefdvwyjjwcpdu.supabase.co/storage/v1/object/public/car-images/3c7ade1f-affa-48af-88b6-02450870b736-IMG_9225.jpeg|https://ujfuxpqefdvwyjjwcpdu.supabase.co/storage/v1/object/public/car-images/139aef2f-83ce-47aa-899d-16637b29d65b-IMG_9226.jpeg|https://ujfuxpqefdvwyjjwcpdu.supabase.co/storage/v1/object/public/car-images/e9bbf208-58b4-47fc-a347-bbefb12de0b8-IMG_9227.jpeg|https://ujfuxpqefdvwyjjwcpdu.supabase.co/storage/v1/object/public/car-images/92ca4380-6904-4894-909a-3283ab1f0ddd-IMG_9228.jpeg|https://ujfuxpqefdvwyjjwcpdu.supabase.co/storage/v1/object/public/car-images/5f146df0-454e-4392-aa59-551917eda692-IMG_9229.jpeg|https://ujfuxpqefdvwyjjwcpdu.supabase.co/storage/v1/object/public/car-images/6c572c7e-d075-43ce-a2ea-978d7b1fae62-IMG_9230.jpeg|https://ujfuxpqefdvwyjjwcpdu.supabase.co/storage/v1/object/public/car-images/cc98c16b-88b9-465d-8329-40767dbb8102-IMG_9232.jpeg|https://ujfuxpqefdvwyjjwcpdu.supabase.co/storage/v1/object/public/car-images/784bfada-68ee-4879-adc9-8d1c89f66f09-IMG_9233.jpeg|https://ujfuxpqefdvwyjjwcpdu.supabase.co/storage/v1/object/public/car-images/03d139a1-d2c2-4ae0-872c-faf00f5fc793-IMG_9235.jpeg|https://ujfuxpqefdvwyjjwcpdu.supabase.co/storage/v1/object/public/car-images/de88a193-87c4-4d9c-955d-7bd83e42609a-IMG_9234.jpeg|https://ujfuxpqefdvwyjjwcpdu.supabase.co/storage/v1/object/public/car-images/3a5e4498-972b-45ce-a3e5-45064c34d7ec-IMG_9231.jpeg,90-Day Warranty,false,false
2024,Honda,Civic Sport · Sedan 4D,Sport Sedan 4D,Sedan,8000,700,22000,Very Good,Gasoline,Automatic,Front-Wheel Drive (FWD),Grey,Black,2HGFE2F58RH556805,"This 2024 Civic Sport is in great condition, inside and out. Drives smoothly with no mechanical issues. The rebuilt title is due to a previous incident that has been professionally repaired and fully restored. Only 22K miles, one owner, and fully paid off — ready to hit the road.",Rebuilt Title – 1 Owner – Low Mileage|Mileage: 22|000 miles|Engine: 2.0L 4-Cylinder – Fuel Efficient & Responsive|Number of Owners: 1|Is It Paid Off? Yes|Title Status: Rebuilt|Sport Trim Styling with aggressive exterior design|Apple CarPlay® & Android Auto™ Compatibility|Rearview Backup Camera|Bluetooth Audio & Hands-Free Calling|Touchscreen Display|Keyless Entry & Push-Button Start|Sport Seats with Premium Cloth Upholstery|Excellent Gas Mileage – Up to 37 MPG Highway|Cold A/C & Hot Heat,https://ujfuxpqefdvwyjjwcpdu.supabase.co/storage/v1/object/public/car-images/70c1e267-e182-4d4f-b206-b7e52b9b7b34-IMG_9261.jpeg|https://ujfuxpqefdvwyjjwcpdu.supabase.co/storage/v1/object/public/car-images/41f91488-88b1-40fb-82e5-5e3e44108ea6-IMG_9255.jpeg|https://ujfuxpqefdvwyjjwcpdu.supabase.co/storage/v1/object/public/car-images/2f5a8cf1-4caa-452c-a041-f0f987750cac-IMG_9254.jpeg|https://ujfuxpqefdvwyjjwcpdu.supabase.co/storage/v1/object/public/car-images/f010218b-f741-4bed-9ed3-296155851041-IMG_9256.jpeg|https://ujfuxpqefdvwyjjwcpdu.supabase.co/storage/v1/object/public/car-images/e77c7bde-1527-451d-80e2-1f940b76aa93-IMG_9260.jpeg|https://ujfuxpqefdvwyjjwcpdu.supabase.co/storage/v1/object/public/car-images/6d1dce52-ef37-4b00-be36-0dab6cdb44a4-IMG_9262.jpeg|https://ujfuxpqefdvwyjjwcpdu.supabase.co/storage/v1/object/public/car-images/b015bd31-4a07-4311-9932-5e5350872683-IMG_9265.jpeg|https://ujfuxpqefdvwyjjwcpdu.supabase.co/storage/v1/object/public/car-images/b7e4316f-6194-4a4d-a3c4-3ec31f7225cb-IMG_9269.jpeg|https://ujfuxpqefdvwyjjwcpdu.supabase.co/storage/v1/object/public/car-images/3a5c27fb-6e29-4f30-af27-920c579597e1-IMG_9268.jpeg|https://ujfuxpqefdvwyjjwcpdu.supabase.co/storage/v1/object/public/car-images/16ec96ed-2065-455f-9296-09246ba06dfb-IMG_9270.jpeg|https://ujfuxpqefdvwyjjwcpdu.supabase.co/storage/v1/object/public/car-images/0deca1da-7b6b-4e4f-91d4-0c115b61e663-IMG_9259.jpeg|https://ujfuxpqefdvwyjjwcpdu.supabase.co/storage/v1/object/public/car-images/ee4de7ab-1ab7-47d6-aec0-e87c26422c24-IMG_9257.jpeg|https://ujfuxpqefdvwyjjwcpdu.supabase.co/storage/v1/object/public/car-images/1cbace14-7b43-4e8a-9ac7-f06ba067a97c-IMG_9264.jpeg|https://ujfuxpqefdvwyjjwcpdu.supabase.co/storage/v1/object/public/car-images/3cb78600-d31d-498c-af13-a59e7d40f499-IMG_9267.jpeg|https://ujfuxpqefdvwyjjwcpdu.supabase.co/storage/v1/object/public/car-images/6d6fa2a8-24a4-48fa-a214-1de8d7cac033-IMG_9266.jpeg|https://ujfuxpqefdvwyjjwcpdu.supabase.co/storage/v1/object/public/car-images/b462d9f3-0801-428a-8450-8b58189a922b-IMG_9263.jpeg|https://ujfuxpqefdvwyjjwcpdu.supabase.co/storage/v1/object/public/car-images/43db84ef-4180-4378-89f8-4cefd2648f50-IMG_9258.jpeg,90-Day Warranty,false,false
2019,Toyota ,Camry SE · Special Edition Sedan 4D,SE Special Edition Sedan 4D,Sedan,7000,800,59000,Good,Gasoline,Automatic,Front-Wheel Drive (FWD),Blue,Black,4T1B11HK3KU813129,"This Camry runs and drives smoothly with no mechanical issues. Interior and exterior are clean and well-kept. There is very minor hail damage that does not affect performance or safety. The rebuilt title reflects a previously repaired issue, and the car has been professionally restored and inspected.",Rebuilt Title – 1 Owner – Great Condition|Engine: 2.5L 4-Cylinder – Fuel Efficient & Reliable|Number of Owners: 1|Is It Paid Off? Yes|Title Status: Rebuilt|Sporty SE Styling with Special Edition Package|Backup Camera|Touchscreen Display|Bluetooth & USB Connectivity|Lane Departure Alert & Adaptive Cruise Control|Keyless Entry|Sport Seats with Leather Trim|Excellent Fuel Economy – Up to 39 MPG Highway|Cold A/C & Hot Heat,https://ujfuxpqefdvwyjjwcpdu.supabase.co/storage/v1/object/public/car-images/b37af42a-6ee7-4779-8686-8033c38c75e5-IMG_9273.jpeg|https://ujfuxpqefdvwyjjwcpdu.supabase.co/storage/v1/object/public/car-images/2f46ce97-a7be-4c17-a4bb-1a537b6dc9f5-IMG_9272.jpeg|https://ujfuxpqefdvwyjjwcpdu.supabase.co/storage/v1/object/public/car-images/7886cac1-d3d6-46d5-a467-472ddcaa6d0e-IMG_9277.jpeg|https://ujfuxpqefdvwyjjwcpdu.supabase.co/storage/v1/object/public/car-images/5fa2c1a8-b1fc-4709-97e0-18beb08f0103-IMG_9276.jpeg|https://ujfuxpqefdvwyjjwcpdu.supabase.co/storage/v1/object/public/car-images/d6e84f9d-b640-471a-9669-39f387272435-IMG_9278.jpeg|https://ujfuxpqefdvwyjjwcpdu.supabase.co/storage/v1/object/public/car-images/652562e5-afd5-4731-9734-e002734f5f10-IMG_9282.jpeg|https://ujfuxpqefdvwyjjwcpdu.supabase.co/storage/v1/object/public/car-images/c1bd5e6b-04f4-40ca-a497-4710fe5f41d1-IMG_9283.jpeg|https://ujfuxpqefdvwyjjwcpdu.supabase.co/storage/v1/object/public/car-images/9e2f5bbd-8427-487f-9331-b064e2333fbe-IMG_9284.jpeg|https://ujfuxpqefdvwyjjwcpdu.supabase.co/storage/v1/object/public/car-images/8998bf6e-5b88-438c-9626-9cb7d43154c1-IMG_9285.jpeg|https://ujfuxpqefdvwyjjwcpdu.supabase.co/storage/v1/object/public/car-images/ae349bbb-d594-4215-8a04-35e86aef44a7-IMG_9286.jpeg|https://ujfuxpqefdvwyjjwcpdu.supabase.co/storage/v1/object/public/car-images/254bca93-3950-4e20-a75a-6dec92567459-IMG_9287.jpeg|https://ujfuxpqefdvwyjjwcpdu.supabase.co/storage/v1/object/public/car-images/e878522f-cfa4-40cd-b739-c28114d08878-IMG_9274.jpeg|https://ujfuxpqefdvwyjjwcpdu.supabase.co/storage/v1/object/public/car-images/c3d707f0-6605-43c5-a812-6781dafb9a8a-IMG_9275.jpeg|https://ujfuxpqefdvwyjjwcpdu.supabase.co/storage/v1/object/public/car-images/16326aa8-22d5-4293-bf6f-9c8e7aac0da2-IMG_9279.jpeg|https://ujfuxpqefdvwyjjwcpdu.supabase.co/storage/v1/object/public/car-images/bc717a25-b532-4682-8591-455e47aee0b1-IMG_9280.jpeg|https://ujfuxpqefdvwyjjwcpdu.supabase.co/storage/v1/object/public/car-images/c37e9beb-a99e-4f3a-a535-97900c071998-IMG_9281.jpeg,90-Day Warranty,false,false
2018,Acura MDX,SH-AWD Sport Utility 4D,MDX,,8000,700,68000,Very Good,Gasoline,Automatic,Super Handling All-Wheel Drive (SH-AWD),Silver,Silver/Grey,5J8YD4H33JL019169,"This MDX runs and drives perfectly with no mechanical issues. It’s clean inside and out, well-maintained, and ready for a new owner. The rebuilt title reflects a previous incident that has been fully repaired and inspected. With only 68K miles, this luxury SUV is an amazing value.",Rebuilt Title – Excellent Condition – No Issues|Engine: 3.5L V6 – Powerful & Smooth|Seating Capacity: 7|Fuel Economy: 19 MPG City / 27 MPG Highway / 22 MPG Combined|Safety Rating: 5/5 (NHTSA)|SH-AWD (Super Handling All-Wheel Drive) for enhanced control|3rd Row Seating – Seats up to 7 passengers|Leather Interior|Power Sunroof|Heated Front Seats? Multi-View Backup Camera|Bluetooth Audio & Hands-Free Calling|Touchscreen Display with Navigation (if equipped)|Tri-Zone Automatic Climate Control|Power Liftgate|Keyless Entry & Push-Button Start,https://ujfuxpqefdvwyjjwcpdu.supabase.co/storage/v1/object/public/car-images/74a54f32-4b22-4bc3-8f29-47eb1f874065-IMG_9311.jpeg|https://ujfuxpqefdvwyjjwcpdu.supabase.co/storage/v1/object/public/car-images/4ac8a2bb-05ff-4e14-896d-393b0adfee33-IMG_9312.jpeg|https://ujfuxpqefdvwyjjwcpdu.supabase.co/storage/v1/object/public/car-images/fe5d0588-c960-4fea-b086-362bc2c5c712-IMG_9316.jpeg|https://ujfuxpqefdvwyjjwcpdu.supabase.co/storage/v1/object/public/car-images/e1d0356f-9b54-4c6d-a91b-4c7e9bc63ace-IMG_9313.jpeg|https://ujfuxpqefdvwyjjwcpdu.supabase.co/storage/v1/object/public/car-images/b3b1d207-31ef-4a80-9190-cccf63d33ddc-IMG_9314.jpeg|https://ujfuxpqefdvwyjjwcpdu.supabase.co/storage/v1/object/public/car-images/4bef32f7-bc41-4084-bdee-2aa79be212b0-IMG_9315.jpeg|https://ujfuxpqefdvwyjjwcpdu.supabase.co/storage/v1/object/public/car-images/dd998b06-1460-4015-ba97-5b97a0b04060-IMG_9317.jpeg|https://ujfuxpqefdvwyjjwcpdu.supabase.co/storage/v1/object/public/car-images/f90bda1c-1893-4b0a-9b2a-642386521633-IMG_9318.jpeg|https://ujfuxpqefdvwyjjwcpdu.supabase.co/storage/v1/object/public/car-images/b77bca13-2da1-4cda-935a-d758103828f1-IMG_9319.jpeg|https://ujfuxpqefdvwyjjwcpdu.supabase.co/storage/v1/object/public/car-images/2e9cb00b-b532-4c55-80b6-faab9c1d557d-IMG_9320.jpeg|https://ujfuxpqefdvwyjjwcpdu.supabase.co/storage/v1/object/public/car-images/bed9c361-5772-497e-927b-de5700099581-IMG_9321.jpeg|https://ujfuxpqefdvwyjjwcpdu.supabase.co/storage/v1/object/public/car-images/3a436c35-1853-4a6b-b5dd-b9f58a1f3e50-IMG_9322.jpeg|https://ujfuxpqefdvwyjjwcpdu.supabase.co/storage/v1/object/public/car-images/df15deba-ddc4-4526-b469-ba81e6e4a120-IMG_9323.jpeg|https://ujfuxpqefdvwyjjwcpdu.supabase.co/storage/v1/object/public/car-images/7d8fd514-d00e-40a8-8885-e8e9d02a92c8-IMG_9324.jpeg|https://ujfuxpqefdvwyjjwcpdu.supabase.co/storage/v1/object/public/car-images/4f72f25e-bfe4-4bf9-a2a4-2801eaff7754-IMG_9325.jpeg|https://ujfuxpqefdvwyjjwcpdu.supabase.co/storage/v1/object/public/car-images/59718f0e-7472-43a8-9665-4f42899f0740-IMG_9326.jpeg|https://ujfuxpqefdvwyjjwcpdu.supabase.co/storage/v1/object/public/car-images/b740e5e2-f48d-418a-a599-eef893ae543c-IMG_9327.jpeg|https://ujfuxpqefdvwyjjwcpdu.supabase.co/storage/v1/object/public/car-images/347a0f7e-2e37-46dc-9836-bf21748b0106-IMG_9329.jpeg|https://ujfuxpqefdvwyjjwcpdu.supabase.co/storage/v1/object/public/car-images/fb0fcf07-e984-477f-bbcb-df6b5b3640d7-IMG_9330.jpeg|https://ujfuxpqefdvwyjjwcpdu.supabase.co/storage/v1/object/public/car-images/c48865e5-1059-4e4f-832c-aaabcfb8ae94-IMG_9328.jpeg,90-Day Warranty,false,false
2022,Toyota,Corolla LE · Sedan 4D,,Sedan,8000,700,4000,Very Good,Gasoline,Automatic,Front-Wheel Drive (FWD),,,JTDEPMAE1N3027989,"This 2022 Corolla is in excellent shape with only 4K original miles. It runs like new with no mechanical issues. The rebuilt title reflects a previously repaired minor incident and has been professionally restored.

💳 in-house financing available! Great low-mileage option for anyone looking for a dependable, fuel-efficient sedan.",Rebuilt Blue Title – One Owner – Like New Condition|Engine: 1.8L I4 – Fuel Efficient & Reliable|Title Status: Rebuilt Blue Title|Number of Owners: 1|Rearview Backup Camera|Lane Departure Warning|Power Windows & Locks|Bluetooth & Touchscreen Display|Fuel Efficient – Great for Commuting|Very Clean Interior & Exterior|Good Tires|Smooth & Comfortable Ride,https://ujfuxpqefdvwyjjwcpdu.supabase.co/storage/v1/object/public/car-images/525ddf32-c39e-4c4a-8192-c3b4860581dc-IMG_9465.jpeg|https://ujfuxpqefdvwyjjwcpdu.supabase.co/storage/v1/object/public/car-images/e4e104be-fdbc-45c3-9474-17bdf4ec8723-IMG_9464.jpeg|https://ujfuxpqefdvwyjjwcpdu.supabase.co/storage/v1/object/public/car-images/ab69e747-f8bf-4324-bfc0-12d3152b1953-IMG_9463.jpeg|https://ujfuxpqefdvwyjjwcpdu.supabase.co/storage/v1/object/public/car-images/1dc302fb-1268-49f2-921b-b48b41775449-IMG_9466.jpeg|https://ujfuxpqefdvwyjjwcpdu.supabase.co/storage/v1/object/public/car-images/cf9c900b-e40f-404c-9f36-e7d386cdf539-IMG_9467.jpeg|https://ujfuxpqefdvwyjjwcpdu.supabase.co/storage/v1/object/public/car-images/2b64b1f2-aa5c-4f2c-bc2a-2b9505bf0126-IMG_9468.jpeg|https://ujfuxpqefdvwyjjwcpdu.supabase.co/storage/v1/object/public/car-images/f696bd3c-e579-49ca-a8da-d1b70697898f-IMG_9469.jpeg|https://ujfuxpqefdvwyjjwcpdu.supabase.co/storage/v1/object/public/car-images/098aa591-c4a5-4e54-a925-6da423704fc0-IMG_9470.jpeg|https://ujfuxpqefdvwyjjwcpdu.supabase.co/storage/v1/object/public/car-images/c9574fd3-026c-4a5f-ab9d-d538e48594ee-IMG_9471.jpeg|https://ujfuxpqefdvwyjjwcpdu.supabase.co/storage/v1/object/public/car-images/de441104-0e41-4798-85bc-5d389c800b17-IMG_9472.jpeg|https://ujfuxpqefdvwyjjwcpdu.supabase.co/storage/v1/object/public/car-images/2ec66e12-dbd6-439a-8eb0-2da14c6986fb-IMG_9473.jpeg|https://ujfuxpqefdvwyjjwcpdu.supabase.co/storage/v1/object/public/car-images/7f928971-2b03-429c-86e4-61ad7358aea9-IMG_9474.jpeg|https://ujfuxpqefdvwyjjwcpdu.supabase.co/storage/v1/object/public/car-images/c2c95fe9-deda-4917-a3c8-5711a2b632eb-IMG_9475.jpeg|https://ujfuxpqefdvwyjjwcpdu.supabase.co/storage/v1/object/public/car-images/4028c3e5-5698-4815-8d27-23bb5f6da317-IMG_9476.jpeg|https://ujfuxpqefdvwyjjwcpdu.supabase.co/storage/v1/object/public/car-images/b56cce7e-37b1-4ac0-94d8-7378e5f33df8-IMG_9477.jpeg|https://ujfuxpqefdvwyjjwcpdu.supabase.co/storage/v1/object/public/car-images/6a285092-651a-4879-a14f-e7311f2d40d6-IMG_9478.jpeg|https://ujfuxpqefdvwyjjwcpdu.supabase.co/storage/v1/object/public/car-images/2db1c930-f595-48e0-a339-d365dfb7d8f4-IMG_9479.jpeg|https://ujfuxpqefdvwyjjwcpdu.supabase.co/storage/v1/object/public/car-images/6fec1b71-99b4-4184-a4c3-ff7da9f8b93c-IMG_9480.jpeg,90-Day Warranty,false,false
2016,Ford,Fusion SE · Sedan 4D,,Sedan,8000,700,113404,Very Good,Gasoline,Automatic,Front-Wheel Drive (FWD),Minor cosmetic defects only — nothing major,Clean and comfortable,3FA6P0HD1GR301941,All documentation will be handled through an official contract for a smooth and secure transaction.,Engine: 1.5L EcoBoost 4-Cylinder – Strong & Fuel Efficient|Title Status: Clean|Ownership: 1 Owner – Accident-Free|Leather Interior with Power Package|Driver’s Seat Memory|Heated Front Seats & Heated Steering Wheel|Dual-Zone Climate Control|Multimedia System with Bluetooth & USB|Rear View Camera & Parking Sensors|Cruise Control|Push-Button Start & Remote Engine Start|Tires in Good Condition|Body in Great Shape with Only Minor Cosmetic Blemishes|Engine: Runs smooth|no errors or unusual noises|Transmission: Shifts flawlessly with no jerks,https://ujfuxpqefdvwyjjwcpdu.supabase.co/storage/v1/object/public/car-images/341d78a7-c07d-48db-91e5-17f3a0a00f95-IMG_9488.jpeg|https://ujfuxpqefdvwyjjwcpdu.supabase.co/storage/v1/object/public/car-images/b1e7f145-45ec-44bb-9441-2ebc80995cd5-IMG_9482.jpeg|https://ujfuxpqefdvwyjjwcpdu.supabase.co/storage/v1/object/public/car-images/0f020985-8d20-4f9a-b115-b4ecc7b22954-IMG_9483.jpeg|https://ujfuxpqefdvwyjjwcpdu.supabase.co/storage/v1/object/public/car-images/12f2d888-d23f-49e0-a636-911c34e91a09-IMG_9486.jpeg|https://ujfuxpqefdvwyjjwcpdu.supabase.co/storage/v1/object/public/car-images/a875df4f-4477-4d46-86c3-1ae7a29e7582-IMG_9485.jpeg|https://ujfuxpqefdvwyjjwcpdu.supabase.co/storage/v1/object/public/car-images/c2f66117-7d22-4df6-9031-47825e0d4878-IMG_9487.jpeg|https://ujfuxpqefdvwyjjwcpdu.supabase.co/storage/v1/object/public/car-images/800185eb-c818-44ca-8160-e423618218d2-IMG_9484.jpeg|https://ujfuxpqefdvwyjjwcpdu.supabase.co/storage/v1/object/public/car-images/1685a0bd-a00f-4869-8333-b788ed0ba9a9-IMG_9481.jpeg|https://ujfuxpqefdvwyjjwcpdu.supabase.co/storage/v1/object/public/car-images/afefbbb2-87ba-45ad-9833-10e7d0a270ee-IMG_9489.jpeg|https://ujfuxpqefdvwyjjwcpdu.supabase.co/storage/v1/object/public/car-images/1d81a484-c7d2-4a1b-b954-fccb98dcd6ab-IMG_9490.jpeg|https://ujfuxpqefdvwyjjwcpdu.supabase.co/storage/v1/object/public/car-images/99022efb-8ec1-44ac-aa5a-74308f62df2e-IMG_9491.jpeg|https://ujfuxpqefdvwyjjwcpdu.supabase.co/storage/v1/object/public/car-images/a3b92290-5071-4f45-ad85-c09d338a693a-IMG_9492.jpeg|https://ujfuxpqefdvwyjjwcpdu.supabase.co/storage/v1/object/public/car-images/48fdf9bc-1f81-4cb9-a588-2e39ee340f17-IMG_9493.jpeg|https://ujfuxpqefdvwyjjwcpdu.supabase.co/storage/v1/object/public/car-images/dfbda01d-5011-46a8-b14a-65d46415fab0-IMG_9494.jpeg|https://ujfuxpqefdvwyjjwcpdu.supabase.co/storage/v1/object/public/car-images/6fe2ba9f-d144-4808-b92a-e5445dc27cdb-IMG_9495.jpeg|https://ujfuxpqefdvwyjjwcpdu.supabase.co/storage/v1/object/public/car-images/407f89e0-09cd-4a04-91be-763c2212d939-IMG_9496.jpeg|https://ujfuxpqefdvwyjjwcpdu.supabase.co/storage/v1/object/public/car-images/54894f0c-00a3-4972-a347-7dcbb39c76cf-IMG_9497.jpeg,90-Day Warranty,false,false
2023,Toyota,RAV4 XLE  AWD Silver Sky Metallic,,,8000,1000,52243,Excellent,Gasoline,Automatic,AWD (All-Wheel Drive),Silver Sky Metallic,Black Fabric,2T3P1RFV5PW365136,"Looking for a dependable, stylish, and adventure-ready SUV? This Certified 2023 Toyota RAV4 XLE checks every box — from its All-Wheel Drive capability to its smart tech and spacious interior. With a clean, one-owner CARFAX, this RAV4 is ready for both your daily drives and weekend getaways.
This RAV4 XLE blends modern design with real-world practicality and legendary Toyota reliability. Whether you’re navigating the city or heading off the beaten path, it’s built to keep up.",Engine: 2.5L 4-Cylinder|Transmission: 8-Speed Automatic|Mileage: 52|243 miles|Fuel Economy: 27 MPG City / 33 MPG Highway|CARFAX One-Owner / Clean CARFAX|Apple CarPlay® & Bluetooth® Hands-Free|Rearview Backup Camera|Dual-Zone Automatic Climate Control|Power Driver Seat|17” Silver Alloy Wheels|Smart Key with Push-Button Start|106-Point Inspection|Limited Warranty|24/7 Roadside Assistance,https://ujfuxpqefdvwyjjwcpdu.supabase.co/storage/v1/object/public/car-images/8b61de67-2ef6-4d57-ba12-ce6573ee9be0-4ba38886-1bef-4c1a-a6a4-efbfdeff756a.jpeg|https://ujfuxpqefdvwyjjwcpdu.supabase.co/storage/v1/object/public/car-images/ae7f9993-386c-47c6-b693-2333340c8067-34bb65c1-8805-4448-bb38-34bf5c1a5683.jpeg|https://ujfuxpqefdvwyjjwcpdu.supabase.co/storage/v1/object/public/car-images/1b50a675-2c17-40bd-bf0a-c0ddb954c876-1d7f797d-216c-4775-8fc1-2a2f4f2cc1f0.jpeg|https://ujfuxpqefdvwyjjwcpdu.supabase.co/storage/v1/object/public/car-images/35682214-8530-46ae-b00b-ae272bb16f92-8c1bd889-a5c3-4388-bf3a-c44adb91a13e.jpeg|https://ujfuxpqefdvwyjjwcpdu.supabase.co/storage/v1/object/public/car-images/7f4e9ca0-afa4-4adc-a891-50a588c28789-42bc6e66-4dbe-48a5-8621-41a6fd9517c1.jpeg|https://ujfuxpqefdvwyjjwcpdu.supabase.co/storage/v1/object/public/car-images/d1228edf-c11a-4cfb-aa6a-27f241638b18-b9bbc2a0-36d9-4e79-9e1c-3a3e6ad94bc1.jpeg|https://ujfuxpqefdvwyjjwcpdu.supabase.co/storage/v1/object/public/car-images/71b8bff9-b47b-4e44-9647-79a15f23bba5-6273b76e-10da-4106-b2dc-b45a76d2dd7c.jpeg|https://ujfuxpqefdvwyjjwcpdu.supabase.co/storage/v1/object/public/car-images/361b57da-10ea-4fcc-bab3-26d8d1462bd6-6fb2963b-21a5-4ae7-aec6-63a50c62759b.jpeg|https://ujfuxpqefdvwyjjwcpdu.supabase.co/storage/v1/object/public/car-images/766fecce-a499-4dcb-ad69-fe46ea9e12a4-e05ff308-7acf-4c1b-86c1-d54650577dcb.jpeg|https://ujfuxpqefdvwyjjwcpdu.supabase.co/storage/v1/object/public/car-images/d4646061-0678-4224-858a-19b5b421d62c-cb73e098-197d-425f-917c-e8ae35bee3a9.jpeg|https://ujfuxpqefdvwyjjwcpdu.supabase.co/storage/v1/object/public/car-images/3528ea3c-e9ce-4674-aad2-8bd81b8e6223-2f3fe8cc-805a-4642-a436-667f17bf6c7a.jpeg|https://ujfuxpqefdvwyjjwcpdu.supabase.co/storage/v1/object/public/car-images/af2af0a9-a490-47ad-828b-089495a334e5-74d18c45-f45b-43c3-9b9d-50ed26718820.jpeg|https://ujfuxpqefdvwyjjwcpdu.supabase.co/storage/v1/object/public/car-images/75b350cb-0252-4b66-8be9-ce6b08c9bb01-f63df4c4-cb30-484e-b086-4d58b184d5ad.jpeg|https://ujfuxpqefdvwyjjwcpdu.supabase.co/storage/v1/object/public/car-images/52c1c498-198f-440c-ba82-e3eacd873b20-19885c2c-8ea6-4eda-8afc-5269b5e58b76.jpeg|https://ujfuxpqefdvwyjjwcpdu.supabase.co/storage/v1/object/public/car-images/a3364a66-9558-4216-8112-3eddbd50c88f-b3969fdb-9842-4964-9a46-85ebf8f1b736.jpeg|https://ujfuxpqefdvwyjjwcpdu.supabase.co/storage/v1/object/public/car-images/07afae65-b18b-464f-8e1f-8109233802cc-2a835e21-a185-4f50-92bd-1c6bf70f7bd4.jpeg|https://ujfuxpqefdvwyjjwcpdu.supabase.co/storage/v1/object/public/car-images/b57d6f3d-421d-4e41-a6e5-b2348951871f-f5c13141-e0e4-4ce7-97aa-bed82cbbe938.jpeg|https://ujfuxpqefdvwyjjwcpdu.supabase.co/storage/v1/object/public/car-images/f812eaa0-0a44-4e72-9368-764fd11d373e-adb63ed9-8c18-47eb-9257-cade6e967033.jpeg|https://ujfuxpqefdvwyjjwcpdu.supabase.co/storage/v1/object/public/car-images/33129761-1fa2-4b44-bac5-3afd75ebb778-52b992d2-6238-4e0c-aa4b-c982306ee7ad.jpeg|https://ujfuxpqefdvwyjjwcpdu.supabase.co/storage/v1/object/public/car-images/58269e0c-2903-42e6-8443-ad2a1d1c0ffc-293c75e1-f9c2-4db0-9ca4-31b8fde8f304.jpeg,90-Day Warranty,false,false
2021,Toyota,Camry SE  AWD Sedan,,Sedan,7000,800,52000,Very Good,Gasoline,Automatic,All-Wheel Drive (AWD),,,4T1G11BK4MU027860,"This 2021 Toyota Camry SE offers a sleek design, dependable performance, and modern features — all paired with All-Wheel Drive for confident handling in all weather conditions. A perfect blend of comfort, safety, and efficiency.
In-house Financing available !
Don’t miss out — this deal won’t last long at $7,000. Contact us today to schedule a test drive or start your financing application!",Engine: 2.5L 4-Cylinder (Gasoline)|Tires: Brand new|Condition: Very clean inside and out|Leather interior|Lane Departure Warning|Rearview Camera|Power Windows & Locks|Bluetooth & Cruise Control|Excellent fuel efficiency|Smooth and quiet ride|Rebuilt Blue Title|Apple Car play,https://ujfuxpqefdvwyjjwcpdu.supabase.co/storage/v1/object/public/car-images/85cfc5bf-01d4-4135-b498-3a1369a6f120-IMG_9549.jpeg|https://ujfuxpqefdvwyjjwcpdu.supabase.co/storage/v1/object/public/car-images/af75bf8e-c152-4310-af1f-c2efe3ba1654-IMG_9548.jpeg|https://ujfuxpqefdvwyjjwcpdu.supabase.co/storage/v1/object/public/car-images/05ad84ba-0079-40c4-9d73-5a914341a0a2-IMG_9547.jpeg|https://ujfuxpqefdvwyjjwcpdu.supabase.co/storage/v1/object/public/car-images/0deef70e-5cf4-46f3-b50a-4992c508e075-IMG_9550.jpeg|https://ujfuxpqefdvwyjjwcpdu.supabase.co/storage/v1/object/public/car-images/b6f6f739-dfe0-41da-91ed-86aa12b7261d-IMG_9551.jpeg|https://ujfuxpqefdvwyjjwcpdu.supabase.co/storage/v1/object/public/car-images/611ec56f-38f1-4604-a402-715df211769d-IMG_9552.jpeg|https://ujfuxpqefdvwyjjwcpdu.supabase.co/storage/v1/object/public/car-images/1a1e94dc-2ddc-496f-80cc-038fc6de3c3f-IMG_9553.jpeg|https://ujfuxpqefdvwyjjwcpdu.supabase.co/storage/v1/object/public/car-images/8f5b925b-2016-4526-9d5e-612b621f8834-IMG_9554.jpeg|https://ujfuxpqefdvwyjjwcpdu.supabase.co/storage/v1/object/public/car-images/31d5bf64-4f4f-4646-9d71-efc1868c6b86-IMG_9555.jpeg|https://ujfuxpqefdvwyjjwcpdu.supabase.co/storage/v1/object/public/car-images/e4626d84-2ae9-4f64-9124-c15acbccbfdc-IMG_9556.jpeg|https://ujfuxpqefdvwyjjwcpdu.supabase.co/storage/v1/object/public/car-images/60af6fa2-461f-4e52-9efc-4c85fd7994de-IMG_9557.jpeg|https://ujfuxpqefdvwyjjwcpdu.supabase.co/storage/v1/object/public/car-images/b537408d-f865-4bbe-8acf-712410c9bdc3-IMG_9558.jpeg|https://ujfuxpqefdvwyjjwcpdu.supabase.co/storage/v1/object/public/car-images/7a4fb919-aa0e-4e1c-a563-f547606c962d-IMG_9559.jpeg|https://ujfuxpqefdvwyjjwcpdu.supabase.co/storage/v1/object/public/car-images/788bb14f-746c-4cd4-b33e-5b87f1c680d6-IMG_9560.jpeg|https://ujfuxpqefdvwyjjwcpdu.supabase.co/storage/v1/object/public/car-images/4dcc36cd-a984-46b7-a174-aec12a5de1a4-IMG_9561.jpeg|https://ujfuxpqefdvwyjjwcpdu.supabase.co/storage/v1/object/public/car-images/ae101306-13dd-47bc-a143-c68deab6c82e-IMG_9562.jpeg|https://ujfuxpqefdvwyjjwcpdu.supabase.co/storage/v1/object/public/car-images/61515a9f-e7de-4cbc-8997-aa6d4b0a1c22-IMG_9563.jpeg,90-Day Warranty,false,false
2018,MERCEDES-BENZ,CLA 250,,,8000,700,45000,Very Good,Gasoline,Automatic,Front-Wheel Drive,,,WDDSJ4EB9JN692826,"This sleek and sporty CLA 250 blends Mercedes-Benz elegance with performance and value. Perfect for someone looking for a luxury car without breaking the bank. In-house financing available!
Flexible and fast approval options.",Rebuilt Blue Title|Engine: 2.0L I4 Turbo|Ownership: One-owner vehicle|Condition: Very clean interior and exterior|Title: Rebuilt (minor damage|no airbags deployed)|Premium leather interior|Sunroof & panoramic roof – perfect for open-air driving|Auto Start/Stop for added fuel efficiency|Rearview camera|Blind Spot Monitoring|Heated front seats|Power windows & locks|Good tires – ready to hit the road|Luxury design and performance in one package|In-house financing available!,https://ujfuxpqefdvwyjjwcpdu.supabase.co/storage/v1/object/public/car-images/49cc65c2-1418-44b1-ac8f-24052ac50aae-IMG_9567.jpeg|https://ujfuxpqefdvwyjjwcpdu.supabase.co/storage/v1/object/public/car-images/21bcff58-9cfa-421e-b762-a1bcab517dce-IMG_9565.jpeg|https://ujfuxpqefdvwyjjwcpdu.supabase.co/storage/v1/object/public/car-images/36de3308-0fab-4f48-b74b-c4796434eaf0-IMG_9568.jpeg|https://ujfuxpqefdvwyjjwcpdu.supabase.co/storage/v1/object/public/car-images/85c003d7-5d62-4867-861b-153b42878388-IMG_9566.jpeg|https://ujfuxpqefdvwyjjwcpdu.supabase.co/storage/v1/object/public/car-images/dc11ddab-6cd7-4a1e-abb3-86fa31a93844-IMG_9569.jpeg|https://ujfuxpqefdvwyjjwcpdu.supabase.co/storage/v1/object/public/car-images/48b143d3-a836-455c-b423-b5451092c555-IMG_9570.jpeg|https://ujfuxpqefdvwyjjwcpdu.supabase.co/storage/v1/object/public/car-images/5698cc08-f1f2-4c43-b811-e7ff33d9b324-IMG_9571.jpeg|https://ujfuxpqefdvwyjjwcpdu.supabase.co/storage/v1/object/public/car-images/55304b30-f9da-40b1-bbee-42adce79d239-IMG_9572.jpeg|https://ujfuxpqefdvwyjjwcpdu.supabase.co/storage/v1/object/public/car-images/c35aebcd-04c6-4ab3-8978-5e52b17b68be-IMG_9573.jpeg|https://ujfuxpqefdvwyjjwcpdu.supabase.co/storage/v1/object/public/car-images/4deb13d9-130c-4890-983d-c66107ed166c-IMG_9574.jpeg|https://ujfuxpqefdvwyjjwcpdu.supabase.co/storage/v1/object/public/car-images/b1743691-9704-4027-9770-f2ff0cba6e84-IMG_9575.jpeg|https://ujfuxpqefdvwyjjwcpdu.supabase.co/storage/v1/object/public/car-images/d4059259-6275-4056-a865-0b1dba66fb82-IMG_9576.jpeg|https://ujfuxpqefdvwyjjwcpdu.supabase.co/storage/v1/object/public/car-images/156efe4b-d6c4-4296-89f4-d8101632ec0e-IMG_9577.jpeg|https://ujfuxpqefdvwyjjwcpdu.supabase.co/storage/v1/object/public/car-images/7b18727e-2470-4c98-9c99-0356340c2140-IMG_9578.jpeg|https://ujfuxpqefdvwyjjwcpdu.supabase.co/storage/v1/object/public/car-images/f73de7e1-7dec-49db-8391-f829f1945d3f-IMG_9579.jpeg|https://ujfuxpqefdvwyjjwcpdu.supabase.co/storage/v1/object/public/car-images/6834d075-3b3a-4ed5-a677-bdfbb883e4a1-IMG_9580.jpeg|https://ujfuxpqefdvwyjjwcpdu.supabase.co/storage/v1/object/public/car-images/8efc418a-373d-4483-b1be-9fcc3603cb64-IMG_9581.jpeg|https://ujfuxpqefdvwyjjwcpdu.supabase.co/storage/v1/object/public/car-images/02056277-6c2e-4c87-8fad-2f229318bacd-IMG_9582.jpeg|https://ujfuxpqefdvwyjjwcpdu.supabase.co/storage/v1/object/public/car-images/2c543624-0cc8-4ad3-9a01-764ef1974e91-IMG_9583.jpeg,90-Day Warranty,false,false
2020,Mazda,6,,,8000,700,70573,Excellent,Gasoline,Automatic,Front-Wheel Drive,Red,Black,JM1GL1TY7L1511054,"Looking for a midsize sedan that blends sporty performance with an upscale interior? This 2020 Mazda6 checks every box. With only 70,573 miles, a clean title, and eye-catching red exterior, it’s a standout on the road. Whether you’re a commuter, first-time buyer, or someone who simply wants a stylish, fun-to-drive ride, this Mazda6 delivers it all — power, comfort, tech, and efficiency in one sharp package.",Engine: 2.5L Inline-4 Cylinder|Title Status: Clean|Bluetooth Connectivity|Backup Camera|Touchscreen Display|Push-Button Start|USB & AUX Ports|Premium Black Interior|Dual-Zone Automatic Climate Control|Steering Wheel Audio & Cruise Controls|Advanced Safety Features (Lane Keep Assist|Blind Spot Monitoring – if equipped)|Alloy Wheels|Excellent Fuel Efficiency|Smooth Handling & Quiet Cabin|Power Windows & Locks|Reliable & Well-Maintained|Sporty Performance with Everyday Comfort|Low Miles & Clean Title|Loaded with Modern Features? Head-Turning Design at a Great Price,https://ujfuxpqefdvwyjjwcpdu.supabase.co/storage/v1/object/public/car-images/79d2767c-5618-488f-a728-e17343e3b65d-IMG_9628.jpeg|https://ujfuxpqefdvwyjjwcpdu.supabase.co/storage/v1/object/public/car-images/7fb77742-cd3a-4c4d-88aa-81c7b1dc5215-IMG_9627.jpeg|https://ujfuxpqefdvwyjjwcpdu.supabase.co/storage/v1/object/public/car-images/8e7ca0fb-b734-4fdd-a8eb-f148e71831bb-IMG_9629.jpeg|https://ujfuxpqefdvwyjjwcpdu.supabase.co/storage/v1/object/public/car-images/3e2f60e4-c26b-4ed7-8155-42baf1f81838-IMG_9630.jpeg|https://ujfuxpqefdvwyjjwcpdu.supabase.co/storage/v1/object/public/car-images/63a4afd9-26dc-4352-877c-6a18c35b7e91-IMG_9631.jpeg|https://ujfuxpqefdvwyjjwcpdu.supabase.co/storage/v1/object/public/car-images/dbaf19a3-b6b6-4b5b-be84-c646775d2863-IMG_9632.jpeg|https://ujfuxpqefdvwyjjwcpdu.supabase.co/storage/v1/object/public/car-images/de7c102d-4960-480e-9313-f165dbd07c7a-IMG_9633.jpeg|https://ujfuxpqefdvwyjjwcpdu.supabase.co/storage/v1/object/public/car-images/294ac732-e0c8-4bc3-b6ae-4e50336523c1-IMG_9634.jpeg|https://ujfuxpqefdvwyjjwcpdu.supabase.co/storage/v1/object/public/car-images/520e47ee-ef61-40e0-b3a0-5755bf3bec66-IMG_9635.jpeg|https://ujfuxpqefdvwyjjwcpdu.supabase.co/storage/v1/object/public/car-images/990ab7aa-bdbf-439b-ba47-36d1f472f7fc-IMG_9636.jpeg|https://ujfuxpqefdvwyjjwcpdu.supabase.co/storage/v1/object/public/car-images/a119776f-7477-408a-a166-bc078bdd2012-IMG_9637.jpeg|https://ujfuxpqefdvwyjjwcpdu.supabase.co/storage/v1/object/public/car-images/db00b667-a239-48f9-99c8-7bb4884d363e-IMG_9638.jpeg|https://ujfuxpqefdvwyjjwcpdu.supabase.co/storage/v1/object/public/car-images/b073451b-ff57-41af-a430-ffab1c86c446-IMG_9639.jpeg|https://ujfuxpqefdvwyjjwcpdu.supabase.co/storage/v1/object/public/car-images/208508c9-ea07-495f-9e58-9e37c3b7f170-IMG_9640.jpeg|https://ujfuxpqefdvwyjjwcpdu.supabase.co/storage/v1/object/public/car-images/2f4ed1f4-1b8f-4eab-b1f3-a1eeb565b588-IMG_9642.jpeg|https://ujfuxpqefdvwyjjwcpdu.supabase.co/storage/v1/object/public/car-images/591486a6-3de2-4562-845b-e2544706bb48-IMG_9643.jpeg|https://ujfuxpqefdvwyjjwcpdu.supabase.co/storage/v1/object/public/car-images/11c30ada-1af4-4e67-a8c6-da34eb86ab70-IMG_9641.jpeg|https://ujfuxpqefdvwyjjwcpdu.supabase.co/storage/v1/object/public/car-images/9103c34c-b101-455c-a643-0db74343faca-IMG_9645.jpeg|https://ujfuxpqefdvwyjjwcpdu.supabase.co/storage/v1/object/public/car-images/bfa3bf9f-968d-4894-a84c-f423d8fc3dc9-IMG_9644.jpeg|https://ujfuxpqefdvwyjjwcpdu.supabase.co/storage/v1/object/public/car-images/6c97d975-ac1c-4eb4-a9c4-d41828daf3ed-IMG_9646.jpeg,90-Day Warranty,false,false
2022,Honda,Civic Sport Sedan ,Sport Sedan 4D,Sedan,6000,800,36000,Excellent,Gasoline,Automatic,Front-Wheel Drive,Black,Black,2HGFE2F51NH518889,"This 2022 Honda Civic Sport Sedan 4D is the perfect combination of style, reliability, and fuel efficiency. With only 36,000 miles, a strong 2.0L engine, and a sporty black-on-black color scheme, this Civic turns heads while keeping your wallet happy. Recently rebuilt, it has been fully repaired and is road-ready for its next owner. Whether you’re a daily commuter, student, or looking for a stylish upgrade, this Civic offers excellent value with all the modern features you need.

Ready to hit the road in style? Contact now",Engine: 2.0L 4-Cylinder|Fuel Economy: Approx. 30 MPG city / 37 MPG highway|Push-Button Start|Sport Mode Driving Option|Apple CarPlay & Android Auto|7” Touchscreen Display|Bluetooth Hands-Free & Audio Streaming|Lane Keep Assist & Lane Departure Warning|Forward Collision Warning & Brake Assist|Adaptive Cruise Control|Backup Camera|USB Ports|Steering Wheel Audio & Cruise Controls|Premium Cloth Sport Seats|18” Alloy Wheels|LED Headlights & Taillights|Power Windows|Mirrors & Locks,https://ujfuxpqefdvwyjjwcpdu.supabase.co/storage/v1/object/public/car-images/7e51f08c-9460-4051-b4b5-04008fe31fbd-IMG_9728.jpeg|https://ujfuxpqefdvwyjjwcpdu.supabase.co/storage/v1/object/public/car-images/b9182815-e8ac-4785-97cc-15e272077e76-IMG_9729.jpeg|https://ujfuxpqefdvwyjjwcpdu.supabase.co/storage/v1/object/public/car-images/4d9f3d2d-43b7-415b-85be-185bf5abc8de-IMG_9727.jpeg|https://ujfuxpqefdvwyjjwcpdu.supabase.co/storage/v1/object/public/car-images/21be024e-9225-4dff-96c4-8a9412980bbf-IMG_9730.jpeg|https://ujfuxpqefdvwyjjwcpdu.supabase.co/storage/v1/object/public/car-images/bf4674c4-3ebc-4325-b142-291568d9336e-IMG_9731.jpeg|https://ujfuxpqefdvwyjjwcpdu.supabase.co/storage/v1/object/public/car-images/5c312386-86e0-4979-b368-1b63c303781e-IMG_9732.jpeg|https://ujfuxpqefdvwyjjwcpdu.supabase.co/storage/v1/object/public/car-images/1981a6bd-46e9-4e80-b046-f9b6e27148ef-IMG_9733.jpeg|https://ujfuxpqefdvwyjjwcpdu.supabase.co/storage/v1/object/public/car-images/dd1b1d98-7a07-42c7-8196-10957ef81bb7-IMG_9735.jpeg|https://ujfuxpqefdvwyjjwcpdu.supabase.co/storage/v1/object/public/car-images/fd036c9a-573c-4689-ab14-bbaecd46d256-IMG_9736.jpeg|https://ujfuxpqefdvwyjjwcpdu.supabase.co/storage/v1/object/public/car-images/7f8901e5-64ed-4834-87f4-2f2836b63292-IMG_9737.jpeg|https://ujfuxpqefdvwyjjwcpdu.supabase.co/storage/v1/object/public/car-images/342680ea-dfc7-4ab7-ba73-d82ed39c3781-IMG_9738.jpeg|https://ujfuxpqefdvwyjjwcpdu.supabase.co/storage/v1/object/public/car-images/3cf9e221-f9ef-4ba3-af91-7f3b6bdcdde3-IMG_9740.jpeg|https://ujfuxpqefdvwyjjwcpdu.supabase.co/storage/v1/object/public/car-images/1410a402-c977-4080-bdc0-61577d7ef93c-IMG_9741.jpeg|https://ujfuxpqefdvwyjjwcpdu.supabase.co/storage/v1/object/public/car-images/c055b6a4-e679-4c8f-ab72-0a7e29063628-IMG_9742.jpeg,90-Day Warranty,false,false
2021,Honda,Accord Sport ,Sport Sedan 4D,,8000,600,22850,Excellent,Gasoline,Automatic,Front-Wheel Drive,Grey,Black,1HGCV1F37MA075947,"This 2021 Honda Accord Sport Sedan 4D combines performance, comfort, and advanced tech in one sleek, fuel-efficient package. With only 22k miles, it’s practically brand new and ready for the road.

Whether you’re commuting daily, heading out on road trips, or just want to ride in style, this Accord Sport delivers a smooth ride, sporty design, and legendary Honda reliability.",Engine: 1.5L Turbocharged 4-Cylinder|Fuel Economy: Approx. 30 MPG city / 38 MPG highway|Push-Button Start|Sport Mode|Apple CarPlay & Android Auto|8-Inch Touchscreen Display|Bluetooth Hands-Free Calling & Audio Streaming|Dual-Zone Automatic Climate Control|Lane Keep Assist & Lane Departure Warning|Forward Collision Warning & Collision Mitigation Braking System|Adaptive Cruise Control|Rearview Camera|Premium Cloth Seats with Leather Trim|19” Alloy Sport Wheels|LED Daytime Running Lights|Power Driver’s Seat|Steering Wheel Mounted Controls|Extremely low mileage – Only 22k|One-owner vehicle|Fully paid off – No liens|Loaded with modern tech and safety features|Great gas mileage|Sporty yet refined design,https://ujfuxpqefdvwyjjwcpdu.supabase.co/storage/v1/object/public/car-images/f11b22cb-7147-4538-9afd-db27ccacfe18-IMG_9747.jpeg|https://ujfuxpqefdvwyjjwcpdu.supabase.co/storage/v1/object/public/car-images/d89c8602-dee0-4e57-8cb7-4440e6bab519-IMG_9746.jpeg|https://ujfuxpqefdvwyjjwcpdu.supabase.co/storage/v1/object/public/car-images/6b048d03-f595-4ec0-acd0-b181e337b78a-IMG_9745.jpeg|https://ujfuxpqefdvwyjjwcpdu.supabase.co/storage/v1/object/public/car-images/e65a6cfc-8020-45f7-bc48-5f9a9971a885-IMG_9748.jpeg|https://ujfuxpqefdvwyjjwcpdu.supabase.co/storage/v1/object/public/car-images/aea67707-d63b-496a-b0f2-af799ce4b748-IMG_9749.jpeg|https://ujfuxpqefdvwyjjwcpdu.supabase.co/storage/v1/object/public/car-images/576a03ee-4d07-4665-8eae-13c52b991874-IMG_9750.jpeg|https://ujfuxpqefdvwyjjwcpdu.supabase.co/storage/v1/object/public/car-images/ff4f0e28-914c-456e-ad31-3b65343ea98b-IMG_9751.jpeg|https://ujfuxpqefdvwyjjwcpdu.supabase.co/storage/v1/object/public/car-images/c79e2c8b-6358-4e29-8121-7738b8efe964-IMG_9752.jpeg|https://ujfuxpqefdvwyjjwcpdu.supabase.co/storage/v1/object/public/car-images/f5677e94-9eeb-4db1-9b44-c084311d5f4b-IMG_9753.jpeg|https://ujfuxpqefdvwyjjwcpdu.supabase.co/storage/v1/object/public/car-images/071bc91a-b1ac-413a-a831-916188282bce-IMG_9754.jpeg|https://ujfuxpqefdvwyjjwcpdu.supabase.co/storage/v1/object/public/car-images/c5634048-f06f-41ca-99ea-cdce9e178435-IMG_9755.jpeg|https://ujfuxpqefdvwyjjwcpdu.supabase.co/storage/v1/object/public/car-images/f558f492-28b8-483a-abe9-8a7dae286f28-IMG_9756.jpeg|https://ujfuxpqefdvwyjjwcpdu.supabase.co/storage/v1/object/public/car-images/2683be32-752f-4ebc-9a43-57bbd413c1c6-IMG_9757.jpeg|https://ujfuxpqefdvwyjjwcpdu.supabase.co/storage/v1/object/public/car-images/020aa5d2-c79a-4f76-8d47-cc10816e7f0c-IMG_9758.jpeg,90-Day Warranty,false,false
2016,Mazda,CX-9 Signature ,,4-Door SUV,5000,600,140000,Very Good,Gasoline,Automatic,All-Wheel Drive,,,JM3TCBEY8G0105899,"The 2016 Mazda CX-9 Signature blends premium luxury with family-friendly versatility. This flagship trim comes fully loaded with top-of-the-line features, seating for 7, and advanced driver assistance technology for peace of mind. With a clean title, AWD capability, and a spacious leather interior, it’s perfect for long trips, daily driving, or family adventures.",Engine: 2.5L I4 DOHC 16V Turbocharged|Signature Trim – Top-of-the-line luxury edition|Premium Nappa Leather Interior – First-class comfort|3rd Row Seating – Seats up to 7 passengers|Navigation System & Bose Premium Audio – Premium sound & easy guidance|Backup Camera & Parking Sensors – Added safety when reversing|Blind Spot Monitoring & Lane Keep Assist – Drive with confidence|Adaptive Cruise Control – Stress-free highway driving|Heated & Ventilated Front Seats – All-weather comfort|Power Sunroof – Let in fresh air & natural light|Power Liftgate – Easy loading & unloading|Cold A/C & Strong Heater – Comfort in any season|Clean Title – Drive worry-free|Fully Loaded Signature Trim – Every luxury feature included|AWD – Perfect for all road conditions|Spacious 3rd Row SUV – Ideal for families or road trips|Mazda’s sleek design + reliability,https://ujfuxpqefdvwyjjwcpdu.supabase.co/storage/v1/object/public/car-images/c27b1f40-1ada-460c-b6ef-16fdb9b4362b-IMG_0125.jpeg|https://ujfuxpqefdvwyjjwcpdu.supabase.co/storage/v1/object/public/car-images/2e04cf58-8b87-48ec-bcf8-052760703300-IMG_0124.jpeg|https://ujfuxpqefdvwyjjwcpdu.supabase.co/storage/v1/object/public/car-images/865f4a9f-5006-43bf-8589-58d72847e6c5-IMG_0123.jpeg|https://ujfuxpqefdvwyjjwcpdu.supabase.co/storage/v1/object/public/car-images/619bb7fe-80db-48a3-a489-50c4d90ab9b7-IMG_0109.jpeg|https://ujfuxpqefdvwyjjwcpdu.supabase.co/storage/v1/object/public/car-images/aad14ca0-55fc-493f-9f69-4dd3105d8e6a-IMG_0110.jpeg|https://ujfuxpqefdvwyjjwcpdu.supabase.co/storage/v1/object/public/car-images/dc29f2f5-7e83-40dc-bd62-d9b19908e2b1-IMG_0111.jpeg|https://ujfuxpqefdvwyjjwcpdu.supabase.co/storage/v1/object/public/car-images/d7645972-86d9-41ec-acd5-36fac205f2ff-IMG_0112.jpeg|https://ujfuxpqefdvwyjjwcpdu.supabase.co/storage/v1/object/public/car-images/389c8ebd-2625-4593-85a0-b02e376ee6a5-IMG_0113.jpeg|https://ujfuxpqefdvwyjjwcpdu.supabase.co/storage/v1/object/public/car-images/28975e0a-5636-45e8-8638-e3dd42a7ddc2-IMG_0114.jpeg|https://ujfuxpqefdvwyjjwcpdu.supabase.co/storage/v1/object/public/car-images/b32a4e5b-f128-4436-a08f-92083b870330-IMG_0115.jpeg|https://ujfuxpqefdvwyjjwcpdu.supabase.co/storage/v1/object/public/car-images/868effdd-4d5b-4f8c-906e-0c794e7df5fb-IMG_0116.jpeg|https://ujfuxpqefdvwyjjwcpdu.supabase.co/storage/v1/object/public/car-images/cfbde13a-9836-4d10-b445-31be8a561e39-IMG_0117.jpeg|https://ujfuxpqefdvwyjjwcpdu.supabase.co/storage/v1/object/public/car-images/5c60e38b-482f-4ad8-a0df-62e841423a2e-IMG_0118.jpeg|https://ujfuxpqefdvwyjjwcpdu.supabase.co/storage/v1/object/public/car-images/0059c27e-c654-417e-ab0a-c4b76b72b866-IMG_0119.jpeg|https://ujfuxpqefdvwyjjwcpdu.supabase.co/storage/v1/object/public/car-images/29fe0ca7-919e-4ba9-82d2-e45e22b2c53f-IMG_0120.jpeg|https://ujfuxpqefdvwyjjwcpdu.supabase.co/storage/v1/object/public/car-images/2b28ee3d-a955-4b43-9361-f348df0e3444-IMG_0121.jpeg|https://ujfuxpqefdvwyjjwcpdu.supabase.co/storage/v1/object/public/car-images/c7f8d43a-9c79-4ab2-9462-1e5c2099caa5-IMG_0122.jpeg,90-Day Warranty,false,false
2022,Honda,Civic EX,EX Sedan 4D,,7000,600,63000,Very Good,Gasoline,Automatic,,Red,Black,2HGFE1F79NH304681,"This 2022 Honda Civic EX delivers the perfect balance of sporty performance, comfort, and technology. Known for its outstanding fuel economy, reliability, and resale value, this Civic is an excellent choice for daily commuting or long drives. It previously had cosmetic damage, which has been fully repaired, making it road-ready while saving you thousands compared to market prices.",Title: Rebuilt (Fully Repaired & Road Ready)|2.0L I4 Engine – Efficient & responsive|Automatic Transmission – Smooth gear shifts|Honda Sensing® Safety Suite – Collision Mitigation|Lane Keep Assist|Adaptive Cruise Control|Apple CarPlay & Android Auto – Seamless smartphone integration|One-Touch Power Moonroof – Enjoy fresh air & open sky views|Backup Camera – Makes parking and reversing easy|Heated Front Seats – Comfort in cold weather|Dual-Zone Climate Control – Personalized comfort for driver & passenger|LED Headlights – Bright and stylish illumination|Push Button Start – Keyless convenience|Premium Cloth Interior – Durable & comfortable seating|Bluetooth Connectivity – Hands-free calls & audio streaming|Sporty Alloy Wheels – Adds a sleek look to your drive|Fuel-efficient yet fun to drive|Packed with advanced safety tech|Affordable price with premium features|Rebuilt title = huge savings without sacrificing quality,https://ujfuxpqefdvwyjjwcpdu.supabase.co/storage/v1/object/public/car-images/1bf5f304-5e8b-4daa-9318-e5e7670ceea5-IMG_0049.jpeg|https://ujfuxpqefdvwyjjwcpdu.supabase.co/storage/v1/object/public/car-images/7adcd489-4d12-40d1-8f65-9cc7e8720051-IMG_0048.jpeg|https://ujfuxpqefdvwyjjwcpdu.supabase.co/storage/v1/object/public/car-images/335797ce-f09d-45de-b230-a398a196bd45-IMG_0046.jpeg|https://ujfuxpqefdvwyjjwcpdu.supabase.co/storage/v1/object/public/car-images/37db6e70-b9fd-4a35-90a4-a04697c7019d-IMG_0045.jpeg|https://ujfuxpqefdvwyjjwcpdu.supabase.co/storage/v1/object/public/car-images/d0028754-49ee-434d-ac9a-fcf8b584eea2-IMG_0044.jpeg|https://ujfuxpqefdvwyjjwcpdu.supabase.co/storage/v1/object/public/car-images/fc0f0bf5-d600-4f96-b53c-e17ee4234c59-IMG_0043.jpeg|https://ujfuxpqefdvwyjjwcpdu.supabase.co/storage/v1/object/public/car-images/dbc788fe-7acb-40c5-aa44-da94b9781135-IMG_0042.jpeg|https://ujfuxpqefdvwyjjwcpdu.supabase.co/storage/v1/object/public/car-images/a835c042-4a1f-4db2-8ad8-d782dd888240-IMG_0040.jpeg|https://ujfuxpqefdvwyjjwcpdu.supabase.co/storage/v1/object/public/car-images/ba0761c6-33ee-425a-a562-422ea47ecd19-IMG_0041.jpeg|https://ujfuxpqefdvwyjjwcpdu.supabase.co/storage/v1/object/public/car-images/a5d7f06c-7a9e-4642-a2f9-0694118666d3-IMG_0038.jpeg|https://ujfuxpqefdvwyjjwcpdu.supabase.co/storage/v1/object/public/car-images/69cac730-e1ee-4d32-a2d5-43c4e4053ea5-IMG_0039.jpeg|https://ujfuxpqefdvwyjjwcpdu.supabase.co/storage/v1/object/public/car-images/ea832e13-69d5-4eba-9b97-782ab18b1909-IMG_0047.jpeg|https://ujfuxpqefdvwyjjwcpdu.supabase.co/storage/v1/object/public/car-images/c21050ae-6fd2-4f34-b892-11f70a4217a4-IMG_0050.jpeg|https://ujfuxpqefdvwyjjwcpdu.supabase.co/storage/v1/object/public/car-images/bc934dec-a536-498b-afa4-ec65046ffe7c-IMG_0051.jpeg|https://ujfuxpqefdvwyjjwcpdu.supabase.co/storage/v1/object/public/car-images/f7176d4e-906d-41a4-8e7f-cad8bf4652fd-IMG_0052.jpeg|https://ujfuxpqefdvwyjjwcpdu.supabase.co/storage/v1/object/public/car-images/426ab2a0-ae63-4b0f-ab19-aa761171d065-IMG_0053.jpeg|https://ujfuxpqefdvwyjjwcpdu.supabase.co/storage/v1/object/public/car-images/2fc2f9cf-4894-4c08-8e9a-2496c32d6e64-IMG_0054.jpeg|https://ujfuxpqefdvwyjjwcpdu.supabase.co/storage/v1/object/public/car-images/9727434d-5389-477b-b09e-8929ddac1f26-IMG_0055.jpeg,90-Day Warranty,false,false
2021,Toyota,Camry SE,SE Sedan 4D,,6000,800,75000,Excellent,Gasoline,Automatic,,Red,Beige,4T1G11AK9MU461578,"This 2021 Toyota Camry SE combines sporty style, outstanding reliability, and modern features in one sleek package. With 75K miles, it’s in excellent mechanical condition and ready for many more years on the road. The vehicle had prior cosmetic damage, now fully repaired — giving you a like-new Camry at a fraction of the market price.",Title: Rebuilt (Fully Repaired & Road Ready)|Owners: 1|2.5L 4-Cylinder Engine – Excellent fuel efficiency & performance|Sport-Tuned Suspension – Smooth and fun driving experience|Automatic Transmission – Effortless gear shifts|Apple CarPlay & Android Auto – Stay connected on the go|Backup Camera – Park with ease and confidence|Sporty Exterior Styling – Aggressive front grille and sleek body lines|LED Headlights & DRLs – Stylish and bright illumination|Premium Cloth/Leather-Trimmed Seats – Comfort meets durability|Power Windows|Locks & Mirrors – Full convenience at your fingertips|Bluetooth Connectivity – Hands-free calls and music streaming|Spacious Interior – Seats 5 comfortably with generous trunk space|Toyota’s legendary reliability & low maintenance|Sporty SE trim with premium features|Rebuilt title means big savings compared to market value|Clean and comfortable interior with excellent fuel economy,https://ujfuxpqefdvwyjjwcpdu.supabase.co/storage/v1/object/public/car-images/daa10462-0c73-44be-ab5f-29dc80d5e5e1-IMG_0014.jpeg|https://ujfuxpqefdvwyjjwcpdu.supabase.co/storage/v1/object/public/car-images/987a5495-9e07-44ac-953d-43190fe2a128-IMG_0015.jpeg|https://ujfuxpqefdvwyjjwcpdu.supabase.co/storage/v1/object/public/car-images/2151f88d-309e-4c32-a7e3-00af3d1dc8dc-IMG_0012.jpeg|https://ujfuxpqefdvwyjjwcpdu.supabase.co/storage/v1/object/public/car-images/d34e0ad5-13b4-411e-9e15-f04092bacc6a-IMG_0011.jpeg|https://ujfuxpqefdvwyjjwcpdu.supabase.co/storage/v1/object/public/car-images/072eca97-3914-487a-9315-7abeb1f9e887-IMG_0007.jpeg|https://ujfuxpqefdvwyjjwcpdu.supabase.co/storage/v1/object/public/car-images/3d05c263-c8e1-45e8-93b1-ffc6ed956694-IMG_0009.jpeg|https://ujfuxpqefdvwyjjwcpdu.supabase.co/storage/v1/object/public/car-images/8cd0f0ec-1d3d-455c-8ce3-7bb7509eaea6-IMG_0008.jpeg|https://ujfuxpqefdvwyjjwcpdu.supabase.co/storage/v1/object/public/car-images/185b90c5-dd45-446b-9dde-d92fcd5d7dba-IMG_0004.jpeg|https://ujfuxpqefdvwyjjwcpdu.supabase.co/storage/v1/object/public/car-images/ab0186ed-b187-403e-a34d-42ef390dd3c9-IMG_0006.jpeg|https://ujfuxpqefdvwyjjwcpdu.supabase.co/storage/v1/object/public/car-images/73de8b58-1e37-4b41-ae31-ca72298d5b6b-IMG_0005.jpeg|https://ujfuxpqefdvwyjjwcpdu.supabase.co/storage/v1/object/public/car-images/12efffdc-fe19-426f-b856-9bc8bf087874-IMG_0010.jpeg|https://ujfuxpqefdvwyjjwcpdu.supabase.co/storage/v1/object/public/car-images/da30a266-e0cb-4f8a-a4e8-d0aaaf08fc43-IMG_0013.jpeg|https://ujfuxpqefdvwyjjwcpdu.supabase.co/storage/v1/object/public/car-images/a87afc4b-d6a5-4bd7-be76-8a86c44a8893-IMG_0016.jpeg|https://ujfuxpqefdvwyjjwcpdu.supabase.co/storage/v1/object/public/car-images/190cb173-818d-4c2e-94f8-44e1596c96fd-IMG_0019.jpeg|https://ujfuxpqefdvwyjjwcpdu.supabase.co/storage/v1/object/public/car-images/98286f94-53c7-4839-b21f-5ea4c0a97471-IMG_0020.jpeg|https://ujfuxpqefdvwyjjwcpdu.supabase.co/storage/v1/object/public/car-images/3475d196-96f1-47d0-8c2e-378b5c524de3-IMG_0021.jpeg|https://ujfuxpqefdvwyjjwcpdu.supabase.co/storage/v1/object/public/car-images/ab201f1f-0d4b-4a5e-9cf1-7300084a3fda-IMG_0018.jpeg|https://ujfuxpqefdvwyjjwcpdu.supabase.co/storage/v1/object/public/car-images/03742980-0884-4391-bea7-116346dc56b6-IMG_0017.jpeg,90-Day Warranty,false,false
2021,Honda,Civic Sport,Sport Sedan 4D,,6000,800,88405,Excellent,Gasoline,Automatic,,Grey,Black,2HGFC2F89MH501627,"This 2021 Honda Civic Sport is a clean, well-maintained sedan that offers sporty styling and Honda’s legendary reliability. With 88k miles, it runs and drives flawlessly, and all maintenance has been done regularly. Detailed inside and out, this Civic looks as sharp as it drives. The rebuilt title reflects prior minor damage that has been professionally repaired — everything works perfectly.",Engine: 2.0L I4 – Efficient & responsive|Title: Rebuilt (Minor damage|fully repaired & road ready)|Push Button Start 🔘|ECON Mode for fuel savings|Great Tires – Ready for the road|Sport Styling with aggressive design|Backup Camera – Safer reversing|Bluetooth & Hands-Free Calling 📱|Cruise Control – Smooth highway driving|Cloth Sport Seats with red stitching|Power Windows|Locks & Mirrors|Cold A/C & Strong Heater|Spacious interior with modern tech|Reliable daily driver with sporty looks|Fuel-efficient yet fun to drive|Professionally repaired rebuilt title = big savings|Detailed inside & out|ready for a new owner,https://ujfuxpqefdvwyjjwcpdu.supabase.co/storage/v1/object/public/car-images/2d5f0b4b-6fa2-4594-94b1-9d96f77946d0-IMG_0387.jpeg|https://ujfuxpqefdvwyjjwcpdu.supabase.co/storage/v1/object/public/car-images/cb945f38-e91f-4628-a608-f0bc404a6179-IMG_0386.jpeg|https://ujfuxpqefdvwyjjwcpdu.supabase.co/storage/v1/object/public/car-images/837527b5-dad2-4504-8580-b9fde304b73f-IMG_0388.jpeg|https://ujfuxpqefdvwyjjwcpdu.supabase.co/storage/v1/object/public/car-images/68f61e8b-0d76-4a84-8a0e-1c69e06d6d2a-IMG_0389.jpeg|https://ujfuxpqefdvwyjjwcpdu.supabase.co/storage/v1/object/public/car-images/89d3d1f8-fa63-469b-a9f8-b47544ed8e84-IMG_0390.jpeg|https://ujfuxpqefdvwyjjwcpdu.supabase.co/storage/v1/object/public/car-images/e99ac837-f70a-4181-ac6a-3f5bbb17454f-IMG_0391.jpeg|https://ujfuxpqefdvwyjjwcpdu.supabase.co/storage/v1/object/public/car-images/d302b138-d1f3-448a-b657-0e099962624c-IMG_0392.jpeg|https://ujfuxpqefdvwyjjwcpdu.supabase.co/storage/v1/object/public/car-images/8caa5340-1fd7-45d3-946d-09cde53ab544-IMG_0393.jpeg|https://ujfuxpqefdvwyjjwcpdu.supabase.co/storage/v1/object/public/car-images/bb7dc285-c896-4513-9c2e-2d1d8ef20805-IMG_0394.jpeg|https://ujfuxpqefdvwyjjwcpdu.supabase.co/storage/v1/object/public/car-images/670b6c2a-ee59-468e-8196-9fccac15ba83-IMG_0395.jpeg|https://ujfuxpqefdvwyjjwcpdu.supabase.co/storage/v1/object/public/car-images/43bfc2a2-62c6-45dc-9c7a-7813417f5596-IMG_0396.jpeg|https://ujfuxpqefdvwyjjwcpdu.supabase.co/storage/v1/object/public/car-images/1ed3d650-ced3-4a59-8f92-d3d608b63236-IMG_0397.jpeg|https://ujfuxpqefdvwyjjwcpdu.supabase.co/storage/v1/object/public/car-images/6b02ed5f-642d-4d04-bd4d-f8206359d4ce-IMG_0402.jpeg|https://ujfuxpqefdvwyjjwcpdu.supabase.co/storage/v1/object/public/car-images/9278632c-68a5-4910-ba4e-f9bebe877efe-IMG_0401.jpeg|https://ujfuxpqefdvwyjjwcpdu.supabase.co/storage/v1/object/public/car-images/424d493b-a0f7-4d58-bac6-88d9a907d8e5-IMG_0403.jpeg|https://ujfuxpqefdvwyjjwcpdu.supabase.co/storage/v1/object/public/car-images/33a7d6dd-61e2-4c36-9f00-c6708f8f5779-IMG_0400.jpeg|https://ujfuxpqefdvwyjjwcpdu.supabase.co/storage/v1/object/public/car-images/7ba4eb7b-1602-475e-9410-2947f398649f-IMG_0398.jpeg|https://ujfuxpqefdvwyjjwcpdu.supabase.co/storage/v1/object/public/car-images/83020ac0-6297-4a9d-9e89-0b1697b8ea1e-IMG_0399.jpeg,90-Day Warranty,false,false
2021,Acura,ILX Premium w/ A-Spec Package,Premium & A-Spec Pkgs Sedan 4D,,7000,800,96291,Excellent,Gasoline,Automatic,,White,Black Leather w/ A-Spec Red Stitching,19UDE2F82MA006105,"This 2021 Acura ILX Premium with A-Spec Package is the perfect blend of luxury, sport, and reliability. With its bold styling, upscale interior, and premium driving dynamics, this sedan is ideal for anyone who wants both comfort and performance. Featuring a clean title and only 96k miles, this ILX has been well maintained and is ready for its new owner.",Title: Clean|Engine: 2.4L 4-Cylinder (201 HP)|Owners: 2|Premium & A-Spec Packages – Unique sporty styling and premium features|Sunroof / Moonroof – Enjoy fresh air and natural light|Navigation System – Easy and accurate directions on the go|Heated Leather Seats – All-weather comfort|Tinted Windows – UV protection & privacy|Apple CarPlay & Android Auto – Smartphone connectivity|Premium Audio System – Crisp sound quality|Bluetooth Hands-Free & Streaming – Stay connected on the road|Backup Camera – Safer reversing and parking|Blind Spot Monitoring – Extra safety awareness|Dual-Zone Automatic Climate Control – Personalized comfort|Push Button Start & Keyless Entry – Convenience at your fingertips|Power Adjustable Front Seats – Comfort tailored to you|LED Headlights & Fog Lights – Modern illumination|Sport Seats with Contrast Stitching – Stylish and comfortable|Sporty A-Spec styling with luxury comfort|Premium features & safety tech|Clean title – no major issues|Runs smooth and needs nothing|Affordable entry into luxury performance,https://ujfuxpqefdvwyjjwcpdu.supabase.co/storage/v1/object/public/car-images/d33be1f1-50aa-480e-a367-9fd7075513cc-IMG_0421.jpeg|https://ujfuxpqefdvwyjjwcpdu.supabase.co/storage/v1/object/public/car-images/d863c0aa-d8b2-45e1-afc4-df265438d9af-IMG_0418.jpeg|https://ujfuxpqefdvwyjjwcpdu.supabase.co/storage/v1/object/public/car-images/223cd588-fcd9-4185-82ed-6e449e1f80b2-IMG_0420.jpeg|https://ujfuxpqefdvwyjjwcpdu.supabase.co/storage/v1/object/public/car-images/20968ef9-d246-4019-8351-133a5f379519-IMG_0419.jpeg|https://ujfuxpqefdvwyjjwcpdu.supabase.co/storage/v1/object/public/car-images/cc2737f0-1118-4475-bda0-4c2d912a96fc-IMG_0423.jpeg|https://ujfuxpqefdvwyjjwcpdu.supabase.co/storage/v1/object/public/car-images/3ab199a0-8c96-4756-abf2-1dcc48675b2d-IMG_0424.jpeg|https://ujfuxpqefdvwyjjwcpdu.supabase.co/storage/v1/object/public/car-images/73d92d0b-7c38-4e12-a9ac-41ace48a637f-IMG_0432.jpeg|https://ujfuxpqefdvwyjjwcpdu.supabase.co/storage/v1/object/public/car-images/1373c8ce-7df9-4b2d-966c-f2bd9d8e2fdc-IMG_0436.jpeg|https://ujfuxpqefdvwyjjwcpdu.supabase.co/storage/v1/object/public/car-images/f0f2187a-3b14-453b-ab94-22f4812b8ecc-IMG_0435.jpeg|https://ujfuxpqefdvwyjjwcpdu.supabase.co/storage/v1/object/public/car-images/296f9abf-cd14-4d09-988f-d49c0bd97ef7-IMG_0434.jpeg|https://ujfuxpqefdvwyjjwcpdu.supabase.co/storage/v1/object/public/car-images/1cd1f631-27da-4058-887e-0ecbb6171971-IMG_0431.jpeg|https://ujfuxpqefdvwyjjwcpdu.supabase.co/storage/v1/object/public/car-images/6fac4d8b-c044-4508-83da-964b0535430f-IMG_0429.jpeg|https://ujfuxpqefdvwyjjwcpdu.supabase.co/storage/v1/object/public/car-images/cc4b2e90-9f25-47b4-8b7b-e73bceac6ebb-IMG_0430.jpeg|https://ujfuxpqefdvwyjjwcpdu.supabase.co/storage/v1/object/public/car-images/12c84ae8-68cb-4c20-bdaa-2bdda7885f6f-IMG_0427.jpeg|https://ujfuxpqefdvwyjjwcpdu.supabase.co/storage/v1/object/public/car-images/4ccab586-0317-4cbe-985b-43069da548b1-IMG_0426.jpeg|https://ujfuxpqefdvwyjjwcpdu.supabase.co/storage/v1/object/public/car-images/96ead73a-a618-4533-aeeb-d052b5655f0b-IMG_0425.jpeg|https://ujfuxpqefdvwyjjwcpdu.supabase.co/storage/v1/object/public/car-images/c0ec15cb-f548-4389-80ff-1c6e401733fd-IMG_0422.jpeg|https://ujfuxpqefdvwyjjwcpdu.supabase.co/storage/v1/object/public/car-images/cd0ca711-dc7b-43ed-b56d-8bc616994d71-IMG_0428.jpeg|https://ujfuxpqefdvwyjjwcpdu.supabase.co/storage/v1/object/public/car-images/cb8bb186-6d2f-438a-8d65-753bfeb12def-IMG_0433.jpeg,90-Day Warranty,false,false
2018,Infiniti,Q60 Red Sport 400,Red Sport 400 Coupe 2D,,9000,800,64000,Excellent,Gasoline,Automatic,,Black,Red Leather,JN1FV7EK0JM530982,"The 2018 Infiniti Q60 Red Sport 400 is a true luxury sports coupe, designed for drivers who demand performance, comfort, and cutting-edge technology. With its twin-turbocharged V6 engine pushing out 400 horsepower, sleek black exterior, and bold red leather interior, this car makes a statement everywhere it goes.

Despite having a rebuilt title, this vehicle has been professionally restored, runs flawlessly, and is ready to impress its next owner.",Title: Rebuilt (Fully repaired & road ready)|Engine: 3.0L V6 Twin-Turbo (400 HP)|Fuel Economy: 20 MPG city • 27 MPG highway • 22 MPG combined|Owners: 1|Paid Off|400 HP Twin-Turbo V6 Engine – Serious performance with smooth power delivery|Sport-Tuned Suspension – Dynamic handling and driving excitement|Red Leather Sport Seats – Premium comfort and bold styling|Navigation System – Easy and reliable guidance|Heated Front Seats – Comfort in cold weather|Premium Bose Audio System – Crystal-clear sound quality|Bluetooth & Hands-Free Calling – Stay connected on the go|Backup Camera & Parking Sensors – Added safety and convenience|Power Adjustable Front Seats – Driver-focused comfort|LED Headlights & Taillights – Stylish and bright illumination|Push Button Start & Keyless Entry – Modern convenience|Dual-Zone Climate Control – Comfort for both driver and passenger|Luxury coupe with high-performance power|Bold styling with black/red color combo|Rebuilt title = big savings compared to market value|Fully paid off – no liens|Ready to drive and enjoy today,https://ujfuxpqefdvwyjjwcpdu.supabase.co/storage/v1/object/public/car-images/ccd80e6f-9a89-4569-b888-230cf5140d5e-IMG_0507.jpeg|https://ujfuxpqefdvwyjjwcpdu.supabase.co/storage/v1/object/public/car-images/6264d72b-1cf2-4c57-b2a0-edcec107d8a8-IMG_0508.jpeg|https://ujfuxpqefdvwyjjwcpdu.supabase.co/storage/v1/object/public/car-images/ccf13356-2303-4384-ab21-c4fbdf074f70-IMG_0506.jpeg|https://ujfuxpqefdvwyjjwcpdu.supabase.co/storage/v1/object/public/car-images/280b1cc4-8ac1-4bd7-b529-bcbe3daecfc2-IMG_0510.jpeg|https://ujfuxpqefdvwyjjwcpdu.supabase.co/storage/v1/object/public/car-images/1d91c7ef-6f5a-411b-b089-e953cac68346-IMG_0512.jpeg|https://ujfuxpqefdvwyjjwcpdu.supabase.co/storage/v1/object/public/car-images/64505c32-5c91-49c0-bd05-359310d4dd48-IMG_0513.jpeg|https://ujfuxpqefdvwyjjwcpdu.supabase.co/storage/v1/object/public/car-images/dd18998b-e1c1-4d98-a74b-9d6fccba6e59-IMG_0515.jpeg|https://ujfuxpqefdvwyjjwcpdu.supabase.co/storage/v1/object/public/car-images/f5e0ce2c-82fb-4d88-b43e-ab7bfbd6ef6d-IMG_0514.jpeg|https://ujfuxpqefdvwyjjwcpdu.supabase.co/storage/v1/object/public/car-images/8584640f-f51a-4a65-a2ad-3b8ecc037f0c-IMG_0516.jpeg|https://ujfuxpqefdvwyjjwcpdu.supabase.co/storage/v1/object/public/car-images/277ded5c-bad8-432c-a50d-25ca648bd9b1-IMG_0522.jpeg|https://ujfuxpqefdvwyjjwcpdu.supabase.co/storage/v1/object/public/car-images/8db33aa5-74e7-404a-a456-887919ad1221-IMG_0523.jpeg|https://ujfuxpqefdvwyjjwcpdu.supabase.co/storage/v1/object/public/car-images/77fab952-61dd-4629-8611-ae05c0593029-IMG_0517.jpeg|https://ujfuxpqefdvwyjjwcpdu.supabase.co/storage/v1/object/public/car-images/91fac21a-b746-4a4e-a540-b12c68827c82-IMG_0520.jpeg|https://ujfuxpqefdvwyjjwcpdu.supabase.co/storage/v1/object/public/car-images/03e4c7dd-d5cd-4eb7-8700-7b008c16d67d-IMG_0521.jpeg|https://ujfuxpqefdvwyjjwcpdu.supabase.co/storage/v1/object/public/car-images/45bd9154-c051-449e-87a7-81bb98bc2777-IMG_0518.jpeg|https://ujfuxpqefdvwyjjwcpdu.supabase.co/storage/v1/object/public/car-images/61e130ee-9809-455b-91d9-2a5b980a8a49-IMG_0511.jpeg|https://ujfuxpqefdvwyjjwcpdu.supabase.co/storage/v1/object/public/car-images/61cad1a3-730c-459e-aadd-c4f59bae1147-IMG_0509.jpeg|https://ujfuxpqefdvwyjjwcpdu.supabase.co/storage/v1/object/public/car-images/5f2a1ea1-cbf9-4fcf-a5b0-bb9191e493a3-IMG_0519.jpeg,90-Day Warranty,false,false
2022,Toyota,Corolla SE,SE Sedan 4D,,6000,700,43000,Very Good,Gasoline,Automatic,,White,Black,JTDS4MCEXNJ085300,"This 2022 Toyota Corolla SE combines sporty design, Toyota reliability, and excellent fuel efficiency. With only 43k miles, this sedan is in great condition and ready for daily commuting or long drives. The rebuilt title reflects prior cosmetic damage that’s been fully repaired, giving you a dependable car at a fraction of the market price.",Title: Rebuilt (Professionally repaired & road ready)|Engine: 2.0L I4 – Strong performance & fuel efficiency|Sport-Tuned Suspension – Confident|responsive drive|Apple CarPlay & Android Auto – Seamless smartphone integration|Backup Camera – Easy and safe reversing|LED Headlights & Daytime Running Lights – Sharp visibility|Sport Seats with Cloth & Leather Trim – Comfortable and stylish interior|Bluetooth Connectivity – Hands-free calling & streaming|Cruise Control – Smooth highway driving|Automatic Climate Control – Perfect cabin comfort|Power Windows|Locks & Mirrors – Full convenience|Safety Features: Lane Departure Alert|Pre-Collision System|Adaptive Cruise Control|Low mileage – only 43k miles|Sporty styling & modern tech|Rebuilt title = huge savings|Toyota’s legendary reliability,https://ujfuxpqefdvwyjjwcpdu.supabase.co/storage/v1/object/public/car-images/b4f7fc02-ad5b-4915-84ec-8ab01ea49d0f-IMG_0538.jpeg|https://ujfuxpqefdvwyjjwcpdu.supabase.co/storage/v1/object/public/car-images/622153d9-a235-4e75-9ed1-f9bde5fd7f65-IMG_0543.jpeg|https://ujfuxpqefdvwyjjwcpdu.supabase.co/storage/v1/object/public/car-images/ef261398-ccf0-4659-a58f-2166e610b187-IMG_0539.jpeg|https://ujfuxpqefdvwyjjwcpdu.supabase.co/storage/v1/object/public/car-images/4ea948c5-aae4-45cc-bd6c-bd514dfe0d13-IMG_0541.jpeg|https://ujfuxpqefdvwyjjwcpdu.supabase.co/storage/v1/object/public/car-images/e4c8308b-75e9-476d-adc9-ab441111477a-IMG_0532.jpeg|https://ujfuxpqefdvwyjjwcpdu.supabase.co/storage/v1/object/public/car-images/865d4de6-69bf-46e3-8491-58ddbc7884ea-IMG_0533.jpeg|https://ujfuxpqefdvwyjjwcpdu.supabase.co/storage/v1/object/public/car-images/745c1f5e-53ca-40eb-bfa0-1823236b916b-IMG_0531.jpeg|https://ujfuxpqefdvwyjjwcpdu.supabase.co/storage/v1/object/public/car-images/c9dc810d-2eae-4487-8112-dfbba1cb960a-IMG_0529.jpeg|https://ujfuxpqefdvwyjjwcpdu.supabase.co/storage/v1/object/public/car-images/a70d9edb-67e1-4ac9-ace1-92cd0cd8a4e6-IMG_0526.jpeg|https://ujfuxpqefdvwyjjwcpdu.supabase.co/storage/v1/object/public/car-images/b9dbf8be-d278-4959-9889-d551be305e59-IMG_0527.jpeg|https://ujfuxpqefdvwyjjwcpdu.supabase.co/storage/v1/object/public/car-images/1cca671b-5edc-4819-88fe-1c073c9bdad4-IMG_0528.jpeg|https://ujfuxpqefdvwyjjwcpdu.supabase.co/storage/v1/object/public/car-images/e916c171-cb48-4499-906b-9f5662f2b5e1-IMG_0530.jpeg|https://ujfuxpqefdvwyjjwcpdu.supabase.co/storage/v1/object/public/car-images/4e8d0826-06cc-48fb-8055-70a64426d977-IMG_0534.jpeg|https://ujfuxpqefdvwyjjwcpdu.supabase.co/storage/v1/object/public/car-images/e6e14507-7ed1-42e9-a571-4901832af0b6-IMG_0536.jpeg|https://ujfuxpqefdvwyjjwcpdu.supabase.co/storage/v1/object/public/car-images/52fdda58-a845-45a5-9018-04998c94b779-IMG_0540.jpeg|https://ujfuxpqefdvwyjjwcpdu.supabase.co/storage/v1/object/public/car-images/a2f34199-adb6-4a57-a7a4-94a9bc853b5c-IMG_0542.png|https://ujfuxpqefdvwyjjwcpdu.supabase.co/storage/v1/object/public/car-images/0044bb55-c3b9-4d71-9d94-6f57c04bfebd-IMG_0535.jpeg|https://ujfuxpqefdvwyjjwcpdu.supabase.co/storage/v1/object/public/car-images/a9ef5c5a-5cda-4678-8af4-b9c0123b9b12-IMG_0537.jpeg,90-Day Warranty,false,false
2025,Honda,Civic Sport,Sport Sedan 4D,,10000,800,5000,Excellent,Gasoline,Automatic,,Grey,Black,,"Step into the future of driving with this 2025 Honda Civic Sport. With only 5K miles, this car is like new, offering a sporty design, Honda reliability, and all the modern features you expect. It carries a rebuilt title due to minor prior damage but has been professionally repaired and is 100% road ready. Perfect for daily commuting or anyone looking for a reliable, stylish, fuel-efficient sedan at a fraction of the cost.",Title: Rebuilt (Professionally repaired|road ready)|Engine: 2.0L 4-Cylinder – Sporty & efficient|Owners: 1|Paid Off|Push-Button Start|Apple CarPlay & Android Auto|Backup Camera|Lane Departure Warning & Adaptive Cruise Control|Bluetooth Hands-Free & Audio Streaming|Premium Sport Seats|Automatic Climate Control|Power Windows|Locks & Mirrors|LED Headlights & Daytime Running Lights|Excellent Fuel Economy|Sporty Styling – Aggressive front grille & alloy wheels|Like new – only 5|000 miles|Honda’s legendary reliability & efficiency|Packed with modern safety & tech features|Rebuilt title = big savings compared to market value,https://ujfuxpqefdvwyjjwcpdu.supabase.co/storage/v1/object/public/car-images/fdebd146-f29b-4151-b514-2b962fa7c19b-IMG_0554.jpeg|https://ujfuxpqefdvwyjjwcpdu.supabase.co/storage/v1/object/public/car-images/d548aee3-4d5f-4361-8dee-624ed21761f7-IMG_0545.jpeg|https://ujfuxpqefdvwyjjwcpdu.supabase.co/storage/v1/object/public/car-images/d903ecc2-4973-4bfa-a9fd-d15cf2bf019a-IMG_0546.jpeg|https://ujfuxpqefdvwyjjwcpdu.supabase.co/storage/v1/object/public/car-images/39b01a36-8161-4f13-9b18-fbee8f6ac613-IMG_0548.jpeg|https://ujfuxpqefdvwyjjwcpdu.supabase.co/storage/v1/object/public/car-images/7b3aadab-26c2-48c3-8423-5cad3ced964b-IMG_0549.jpeg|https://ujfuxpqefdvwyjjwcpdu.supabase.co/storage/v1/object/public/car-images/0585407c-a965-4275-87ca-c31ab4083ab5-IMG_0547.jpeg|https://ujfuxpqefdvwyjjwcpdu.supabase.co/storage/v1/object/public/car-images/0de8accd-7bf0-4131-bb34-36bd65aa2cca-IMG_0550.jpeg|https://ujfuxpqefdvwyjjwcpdu.supabase.co/storage/v1/object/public/car-images/9d9ef62e-5ba5-474b-a01e-457469fd3dc3-IMG_0558.jpeg|https://ujfuxpqefdvwyjjwcpdu.supabase.co/storage/v1/object/public/car-images/70d3a88e-805e-451d-a060-ea218b6a6a5b-IMG_0563.jpeg|https://ujfuxpqefdvwyjjwcpdu.supabase.co/storage/v1/object/public/car-images/275a651c-5226-4460-9134-403f190434ac-IMG_0560.jpeg|https://ujfuxpqefdvwyjjwcpdu.supabase.co/storage/v1/object/public/car-images/7f28a5a0-65df-4897-92c3-16fc5e2b84b6-IMG_0552.jpeg|https://ujfuxpqefdvwyjjwcpdu.supabase.co/storage/v1/object/public/car-images/69c6842d-b685-4f2e-88d4-9135c6a82433-IMG_0551.jpeg|https://ujfuxpqefdvwyjjwcpdu.supabase.co/storage/v1/object/public/car-images/032c6800-c4c3-4693-b32f-ea9b7c2661d1-IMG_0553.jpeg|https://ujfuxpqefdvwyjjwcpdu.supabase.co/storage/v1/object/public/car-images/30350bd9-58f3-49f3-932b-1aad69afa24b-IMG_0556.jpeg|https://ujfuxpqefdvwyjjwcpdu.supabase.co/storage/v1/object/public/car-images/ac0b746f-e07e-43bd-9c66-65e0242aaec0-IMG_0555.jpeg|https://ujfuxpqefdvwyjjwcpdu.supabase.co/storage/v1/object/public/car-images/0719a5c1-f3b1-4684-9524-8a1f8ed242c5-IMG_0559.jpeg|https://ujfuxpqefdvwyjjwcpdu.supabase.co/storage/v1/object/public/car-images/040565e4-fb07-41ec-83fb-26717517bfc1-IMG_0561.jpeg|https://ujfuxpqefdvwyjjwcpdu.supabase.co/storage/v1/object/public/car-images/5c1ef38f-b807-4976-9ed7-98ea7d25b51b-IMG_0562.jpeg|https://ujfuxpqefdvwyjjwcpdu.supabase.co/storage/v1/object/public/car-images/cdba6f87-9c80-48d2-b2b8-c8017dfc7288-IMG_0557.jpeg,90-Day Warranty,false,false
2019,Honda,Accord Sport 2.0,Sport Special Edition Sedan 4D,,6000,800,52000,Very Good,Gasoline,Automatic,,Black,Black,1HGCV2F33KA034105,"This 2019 Honda Accord Sport 2.0 is the perfect mix of performance, technology, and everyday practicality. Powered by a turbocharged 2.0L engine paired with a 10-speed automatic transmission, it delivers exhilarating performance while maintaining Honda’s legendary reliability.

With only 52K miles, a sporty black-on-black look, and premium features, this Accord offers tremendous value. The rebuilt title reflects prior cosmetic damage that has been fully repaired — making it a road-ready, powerful sedan at a fraction of the market price.",Title: Rebuilt (Fully repaired & road ready)|Engine: 2.0L Turbocharged 4-Cylinder (252 HP)|Owners: 1|2.0L Turbocharged 4-Cylinder Engine – 252 HP for strong performance|10-Speed Automatic Transmission – Smooth|efficient|and sporty|Sport Styling Package – Bold aggressive look|Apple CarPlay & Android Auto – Seamless smartphone connectivity|8” Touchscreen Display – Easy control at your fingertips|Bluetooth Hands-Free & Streaming Audio|Backup Camera – Parking made simple|Premium Sport Seats w/ Leather Trim – Comfortable & stylish interior|Dual-Zone Automatic Climate Control – Personalized comfort|Push Button Start & Keyless Entry|LED Headlights & Daytime Running Lights|19” Alloy Sport Wheels – Adds an athletic stance|Adaptive Cruise Control & Lane Keep Assist – Extra safety for highway driving|Turbocharged performance sedan|Low miles – only 52K|One-owner vehicle|well maintained|Rebuilt title = big savings without sacrificing reliability|Perfect balance of sport|comfort|and efficiency,https://ujfuxpqefdvwyjjwcpdu.supabase.co/storage/v1/object/public/car-images/ed1aee38-7aa1-4af5-82ac-8dcead86579e-IMG_0589.jpeg|https://ujfuxpqefdvwyjjwcpdu.supabase.co/storage/v1/object/public/car-images/1db208ba-2df8-43f4-8961-7970131a02d4-IMG_0591.jpeg|https://ujfuxpqefdvwyjjwcpdu.supabase.co/storage/v1/object/public/car-images/a154fee6-c8fc-4e3d-a483-da91080d30f0-IMG_0590.jpeg|https://ujfuxpqefdvwyjjwcpdu.supabase.co/storage/v1/object/public/car-images/dec01ca6-8f2c-48fd-8958-ea681c939af0-IMG_0586.jpeg|https://ujfuxpqefdvwyjjwcpdu.supabase.co/storage/v1/object/public/car-images/74c348b2-09c9-43d3-b8c4-b424d2b221f6-IMG_0583.jpeg|https://ujfuxpqefdvwyjjwcpdu.supabase.co/storage/v1/object/public/car-images/9630fdb3-5b0b-430e-a696-fcd4ff2cebd8-IMG_0584.jpeg|https://ujfuxpqefdvwyjjwcpdu.supabase.co/storage/v1/object/public/car-images/7b39d3d3-1c4f-4670-87bb-15476bb15ecf-IMG_0594.jpeg|https://ujfuxpqefdvwyjjwcpdu.supabase.co/storage/v1/object/public/car-images/95aff5a5-3716-4b62-bf9e-b6ef979bce2b-IMG_0597.jpeg|https://ujfuxpqefdvwyjjwcpdu.supabase.co/storage/v1/object/public/car-images/43156754-651b-43db-aede-336727bd8093-IMG_0599.jpeg|https://ujfuxpqefdvwyjjwcpdu.supabase.co/storage/v1/object/public/car-images/3c8ed44f-3838-46fd-828d-65d7279a4c46-IMG_0598.jpeg|https://ujfuxpqefdvwyjjwcpdu.supabase.co/storage/v1/object/public/car-images/241539b5-3ae0-4085-816d-de9db3f65d6c-IMG_0600.jpeg|https://ujfuxpqefdvwyjjwcpdu.supabase.co/storage/v1/object/public/car-images/67417bb0-3133-4072-b4b8-2a655716616a-IMG_0596.jpeg|https://ujfuxpqefdvwyjjwcpdu.supabase.co/storage/v1/object/public/car-images/9daaace1-323f-4cec-a8fe-37f6e09cea21-IMG_0595.jpeg|https://ujfuxpqefdvwyjjwcpdu.supabase.co/storage/v1/object/public/car-images/a75c1eb9-5372-4a3b-8127-91800f216df3-IMG_0593.jpeg|https://ujfuxpqefdvwyjjwcpdu.supabase.co/storage/v1/object/public/car-images/b91a1c72-583d-4718-bd1a-bd6aec6bb451-IMG_0592.jpeg|https://ujfuxpqefdvwyjjwcpdu.supabase.co/storage/v1/object/public/car-images/4e116c85-8c4e-4338-acc6-8c5e795899d6-IMG_0585.jpeg|https://ujfuxpqefdvwyjjwcpdu.supabase.co/storage/v1/object/public/car-images/4800f61b-acba-411a-9d9f-417ad81049e7-IMG_0587.jpeg|https://ujfuxpqefdvwyjjwcpdu.supabase.co/storage/v1/object/public/car-images/e1f3f3fb-ec3d-42bb-813e-47571402a6cb-IMG_0588.jpeg,90-Day Warranty,false,false
2020,Honda,Accord EX,EX Sedan 4D,,6000,700,50000,Very Good,Gasoline,Automatic,,Silver,Tan,1HGCV1F4XLA085668,"This 2020 Honda Accord EX offers a perfect blend of comfort, reliability, and modern technology. With only 50k miles, this sedan is fuel-efficient, safe, and built with Honda’s legendary dependability. The rebuilt title reflects prior minor damage that has been fully repaired — giving you a great car at a fraction of the market price.",Title: Rebuilt (Professionally repaired & road ready)|Engine: 1.5L Turbocharged 4-Cylinder|Safety Rating: 5/5 NHTSA Safety Rating|Owners: 1|Paid Off|Turbocharged 1.5L Engine – Great balance of power & fuel economy|Honda Sensing® Safety Suite – Collision Mitigation Lane Keep Assist Adaptive Cruise Control|Sunroof / Moonroof – Enjoy open-air driving|Apple CarPlay & Android Auto – Seamless smartphone connectivity|Large Touchscreen Infotainment System – Modern and intuitive|Dual-Zone Automatic Climate Control – Personalized comfort|Heated Front Seats – Luxury in cold weather|Backup Camera – Park with confidence|Premium Sound System – Clear audio for every drive|Bluetooth Hands-Free & Audio Streaming|Keyless Entry & Push Button Start|LED Headlights & DRLs – Stylish and bright|Power Adjustable Driver’s Seat|Spacious Interior – Seats 5 comfortably|✅ Low mileage – only 50K miles|✅ Rebuilt title = big savings|✅ Loaded with modern tech & safety features|✅ Honda’s proven reliability & efficiency,https://ujfuxpqefdvwyjjwcpdu.supabase.co/storage/v1/object/public/car-images/11267245-18ba-4f38-b97e-30de6f0e5440-IMG_0602.jpeg|https://ujfuxpqefdvwyjjwcpdu.supabase.co/storage/v1/object/public/car-images/225eda1e-9ff9-423a-b298-b4144841d4fb-IMG_0603.jpeg|https://ujfuxpqefdvwyjjwcpdu.supabase.co/storage/v1/object/public/car-images/b7575e22-60cf-4dd1-80ea-2443125f63a4-IMG_0604.jpeg|https://ujfuxpqefdvwyjjwcpdu.supabase.co/storage/v1/object/public/car-images/41d18b15-98dd-489c-acbf-764b96b9699b-IMG_0605.jpeg|https://ujfuxpqefdvwyjjwcpdu.supabase.co/storage/v1/object/public/car-images/e5b88648-57aa-4f48-b3a5-4debcda5d4f4-IMG_0606.jpeg|https://ujfuxpqefdvwyjjwcpdu.supabase.co/storage/v1/object/public/car-images/673e4c9e-7665-4673-94ad-d5c0e184f4c8-IMG_0607.jpeg|https://ujfuxpqefdvwyjjwcpdu.supabase.co/storage/v1/object/public/car-images/bfffc88b-59c7-4a13-8341-99e818688d41-IMG_0609.jpeg|https://ujfuxpqefdvwyjjwcpdu.supabase.co/storage/v1/object/public/car-images/9975bf5c-5aa4-46bc-87b0-541cb109d68b-IMG_0612.jpeg|https://ujfuxpqefdvwyjjwcpdu.supabase.co/storage/v1/object/public/car-images/41890a57-ea72-4ab2-b704-79fa7d8da3df-IMG_0611.jpeg|https://ujfuxpqefdvwyjjwcpdu.supabase.co/storage/v1/object/public/car-images/abfa21e4-6071-4bfd-936c-de4b8f2478e3-IMG_0610.jpeg|https://ujfuxpqefdvwyjjwcpdu.supabase.co/storage/v1/object/public/car-images/08e7d52e-ba09-4f31-a031-e4887b06f7c7-IMG_0608.jpeg|https://ujfuxpqefdvwyjjwcpdu.supabase.co/storage/v1/object/public/car-images/4ba76652-eb25-4c50-a6ed-5dc033932be6-IMG_0618.jpeg|https://ujfuxpqefdvwyjjwcpdu.supabase.co/storage/v1/object/public/car-images/f62b9ec2-9763-4a0a-8915-b505df55e1f6-IMG_0619.jpeg|https://ujfuxpqefdvwyjjwcpdu.supabase.co/storage/v1/object/public/car-images/667fa844-f1e3-4be9-aff7-2f6145d883cf-IMG_0617.jpeg|https://ujfuxpqefdvwyjjwcpdu.supabase.co/storage/v1/object/public/car-images/97a36179-51db-4e3a-ab8c-84026cc97f94-IMG_0616.jpeg|https://ujfuxpqefdvwyjjwcpdu.supabase.co/storage/v1/object/public/car-images/01129149-d238-4cfd-8d85-62e598bd41f2-IMG_0615.jpeg|https://ujfuxpqefdvwyjjwcpdu.supabase.co/storage/v1/object/public/car-images/ea587cf6-5e1e-4179-9f81-670594a9ac41-IMG_0614.jpeg|https://ujfuxpqefdvwyjjwcpdu.supabase.co/storage/v1/object/public/car-images/30fb0046-4178-4982-bbcb-77b9d1356c8a-IMG_0613.jpeg|https://ujfuxpqefdvwyjjwcpdu.supabase.co/storage/v1/object/public/car-images/e6b063c1-4654-4e8e-83cc-92f6e63a751c-IMG_0620.jpeg,90-Day Warranty,false,false
2020,Infiniti,QX60 Pure AWD ,PURE Sport Utility 4D,,8000,600,40000,Excellent,Gasoline,Automatic,,Silver,Black Leather,5N1DL0MM9LC546185,"This 2020 Infiniti QX60 Pure AWD is a versatile 7-passenger luxury SUV designed for both comfort and performance. With only 40K miles, it runs and drives great, offering a smooth ride, upscale features, and Infiniti’s signature reliability.

The rebuilt title reflects prior cosmetic damage that has been fully repaired, giving you the opportunity to own a low-mileage luxury SUV at a fraction of the market cost. Perfect for families or anyone who needs space, comfort, and advanced safety features.",Title: PA Rebuilt (Professionally repaired & road ready)|Engine: 3.5L V6|Safety Rating: 5/5 NHTSA|Owners: 1|Paid Off|All-Wheel Drive (AWD) – Confident handling in all conditions|7-Passenger Seating – Spacious 3-row SUV for the family|Dual Power Heated Memory Leather Seats – Luxury comfort|Moonroof – Enjoy open-air driving|Navigation & Bluetooth Wireless – Stay connected everywhere|Backup Camera + Blind Spot Warning – Extra safety and visibility|Adaptive Cruise Control & Lane Safety Systems|Front & Rear Air Conditioning – Comfort for all passengers|BI-LED Headlights – Bright|modern lighting|Keyless Entry & Push-Button Start – Convenience at your fingertips|Premium Sound System|Cold A/C & Strong Heater – Ready for any season|Well-Maintained with Recent Service – New oil change and solid tires|Why This QX60 Pure?|✅ Luxury 3-row SUV at an affordable price|✅ Low miles – only 40K|✅ Loaded with family-friendly features|✅ Rebuilt title = big savings compared to market value|✅ Infiniti’s proven luxury + dependability,https://ujfuxpqefdvwyjjwcpdu.supabase.co/storage/v1/object/public/car-images/86735cf2-0302-4719-b828-f44a4257740d-IMG_0726.jpeg|https://ujfuxpqefdvwyjjwcpdu.supabase.co/storage/v1/object/public/car-images/0b89bc4a-f59c-40d4-93f4-a062140e4483-IMG_0719.jpeg|https://ujfuxpqefdvwyjjwcpdu.supabase.co/storage/v1/object/public/car-images/3e8522dd-51e2-4ecb-b7ea-fa32d987761d-IMG_0720.jpeg|https://ujfuxpqefdvwyjjwcpdu.supabase.co/storage/v1/object/public/car-images/4d4716de-1ed9-429f-921c-fab3c060f27e-IMG_0723.jpeg|https://ujfuxpqefdvwyjjwcpdu.supabase.co/storage/v1/object/public/car-images/43e47da5-701f-4963-bb4f-88b50ed42a5c-IMG_0722.jpeg|https://ujfuxpqefdvwyjjwcpdu.supabase.co/storage/v1/object/public/car-images/b1cb4c2e-7074-43ca-a003-b12b0c542ad9-IMG_0721.jpeg|https://ujfuxpqefdvwyjjwcpdu.supabase.co/storage/v1/object/public/car-images/edfed69c-32fe-4c19-a77c-7c8d82a96557-IMG_0724.jpeg|https://ujfuxpqefdvwyjjwcpdu.supabase.co/storage/v1/object/public/car-images/989c0707-43e8-4e08-8b02-0a7e0cbc818a-IMG_0725.jpeg|https://ujfuxpqefdvwyjjwcpdu.supabase.co/storage/v1/object/public/car-images/0db0c56e-7418-42cf-81d5-62b8f2e2d302-IMG_0727.jpeg|https://ujfuxpqefdvwyjjwcpdu.supabase.co/storage/v1/object/public/car-images/e6b3c7d6-73b6-4860-90b3-a1a0b676a254-IMG_0729.jpeg|https://ujfuxpqefdvwyjjwcpdu.supabase.co/storage/v1/object/public/car-images/dc269d42-b0e4-4d74-85a0-a0e4c87f8c06-IMG_0730.jpeg|https://ujfuxpqefdvwyjjwcpdu.supabase.co/storage/v1/object/public/car-images/b400e9bb-1dd2-4552-ae0f-ba3230c0cb9e-IMG_0732.jpeg|https://ujfuxpqefdvwyjjwcpdu.supabase.co/storage/v1/object/public/car-images/0a40487e-d045-463a-a082-6cdda879d501-IMG_0733.jpeg|https://ujfuxpqefdvwyjjwcpdu.supabase.co/storage/v1/object/public/car-images/e87db1b5-d3a8-4680-95b3-6c5818126b45-IMG_0734.jpeg|https://ujfuxpqefdvwyjjwcpdu.supabase.co/storage/v1/object/public/car-images/8a85004d-673d-48ab-b5e4-abf75679ea45-IMG_0735.jpeg|https://ujfuxpqefdvwyjjwcpdu.supabase.co/storage/v1/object/public/car-images/1d76ca73-6ecf-4fc3-a3eb-d435a582024b-IMG_0738.jpeg|https://ujfuxpqefdvwyjjwcpdu.supabase.co/storage/v1/object/public/car-images/a2f5f9b8-d719-4d05-8926-d8b592f85a40-IMG_0737.jpeg|https://ujfuxpqefdvwyjjwcpdu.supabase.co/storage/v1/object/public/car-images/c1e30e46-661e-4a26-8876-2939ff538729-IMG_0736.jpeg|https://ujfuxpqefdvwyjjwcpdu.supabase.co/storage/v1/object/public/car-images/de060680-6864-4d92-9aab-fb9f697014d3-IMG_0731.jpeg|https://ujfuxpqefdvwyjjwcpdu.supabase.co/storage/v1/object/public/car-images/1bf3a773-53a4-44a8-80f9-7fba255c4844-IMG_0728.jpeg,90-Day Warranty,false,false
2021,Toyota,Camry SE,,4-Door Sedan,6000,800,132000,Excellent,Gasoline,Automatic,Front-Wheel Drive,White,Black,4T1G11AKXMU547045,"This 2021 Toyota Camry SE delivers the perfect combination of sporty style, efficiency, and Toyota’s legendary dependability. With 132k miles, this sedan has been well-maintained and still runs strong, making it an excellent choice for a daily driver or long-distance commuter. The clean title ensures peace of mind, while the SE trim adds an extra touch of sport-inspired design and performance.",Title: Clean|Engine: 2.5L I4 DOHC 16V|SE Sport Trim – Bold styling & sport seats|Fuel-Efficient 2.5L Engine – Excellent balance of power & MPG|Backup Camera – Added confidence when parking|Bluetooth & USB Connectivity – Stay connected on the road|Touchscreen Infotainment Display – Easy access to media & controls|Toyota Safety Sense™ – Lane Departure Alert Adaptive Cruise Control|Leather-Trimmed Sport Seats – Stylish comfort|Cold A/C & Strong Heater – Year-round comfort|Well-Maintained – Smooth|reliable ride|Why This Camry?|✅ Clean title – no major damage|✅ Toyota reliability = built to last|✅ Sporty trim with modern features|✅ Affordable & fuel-efficient daily driver,https://ujfuxpqefdvwyjjwcpdu.supabase.co/storage/v1/object/public/car-images/f797d66c-2369-4c30-87b8-e4df88a09689-IMG_0707.jpeg|https://ujfuxpqefdvwyjjwcpdu.supabase.co/storage/v1/object/public/car-images/26a690ab-4986-43c4-b7b9-16bae51bb09e-IMG_0706.jpeg|https://ujfuxpqefdvwyjjwcpdu.supabase.co/storage/v1/object/public/car-images/59ca99fc-2fc8-4d16-ba3f-e801d7cb4664-IMG_0705.jpeg|https://ujfuxpqefdvwyjjwcpdu.supabase.co/storage/v1/object/public/car-images/d70ab47b-486b-4d48-8e0f-f67f9818637d-IMG_0704.jpeg|https://ujfuxpqefdvwyjjwcpdu.supabase.co/storage/v1/object/public/car-images/603bd160-8db5-49ce-98f6-f3148efdb9aa-IMG_0693.png|https://ujfuxpqefdvwyjjwcpdu.supabase.co/storage/v1/object/public/car-images/85ab48a2-6a90-415d-aca5-e200ccaf17b4-IMG_0694.jpeg|https://ujfuxpqefdvwyjjwcpdu.supabase.co/storage/v1/object/public/car-images/2ebda56e-799d-4cd9-8e5c-68a14357f326-IMG_0696.jpeg|https://ujfuxpqefdvwyjjwcpdu.supabase.co/storage/v1/object/public/car-images/377a3a24-1e79-41ef-9ba6-e18b79121c8d-IMG_0695.jpeg|https://ujfuxpqefdvwyjjwcpdu.supabase.co/storage/v1/object/public/car-images/3e4fa6e6-8756-4eaf-bb7c-383fac945ed5-IMG_0697.jpeg|https://ujfuxpqefdvwyjjwcpdu.supabase.co/storage/v1/object/public/car-images/e1392479-96f5-4271-930e-7cc69bbc7966-IMG_0698.jpeg|https://ujfuxpqefdvwyjjwcpdu.supabase.co/storage/v1/object/public/car-images/10bf1df3-a8be-4008-9ee2-cd731641e165-IMG_0699.jpeg|https://ujfuxpqefdvwyjjwcpdu.supabase.co/storage/v1/object/public/car-images/6e7c230e-6e77-4e2f-ac12-e38c630dbdc4-IMG_0700.jpeg|https://ujfuxpqefdvwyjjwcpdu.supabase.co/storage/v1/object/public/car-images/a7da6ffd-3905-48cf-a143-337ab80933d2-IMG_0701.jpeg|https://ujfuxpqefdvwyjjwcpdu.supabase.co/storage/v1/object/public/car-images/6067fd0e-b511-4f09-a033-715179208fcb-IMG_0702.jpeg|https://ujfuxpqefdvwyjjwcpdu.supabase.co/storage/v1/object/public/car-images/1c81ee9c-f57e-4a88-95bc-d214c372fa6f-IMG_0703.jpeg,90-Day Warranty,false,false
2021,Honda,Accord Sport Special Edition ,Sport Special Edition Sedan 4D,,6000,800,74000,Excellent,Gasoline,Automatic,,Red,Black,1HGCV2F33MA006260,"This 2021 Honda Accord Sport Special Edition combines Honda’s reliability with premium sport styling and modern tech features. With 74k miles and a sporty red exterior over black interior, it’s sharp, efficient, and ready for everyday driving. The rebuilt title reflects prior damage that’s been fully repaired, leaving the vehicle in excellent running condition.",Title: Rebuilt (Fully repaired & road ready)|Engine: 1.5L Turbocharged 4-Cylinder – Efficient & powerful|Paid Off|Sport Special Edition Package – Stylish design with added comfort features|Turbocharged Performance – Smooth efficient and responsive drive|Apple CarPlay & Android Auto – Seamless smartphone integration|Backup Camera – Safer reversing and parking|Bluetooth Hands-Free & Audio Streaming|Premium Leather-Trimmed Sport Seats – Comfort and style|Dual-Zone Climate Control – Personalized comfort for driver & passenger|Push Button Start & Remote Engine Start|LED Headlights & DRLs – Bright and modern look|Alloy Sport Wheels – Aggressive and sporty stance|Honda Sensing® Safety Suite – Lane Keep Assist Adaptive Cruise Control Pre-Collision System|Why Buy This Accord Sport SE?|✅ Strong turbocharged performance with Honda reliability|✅ Premium interior with modern tech|✅ Rebuilt title = big savings compared to clean title prices|✅ Low down payment & finance options available,https://ujfuxpqefdvwyjjwcpdu.supabase.co/storage/v1/object/public/car-images/92d52bcc-0f53-4b47-a578-0901127db963-IMG_0675.jpeg|https://ujfuxpqefdvwyjjwcpdu.supabase.co/storage/v1/object/public/car-images/1c99ac7e-81bb-44de-890c-5dee143ee260-IMG_0667.jpeg|https://ujfuxpqefdvwyjjwcpdu.supabase.co/storage/v1/object/public/car-images/fb55b649-7a1b-4dc8-aaaa-97afaae15943-IMG_0668.jpeg|https://ujfuxpqefdvwyjjwcpdu.supabase.co/storage/v1/object/public/car-images/7185a640-5123-4309-9bba-50ab8835fcfb-IMG_0669.jpeg|https://ujfuxpqefdvwyjjwcpdu.supabase.co/storage/v1/object/public/car-images/a46d1cec-1128-4c61-ab4e-4f04001cd3ba-IMG_0670.jpeg|https://ujfuxpqefdvwyjjwcpdu.supabase.co/storage/v1/object/public/car-images/c82fc010-87d1-4979-aa21-12954ac56d44-IMG_0671.jpeg|https://ujfuxpqefdvwyjjwcpdu.supabase.co/storage/v1/object/public/car-images/307910ca-df41-4d50-94f6-f31fbdc33837-IMG_0672.jpeg|https://ujfuxpqefdvwyjjwcpdu.supabase.co/storage/v1/object/public/car-images/b41f2260-1366-4fc8-9081-c72ae549250b-IMG_0678.jpeg|https://ujfuxpqefdvwyjjwcpdu.supabase.co/storage/v1/object/public/car-images/cf8d1fb9-8e1d-4a08-9e2f-79e8e3942fff-IMG_0680.jpeg|https://ujfuxpqefdvwyjjwcpdu.supabase.co/storage/v1/object/public/car-images/4b94b947-e43c-4c42-a314-c091343b6dc9-IMG_0681.jpeg|https://ujfuxpqefdvwyjjwcpdu.supabase.co/storage/v1/object/public/car-images/9139ba87-4769-4936-96ce-4990ed5be369-IMG_0674.jpeg|https://ujfuxpqefdvwyjjwcpdu.supabase.co/storage/v1/object/public/car-images/7f96e34d-b243-4d85-86a2-211275d569a9-IMG_0677.jpeg|https://ujfuxpqefdvwyjjwcpdu.supabase.co/storage/v1/object/public/car-images/e4cf2daf-6e38-4a58-ba6e-f295d786b690-IMG_0676.jpeg|https://ujfuxpqefdvwyjjwcpdu.supabase.co/storage/v1/object/public/car-images/7170ca20-7208-4f9c-85af-5615af1364c6-IMG_0679.jpeg|https://ujfuxpqefdvwyjjwcpdu.supabase.co/storage/v1/object/public/car-images/17ed7cb0-b3a2-4bbe-a8dd-4d74a81fb4a3-IMG_0673.jpeg|https://ujfuxpqefdvwyjjwcpdu.supabase.co/storage/v1/object/public/car-images/b1c04b77-f27a-4650-b0b6-da64fc47657f-IMG_0682.jpeg|https://ujfuxpqefdvwyjjwcpdu.supabase.co/storage/v1/object/public/car-images/4bc31930-814c-4ab0-989c-b7b15d44e1fd-IMG_0683.jpeg|https://ujfuxpqefdvwyjjwcpdu.supabase.co/storage/v1/object/public/car-images/f6671c62-8ccb-4eab-9b3c-7acd787f6fa2-IMG_0684.jpeg|https://ujfuxpqefdvwyjjwcpdu.supabase.co/storage/v1/object/public/car-images/72649b49-30d9-49d5-9533-105ebeca2dc2-IMG_0685.jpeg,90-Day Warranty,false,false
2021,Honda,Accord,Touring Sedan 4D,,8000,700,33000,Excellent,Gasoline,Automatic,,White,Black,,"This 2021 Honda Accord Hybrid Touring offers the perfect combination of luxury, performance, and outstanding fuel economy. With just 33K miles, this sedan is practically like new. The Touring trim is the top-of-the-line model, equipped with premium features, advanced safety systems, and hybrid efficiency that saves you money at the pump without sacrificing comfort or style.",Title: Clean|Engine: 2.0L Hybrid I4 w/ Electric Motor|Fuel Type: Hybrid|Owners: 1|Paid Off  ✅ Key Features & Highlights: Hybrid Powertrain – Impressive MPG with smooth|quiet performance|Honda Sensing® Suite – Adaptive Cruise Control|Lane Keep Assist|Collision Mitigation Brakink|Leather-Trimmed Heated & Ventilated Seats – Luxury comfortable Apple CarPlay & Android Auto – Seamless smartphone integration|Navigation System – Built-in guidance|Premium Audio System – Crystal-clear sound quality|Wireless Phone Charger – Convenient charging on the go|Head-Up Display – Key info right on your windshield|Backup Camera & Parking Sensors – Added safety and convenience|Sunroof / Moonroof – Open-air driving experience|Dual-Zone Automatic Climate Control – Comfort for everyone|Power Front Seats with Memory – Personalized comfort|LED Headlights & Fog Lights – Bright and modern styling|Adaptive Suspension – Smooth and responsive ride|✅ Only 33K miles – low mileage for its age|✅ Top-tier Touring trim – fully loaded with luxury features|✅ Hybrid efficiency = big fuel savings|✅ Honda’s legendary reliability and resale value|VIN 1HGCV3F53MA023311,https://ujfuxpqefdvwyjjwcpdu.supabase.co/storage/v1/object/public/car-images/6bace57a-91d0-41f0-a585-ca3d6d1eea69-IMG_0739.jpeg|https://ujfuxpqefdvwyjjwcpdu.supabase.co/storage/v1/object/public/car-images/1a4b75a3-dd2d-47ff-b4bb-da57699f0565-IMG_0740.jpeg|https://ujfuxpqefdvwyjjwcpdu.supabase.co/storage/v1/object/public/car-images/55caa819-4e2f-4945-a7c7-878a0da07a08-IMG_0741.jpeg|https://ujfuxpqefdvwyjjwcpdu.supabase.co/storage/v1/object/public/car-images/d797a096-0237-4673-a1c9-41a32aeaf9da-IMG_0742.jpeg|https://ujfuxpqefdvwyjjwcpdu.supabase.co/storage/v1/object/public/car-images/9b6d2d52-cd49-4d8f-8bbd-4057b183359a-IMG_0743.jpeg|https://ujfuxpqefdvwyjjwcpdu.supabase.co/storage/v1/object/public/car-images/2d95e82a-d810-4985-9b4b-6dfa43772421-IMG_0748.jpeg|https://ujfuxpqefdvwyjjwcpdu.supabase.co/storage/v1/object/public/car-images/f9dc60dc-ab67-4428-9ac2-928521354201-IMG_0747.jpeg|https://ujfuxpqefdvwyjjwcpdu.supabase.co/storage/v1/object/public/car-images/56c67608-e82f-49ba-8596-e06a318bc98e-IMG_0746.jpeg|https://ujfuxpqefdvwyjjwcpdu.supabase.co/storage/v1/object/public/car-images/7ed822a6-72e5-4e03-9134-54e9dcf13aca-IMG_0745.jpeg|https://ujfuxpqefdvwyjjwcpdu.supabase.co/storage/v1/object/public/car-images/f80badfd-7f1f-49d4-b2ed-e09b77bcdfd8-IMG_0744.jpeg|https://ujfuxpqefdvwyjjwcpdu.supabase.co/storage/v1/object/public/car-images/ebeb750e-c34f-4002-9d25-ef6d6a0899b6-IMG_0753.jpeg|https://ujfuxpqefdvwyjjwcpdu.supabase.co/storage/v1/object/public/car-images/6ca0c740-8e4e-43ad-a609-278f1343de67-IMG_0752.jpeg|https://ujfuxpqefdvwyjjwcpdu.supabase.co/storage/v1/object/public/car-images/310dfbd2-1e05-4bb1-8f1c-e000e03d45b1-IMG_0751.jpeg|https://ujfuxpqefdvwyjjwcpdu.supabase.co/storage/v1/object/public/car-images/51807305-9918-4596-8bd2-f94bfd5bdd28-IMG_0750.jpeg|https://ujfuxpqefdvwyjjwcpdu.supabase.co/storage/v1/object/public/car-images/6c13a2c8-7a47-4768-942f-5348b1f9d315-IMG_0749.jpeg|https://ujfuxpqefdvwyjjwcpdu.supabase.co/storage/v1/object/public/car-images/e0e8cfcf-4de0-4f0f-a662-c8c2c9fcd96f-IMG_0754.jpeg|https://ujfuxpqefdvwyjjwcpdu.supabase.co/storage/v1/object/public/car-images/ad2ffe64-8cf4-491b-a547-55e16ef0b66e-IMG_0755.jpeg|https://ujfuxpqefdvwyjjwcpdu.supabase.co/storage/v1/object/public/car-images/81456ac9-ed75-4c4d-8327-911cf7465e29-IMG_0756.jpeg|https://ujfuxpqefdvwyjjwcpdu.supabase.co/storage/v1/object/public/car-images/1b570b11-1068-46c7-a379-5b2ca112d99b-IMG_0757.jpeg|https://ujfuxpqefdvwyjjwcpdu.supabase.co/storage/v1/object/public/car-images/dca8a916-1706-4769-9807-eda6a4f74db2-IMG_0758.jpeg,90-Day Warranty,false,false
2021,Toyota,Camry SE,SE Sport Sedan 4D,,7000,800,74000,Excellent,Gasoline,Automatic,,White,Beige,,"This 2021 Toyota Camry SE Sport Sedan is the perfect mix of style, performance, and Toyota’s legendary dependability. With 74K miles, a sleek white exterior with beige interior, and a sporty SE trim, this Camry stands out while delivering comfort and reliability. Well maintained and fully paid off, it’s ready for its next owner.",Title: Clean|Engine: 2.5L I4 – Fuel-efficient & responsive|Fuel Type: Gasoline|Owners: 1|Paid Off|SE Sport Trim – Bold styling with sport-tuned suspension|2.5L 4-Cylinder|Engine – Great balance of performance & MPG|Apple CarPlay & Android Auto – Stay connected on the road|Backup Camera – Easy and safe parking|Bluetooth Connectivity – Hands-free calling & music|Premium Cloth/Leather-Trimmed Sport Seats – Comfort & style|Touchscreen Infotainment Display – Easy access to apps and controls|Lane Departure Alert & Adaptive Cruise Control – Extra safety features|LED Headlights & Daytime Running Lights – Sharp and modern look|Cold A/C & Strong Heater – All-season comfort|✅ Sporty design with reliable Toyota performance|✅ Great fuel economy for daily commuting|✅ One-owner vehicle|well cared for|✅ Clean title & fully paid off,https://ujfuxpqefdvwyjjwcpdu.supabase.co/storage/v1/object/public/car-images/82f97c02-4b86-4b43-8c61-abab691a5dd7-IMG_0762.jpeg|https://ujfuxpqefdvwyjjwcpdu.supabase.co/storage/v1/object/public/car-images/63dabc86-3304-4d17-b237-16846d58a33d-IMG_0761.jpeg|https://ujfuxpqefdvwyjjwcpdu.supabase.co/storage/v1/object/public/car-images/1a439530-35f8-4e58-8b97-c751fe949c76-IMG_0760.jpeg|https://ujfuxpqefdvwyjjwcpdu.supabase.co/storage/v1/object/public/car-images/ff14eb2c-9533-4355-84f4-58e95ac85efd-IMG_0763.jpeg|https://ujfuxpqefdvwyjjwcpdu.supabase.co/storage/v1/object/public/car-images/e3d91626-f62a-43aa-bc2e-164a16be0388-IMG_0764.jpeg|https://ujfuxpqefdvwyjjwcpdu.supabase.co/storage/v1/object/public/car-images/8e6c260c-45ef-401d-99f1-ae43a4b4059b-IMG_0765.jpeg|https://ujfuxpqefdvwyjjwcpdu.supabase.co/storage/v1/object/public/car-images/ad2662b7-17c9-423a-b386-a9b0a6def525-IMG_0766.jpeg|https://ujfuxpqefdvwyjjwcpdu.supabase.co/storage/v1/object/public/car-images/f5f82ecb-6da4-4d54-8b79-02d0d972a093-IMG_0767.jpeg|https://ujfuxpqefdvwyjjwcpdu.supabase.co/storage/v1/object/public/car-images/576968a6-7c91-412f-a02a-520814cabadc-IMG_0768.jpeg|https://ujfuxpqefdvwyjjwcpdu.supabase.co/storage/v1/object/public/car-images/66231251-53f7-44eb-ad16-930df2bded89-IMG_0769.jpeg|https://ujfuxpqefdvwyjjwcpdu.supabase.co/storage/v1/object/public/car-images/81c21878-2a0d-4b1a-b168-56d56d3357fd-IMG_0774.jpeg|https://ujfuxpqefdvwyjjwcpdu.supabase.co/storage/v1/object/public/car-images/fa1e4eff-1fdf-40bc-ab4a-d6c5120f3a44-IMG_0773.jpeg|https://ujfuxpqefdvwyjjwcpdu.supabase.co/storage/v1/object/public/car-images/2dbb44d2-6b59-4363-af6b-6426be7b57ee-IMG_0772.jpeg|https://ujfuxpqefdvwyjjwcpdu.supabase.co/storage/v1/object/public/car-images/5086c561-cbdf-4870-b749-27d4a4c57a30-IMG_0771.jpeg|https://ujfuxpqefdvwyjjwcpdu.supabase.co/storage/v1/object/public/car-images/f1845058-1d41-49c2-ba34-b0a5c1926360-IMG_0770.jpeg|https://ujfuxpqefdvwyjjwcpdu.supabase.co/storage/v1/object/public/car-images/32319c06-0a09-419f-bf9d-24d6940a69ea-IMG_0775.jpeg,90-Day Warranty,false,false
2022,Honda,Civic,Sport Sedan 4D,,8000,700,36000,Excellent,Gasoline,Automatic,,Black,Black,,"This 2022 Honda Civic Sport Sedan is the perfect blend of style, performance, and dependability. With only 36k miles, a sleek black-on-black color scheme, and Honda’s well-known reliability, this Civic is ideal for both daily commuting and long drives. The rebuilt title reflects prior cosmetic damage that’s been fully repaired, giving you an affordable, road-ready sedan without sacrificing quality.",Engine: 2.0L I4 – Fuel-efficient & responsive|Fuel Type: Gasoline|Owners: 1|Paid Off|Tuned Suspension – Smooth|responsive handling|Apple CarPlay & Android Auto – Seamless smartphone integration|Backup Camera – Safe and easy reversing|Push-Button Start – Keyless convenience|Bluetooth Hands-Free & Audio Streaming|Premium Sport Seats – Black cloth with sporty|LED Headlights & Daytime Running Lights|Cruise Control – Perfect for highway driving|Automatic Climate Control – Year-round comfort|Power Windows|Locks & Mirrors|✅ Low mileage – only 36K miles|✅ Sporty design with modern features|✅ Professionally repaired rebuilt title = big savings|✅ Honda reliability & fuel efficiency,https://ujfuxpqefdvwyjjwcpdu.supabase.co/storage/v1/object/public/car-images/4e5f90a0-e29b-4c35-ac5a-3450ea801d8a-IMG_0778.jpeg|https://ujfuxpqefdvwyjjwcpdu.supabase.co/storage/v1/object/public/car-images/eb7fd353-9009-406f-9691-bfac0a478f10-IMG_0777.jpeg|https://ujfuxpqefdvwyjjwcpdu.supabase.co/storage/v1/object/public/car-images/238f086d-0d4b-4153-8b71-b64f9975a6d1-IMG_0779.jpeg|https://ujfuxpqefdvwyjjwcpdu.supabase.co/storage/v1/object/public/car-images/ba4006ee-7e56-420a-aa16-14cca9215681-IMG_0780.jpeg|https://ujfuxpqefdvwyjjwcpdu.supabase.co/storage/v1/object/public/car-images/4a45bd24-fb4d-483b-8169-5821acebf290-IMG_0781.jpeg|https://ujfuxpqefdvwyjjwcpdu.supabase.co/storage/v1/object/public/car-images/78944971-edc8-40c6-b811-a3d219a6532c-IMG_0782.jpeg|https://ujfuxpqefdvwyjjwcpdu.supabase.co/storage/v1/object/public/car-images/2a50050e-7348-4380-8fa5-fff929bad97a-IMG_0783.jpeg|https://ujfuxpqefdvwyjjwcpdu.supabase.co/storage/v1/object/public/car-images/0d4fd19c-70ec-4cdf-835d-83cc0c26d7b6-IMG_0784.jpeg|https://ujfuxpqefdvwyjjwcpdu.supabase.co/storage/v1/object/public/car-images/3371bdfd-5cca-481d-beda-81c8ccf561a0-IMG_0785.jpeg|https://ujfuxpqefdvwyjjwcpdu.supabase.co/storage/v1/object/public/car-images/dd0ef12f-e5d7-4adb-9424-10490fd56ef1-IMG_0790.jpeg|https://ujfuxpqefdvwyjjwcpdu.supabase.co/storage/v1/object/public/car-images/a9339286-b651-454f-b3df-b2908e3e8c23-IMG_0789.jpeg|https://ujfuxpqefdvwyjjwcpdu.supabase.co/storage/v1/object/public/car-images/eb0e973b-644a-4394-8bbd-74619a8b0c41-IMG_0788.jpeg|https://ujfuxpqefdvwyjjwcpdu.supabase.co/storage/v1/object/public/car-images/de438f8b-2626-49d4-b3d3-21a2f761e82c-IMG_0787.jpeg|https://ujfuxpqefdvwyjjwcpdu.supabase.co/storage/v1/object/public/car-images/256d31b7-2a80-4c87-b970-aa0323370f21-IMG_0786.jpeg|https://ujfuxpqefdvwyjjwcpdu.supabase.co/storage/v1/object/public/car-images/a7e201b6-c739-435a-a1b0-f437020a6f1d-IMG_0792.jpeg|https://ujfuxpqefdvwyjjwcpdu.supabase.co/storage/v1/object/public/car-images/0b301888-b34a-4756-85f5-9bf9996760d6-IMG_0791.jpeg,90-Day Warranty,false,false
2020,Hyundai,Sonata Limited ,Limited Sedan 4D,,7000,800,80000,Excellent,Gasoline,Automatic,,White,Tan Leather,5NPEH4J25LH025263,"This 2020 Hyundai Sonata Limited offers the perfect combination of luxury, technology, and reliability. With a clean title and 80K miles, this sedan is in excellent condition, loaded with premium features, and ready for its next owner. From its 1.6L turbocharged engine to its modern safety and comfort tech, this Sonata stands out as one of the most advanced midsize sedans in its class.",Title: Clean|Engine: 1.6L Turbocharged 4-Cylinder – Smooth & fuel-efficient|Owners: 2|Paid Off|Turbocharged 1.6L Engine – Smooth power and excellent MPG|Leather Seats w/ Heating & Ventilation – Premium comfort in any weather|Panoramic Sunroof – Wide open view and natural light|Premium Bose Sound System – Exceptional audio quality|Navigation System – Easy guidance everywhere|Apple CarPlay & Android Auto – Seamless smartphone integration|Safety Suite: Blind Spot Monitor|Lane Keep Assist|Adaptive Cruise Control|Forward Collision Warning|Backup Camera & Parking Sensors – Extra safety and confidence|Dual-Zone Automatic Climate Control – Personalized comfort for both driver and passenger|Keyless Entry & Push Button Start – Convenience at your fingertips|✅ Fully loaded luxury sedan at an affordable price|✅ Clean title – peace of mind purchase|✅ Low maintenance & excellent fuel economy|✅ Premium features usually found in higher-end brands,https://ujfuxpqefdvwyjjwcpdu.supabase.co/storage/v1/object/public/car-images/f60cd58b-9a03-4a0a-88d3-94200269ab7c-IMG_0903.jpeg|https://ujfuxpqefdvwyjjwcpdu.supabase.co/storage/v1/object/public/car-images/eea15800-b7c6-4d37-a38a-d696f56d13c6-IMG_0904.jpeg|https://ujfuxpqefdvwyjjwcpdu.supabase.co/storage/v1/object/public/car-images/03c5dbad-093f-44b5-90e2-757f9bdb126f-IMG_0905.jpeg|https://ujfuxpqefdvwyjjwcpdu.supabase.co/storage/v1/object/public/car-images/58a5db4f-a10a-4d22-8d3c-7b83cd05feb9-IMG_0906.jpeg|https://ujfuxpqefdvwyjjwcpdu.supabase.co/storage/v1/object/public/car-images/477dab25-905d-4b4a-8771-459a07477542-IMG_0907.jpeg|https://ujfuxpqefdvwyjjwcpdu.supabase.co/storage/v1/object/public/car-images/1a020ad6-c282-4b35-b426-b6785db9015e-IMG_0908.jpeg|https://ujfuxpqefdvwyjjwcpdu.supabase.co/storage/v1/object/public/car-images/cec4dd7a-e1d4-4c2a-9b27-143e902c2668-IMG_0909.jpeg|https://ujfuxpqefdvwyjjwcpdu.supabase.co/storage/v1/object/public/car-images/8be6ba56-1fb8-41c4-a860-99d8e8568178-IMG_0910.jpeg|https://ujfuxpqefdvwyjjwcpdu.supabase.co/storage/v1/object/public/car-images/eeb7603d-2dca-4338-9d7d-cede1765295e-IMG_0911.jpeg|https://ujfuxpqefdvwyjjwcpdu.supabase.co/storage/v1/object/public/car-images/e47ecda8-7517-4ad5-997c-8206bda3744f-IMG_0912.jpeg|https://ujfuxpqefdvwyjjwcpdu.supabase.co/storage/v1/object/public/car-images/e72e70ee-6b47-4ad7-8d7d-00addb6bd550-IMG_0913.jpeg|https://ujfuxpqefdvwyjjwcpdu.supabase.co/storage/v1/object/public/car-images/91da60b7-634b-4c5c-8e3c-59c3ec349949-IMG_0914.jpeg|https://ujfuxpqefdvwyjjwcpdu.supabase.co/storage/v1/object/public/car-images/62398086-bc40-49ae-8dd6-eed6f755fb5b-IMG_0915.jpeg|https://ujfuxpqefdvwyjjwcpdu.supabase.co/storage/v1/object/public/car-images/9a9ea546-507e-491e-9c4f-d79156f9f9d9-IMG_0916.jpeg|https://ujfuxpqefdvwyjjwcpdu.supabase.co/storage/v1/object/public/car-images/a052d937-ce71-4668-9fc8-5e938e5d6040-IMG_0917.jpeg|https://ujfuxpqefdvwyjjwcpdu.supabase.co/storage/v1/object/public/car-images/8ae34c56-f5f2-4402-829c-4a2d7d9eec7b-IMG_0918.jpeg|https://ujfuxpqefdvwyjjwcpdu.supabase.co/storage/v1/object/public/car-images/747530f3-9d9a-4268-a64e-4b7706d356b1-IMG_0919.jpeg|https://ujfuxpqefdvwyjjwcpdu.supabase.co/storage/v1/object/public/car-images/f2c2b419-e1f6-4738-b8b0-814844bd7c03-IMG_0920.jpeg,90-Day Warranty,false,false
2019,Honda,Accord EX-L,EX-L Sedan 4D,,12000,800,54000,Excellent,Gasoline,Automatic,,Black,Black Leather,1HGCV1F50KA128387,"This 2019 Honda Accord EX-L blends style, comfort, and performance in a reliable midsize sedan. With only 54K miles and a clean title, it’s been well maintained and is ready for its next owner. The EX-L trim offers luxury touches such as leather seating, a sunroof, premium sound, and advanced safety tech.
In summary, the 2019 Honda Accord EX-L is a luxury-trimmed sedan that combines comfort (leather, heated seats, sunroof), technology (CarPlay/Android Auto, premium audio), and advanced safety (Honda Sensing suite) while still being fuel-efficient thanks to its turbocharged engine.",Title: Clean|Engine: 1.5L Turbocharged 4-Cylinder – Fuel-efficient & smooth|Leather Interior w/ Heated Front Seats – Premium comfort|Power Adjustable Driver & Passenger Seats w/ Memory Function|Dual-Zone Automatic Climate Control – Personalized cabin settings|Apple CarPlay & Android Auto – Seamless smartphone integration|Premium Audio System – Excellent sound quality|Power Sunroof – Open-air driving experience|Push Button Start & Remote Start – Convenience at your fingertips|Adaptive Cruise Control & Lane Keeping Assist – Honda Sensing® safety suite|Blind Spot Monitoring & Backup Camera – Confidence while driving|Alloy Wheels & All-Season Tires – Stylish and practical|✅ Clean title – worry-free ownership|Premium leather-trimmed seats|Heated front seats|Power-adjustable driver & passenger seats with memory function|Dual-zone automatic climate control – personalized comfort|Spacious cabin with quality materials|Power sunroof / moonroof|Premium Audio System – crisp sound experience|Navigation system (optional/available in EX-L)|Keyless entry with walk-away auto lock|Large infotainment touchscreen display|Multiple USB ports & Bluetooth streaming|Adaptive cruise control|Lane keeping assist|Collision mitigation braking system|Road departure mitigation system|Blind spot monitoring with cross-traffic alert|Backup camera|Advanced airbag system & stability control|Alloy wheels with all-season tires|LED headlights & taillights|Sleek|aerodynamic styling,https://ujfuxpqefdvwyjjwcpdu.supabase.co/storage/v1/object/public/car-images/7b6343ee-9f76-41ff-836f-81bc75eb8042-IMG_0992.jpeg|https://ujfuxpqefdvwyjjwcpdu.supabase.co/storage/v1/object/public/car-images/7b97182e-6246-4f8b-892b-08e67abb093d-IMG_0994.jpeg|https://ujfuxpqefdvwyjjwcpdu.supabase.co/storage/v1/object/public/car-images/3f4f8cc7-05d0-48db-8fe9-c0c968bdcc03-IMG_0993.jpeg|https://ujfuxpqefdvwyjjwcpdu.supabase.co/storage/v1/object/public/car-images/9b051a4c-5205-49b7-b0e3-751a9c57baa2-IMG_0995.jpeg|https://ujfuxpqefdvwyjjwcpdu.supabase.co/storage/v1/object/public/car-images/4afc920b-f909-4f39-9bb2-55222d4d5c43-IMG_0996.jpeg|https://ujfuxpqefdvwyjjwcpdu.supabase.co/storage/v1/object/public/car-images/5021b8ea-e2b5-4fa6-ae19-466023eb9bc7-IMG_0997.jpeg|https://ujfuxpqefdvwyjjwcpdu.supabase.co/storage/v1/object/public/car-images/504d721d-d60a-4022-aeda-a053989c7c90-IMG_0998.jpeg|https://ujfuxpqefdvwyjjwcpdu.supabase.co/storage/v1/object/public/car-images/fdfc65e1-2534-4e8c-9da3-210ddcbd2ad6-IMG_0999.jpeg|https://ujfuxpqefdvwyjjwcpdu.supabase.co/storage/v1/object/public/car-images/b451d82b-d61c-4398-a503-2b0625b9b41b-IMG_1001.jpeg|https://ujfuxpqefdvwyjjwcpdu.supabase.co/storage/v1/object/public/car-images/53732cf8-24da-4e5c-85d8-7a71290b25ff-IMG_1002.jpeg|https://ujfuxpqefdvwyjjwcpdu.supabase.co/storage/v1/object/public/car-images/6fdbe121-227f-43eb-866e-dd2ad9e6ecd8-IMG_1003.jpeg|https://ujfuxpqefdvwyjjwcpdu.supabase.co/storage/v1/object/public/car-images/c687ff64-7db9-450f-b148-cdc4fbaea722-IMG_1004.jpeg|https://ujfuxpqefdvwyjjwcpdu.supabase.co/storage/v1/object/public/car-images/f5467d9a-6e27-493f-99bf-5252f1183923-IMG_1005.jpeg|https://ujfuxpqefdvwyjjwcpdu.supabase.co/storage/v1/object/public/car-images/be7bc7d0-3346-4fc7-a7ec-f4d1ee768c26-IMG_1006.jpeg|https://ujfuxpqefdvwyjjwcpdu.supabase.co/storage/v1/object/public/car-images/b314ce4e-92d0-4e22-9371-46dd3451d574-IMG_1007.jpeg|https://ujfuxpqefdvwyjjwcpdu.supabase.co/storage/v1/object/public/car-images/b81e8d3a-ba74-42ba-ad68-d46fa9bd8a87-IMG_1008.jpeg|https://ujfuxpqefdvwyjjwcpdu.supabase.co/storage/v1/object/public/car-images/f59b1c40-b84d-4177-a578-68e185be1183-IMG_1009.jpeg|https://ujfuxpqefdvwyjjwcpdu.supabase.co/storage/v1/object/public/car-images/ade6d7c7-978b-460c-905d-8e176511b371-IMG_1010.jpeg,90-Day Warranty,false,false
2017,Cadillac,XT5,XT5,,10000,800,47000,Excellent,Gasoline,Automatic,,Black,Black Leather,1GYKNBRS0HZ116875,"This 2017 Cadillac XT5 offers a perfect mix of luxury, performance, and comfort. With only 47K miles, this SUV drives like new and is loaded with premium features. The rebuilt title reflects prior cosmetic damage that has been fully repaired, making it an excellent opportunity to own a low-mileage luxury SUV at a fraction of the cost.",Title: Rebuilt (Fully repaired & road ready)|Engine: 3.6L V6 – Smooth|powerful & reliable|Safety Rating: 4/5 NHTSA|Fuel Economy: 19 MPG city • 27 MPG highway • 22 MPG combined|Owners: 1|3.6L V6 Engine – Smooth performance with great highway power|Premium Black Leather Interior – Stylish & comfortable|Heated Front Seats – Perfect for cold days|Dual-Zone Climate Control – Personalized comfort for driver & passenger|Panoramic Sunroof (available on many XT5s – confirm if included)|Apple CarPlay & Android Auto – Seamless smartphone integration|Backup Camera & Parking Sensors – Added confidence and safety|Blind Spot Monitoring & Lane Keep Assist – Drive with peace of mind|Premium Audio System – Crisp|high-quality sound|Power Liftgate – Easy loading & unloading|Spacious 5-Passenger Seating – Comfortable for family or travel|Cold A/C & Strong Heater – All-season comfort|✅ Low miles – only 47K|✅ Luxury features at an affordable price|✅ Rebuilt title = big savings compared to market value|✅ Cadillac comfort & style with SUV practicality,https://ujfuxpqefdvwyjjwcpdu.supabase.co/storage/v1/object/public/car-images/32c0a5e9-70a3-48a2-950b-30c5602c1933-IMG_1012.jpeg|https://ujfuxpqefdvwyjjwcpdu.supabase.co/storage/v1/object/public/car-images/f64ef501-2a74-4d9b-8d14-2b3f5bd1c65f-IMG_1015.jpeg|https://ujfuxpqefdvwyjjwcpdu.supabase.co/storage/v1/object/public/car-images/d38a9874-ff85-428f-9848-045e5a17e142-IMG_1020.jpeg|https://ujfuxpqefdvwyjjwcpdu.supabase.co/storage/v1/object/public/car-images/d6ab6d36-87cf-4a03-8181-febbaf39c8a4-IMG_1018.jpeg|https://ujfuxpqefdvwyjjwcpdu.supabase.co/storage/v1/object/public/car-images/6a4ce9b4-7557-4e31-b271-bae7a7c2e10d-IMG_1016.jpeg|https://ujfuxpqefdvwyjjwcpdu.supabase.co/storage/v1/object/public/car-images/314db834-3f3f-4e12-bc18-760b6ab36541-IMG_1029.jpeg|https://ujfuxpqefdvwyjjwcpdu.supabase.co/storage/v1/object/public/car-images/c5c1a1c9-4041-4f38-95c0-71e319cae75d-IMG_1030.jpeg|https://ujfuxpqefdvwyjjwcpdu.supabase.co/storage/v1/object/public/car-images/fe2fe664-103a-4d3a-a766-9b1e058ff8c5-IMG_1028.jpeg|https://ujfuxpqefdvwyjjwcpdu.supabase.co/storage/v1/object/public/car-images/26da1337-5ca8-4b4b-a094-07680ad7414e-IMG_1025.jpeg|https://ujfuxpqefdvwyjjwcpdu.supabase.co/storage/v1/object/public/car-images/6fe0e01a-82c0-4a99-99a0-bff9ffbb09d2-IMG_1024.jpeg|https://ujfuxpqefdvwyjjwcpdu.supabase.co/storage/v1/object/public/car-images/355f1272-c974-41fb-ba35-b9fcb287fb04-IMG_1026.jpeg|https://ujfuxpqefdvwyjjwcpdu.supabase.co/storage/v1/object/public/car-images/fa2cc163-8ae6-4ae2-94c3-3d165963eee8-IMG_1022.jpeg|https://ujfuxpqefdvwyjjwcpdu.supabase.co/storage/v1/object/public/car-images/91d37325-433b-4f44-84c8-29622af1d7df-IMG_1021.jpeg|https://ujfuxpqefdvwyjjwcpdu.supabase.co/storage/v1/object/public/car-images/b282d9a4-fdf8-4c0d-bc46-e99f705492f2-IMG_1023.jpeg|https://ujfuxpqefdvwyjjwcpdu.supabase.co/storage/v1/object/public/car-images/a2c5e07a-fe6c-477a-9052-542b2715b63a-IMG_1017.jpeg|https://ujfuxpqefdvwyjjwcpdu.supabase.co/storage/v1/object/public/car-images/e114058c-20f2-418c-a86d-f5c5dccee481-IMG_1014.jpeg|https://ujfuxpqefdvwyjjwcpdu.supabase.co/storage/v1/object/public/car-images/a84007e6-56ce-4e93-975d-adb56e9bbf5c-IMG_1013.jpeg|https://ujfuxpqefdvwyjjwcpdu.supabase.co/storage/v1/object/public/car-images/31b7a348-6ae2-4dcb-b32c-ead4fb99f069-IMG_1019.jpeg|https://ujfuxpqefdvwyjjwcpdu.supabase.co/storage/v1/object/public/car-images/e5dbbdbe-2d2f-4d66-a251-22fb6706a552-IMG_1027.jpeg,90-Day Warranty,false,false
2024,Nissan,Sentra SV,SV Sedan 4D,,10000,800,12000,Excellent,Gasoline,Automatic,Front-Wheel Drive (FWD),Red,Grey,3N1AB8CV5RY262851,"This 2024 Nissan Sentra SV is essentially brand new, with only 12K miles and a clean title. Garage-kept and well maintained, it offers excellent fuel efficiency, modern tech, and advanced safety. Whether you’re looking for a stylish commuter or a reliable first car, the Sentra SV delivers big value in a compact package.",Title: Clean|Transmission: Automatic (CVT w/ Start-Stop)|Engine: 2.0L Inline-4 – 149 HP / 146 lb-ft Torque|Fuel Type: Gasoline|Fuel Economy: 30 MPG city • 40 MPG highway • 34 MPG combined|Owners: 1|Paid Off|2.0L Inline-4 (149 HP / 146 lb-ft Torque)|CVT Automatic w/ Start-Stop|EPA Fuel Economy: 30/40/34 MPG (City/Hwy/Combined)|8” Touchscreen Display|Apple CarPlay® & Android Auto™|Bluetooth Hands-Free & Audio Streaming|Keyless Entry & Push Button Start|Spacious Cabin (Seats 5) & 14.3 cu ft Trunk|Nissan Safety Shield 360® – Pre-Collision Braking|Lane Departure|Blind Spot Warning|Backup Camera|Adaptive Cruise Control|Heated Mirrors|16” Alloy Wheels|Cold A/C & Strong Heater|Premium Cloth Interior – Grey|Smooth|comfortable ride – garage-kept & well cared for|Only 12K miles – like new!|Excellent MPG – save at the pump|Packed with safety & modern tech|Affordable price for a 2024 model|Clean title – no major issues,https://ujfuxpqefdvwyjjwcpdu.supabase.co/storage/v1/object/public/car-images/af432de1-96c3-4866-8016-e660677b764d-IMG_1034.jpeg|https://ujfuxpqefdvwyjjwcpdu.supabase.co/storage/v1/object/public/car-images/e2ba6538-cf98-48d1-b0a6-6f6adf8d7463-IMG_1035.jpeg|https://ujfuxpqefdvwyjjwcpdu.supabase.co/storage/v1/object/public/car-images/c8957bcf-1d48-4cd1-b136-5132292398ca-IMG_1036.jpeg|https://ujfuxpqefdvwyjjwcpdu.supabase.co/storage/v1/object/public/car-images/35ce97ef-80e2-4148-9222-f9bc6dba970c-IMG_1037.jpeg|https://ujfuxpqefdvwyjjwcpdu.supabase.co/storage/v1/object/public/car-images/5b8682a8-a5b6-43bf-9f7a-bb852e7f5ad8-IMG_1033.jpeg|https://ujfuxpqefdvwyjjwcpdu.supabase.co/storage/v1/object/public/car-images/7d9e5739-dc67-4a90-8e46-174ad48639c8-IMG_1038.jpeg|https://ujfuxpqefdvwyjjwcpdu.supabase.co/storage/v1/object/public/car-images/f630ab8d-6e27-4512-8b74-294b865c128d-IMG_1039.jpeg|https://ujfuxpqefdvwyjjwcpdu.supabase.co/storage/v1/object/public/car-images/8458e686-2150-45fc-a661-99cf7691e0ab-IMG_1040.jpeg|https://ujfuxpqefdvwyjjwcpdu.supabase.co/storage/v1/object/public/car-images/66e7a226-12f7-499c-9fdc-3dd81f60dbdf-IMG_1041.jpeg|https://ujfuxpqefdvwyjjwcpdu.supabase.co/storage/v1/object/public/car-images/f1d4b78b-318e-47a5-beb2-13b616a7ea25-IMG_1042.jpeg|https://ujfuxpqefdvwyjjwcpdu.supabase.co/storage/v1/object/public/car-images/18b13f85-ff84-4086-8c06-90cc54af83c7-IMG_1043.jpeg|https://ujfuxpqefdvwyjjwcpdu.supabase.co/storage/v1/object/public/car-images/8f5d0410-4b8e-461a-adc1-ff1f84cc6aee-IMG_1044.jpeg|https://ujfuxpqefdvwyjjwcpdu.supabase.co/storage/v1/object/public/car-images/a4534081-68a1-400b-b666-2661b624039b-IMG_1045.jpeg|https://ujfuxpqefdvwyjjwcpdu.supabase.co/storage/v1/object/public/car-images/f4af9ea8-3d2b-4d02-96e7-fcf024dcfa28-IMG_1047.jpeg|https://ujfuxpqefdvwyjjwcpdu.supabase.co/storage/v1/object/public/car-images/8bac13ca-aa9c-4c77-972a-1b319a2d966e-IMG_1048.jpeg|https://ujfuxpqefdvwyjjwcpdu.supabase.co/storage/v1/object/public/car-images/be449666-d0b0-4aa8-b138-c41982477082-IMG_1046.jpeg|https://ujfuxpqefdvwyjjwcpdu.supabase.co/storage/v1/object/public/car-images/73727836-e16d-4935-84e9-f6b488aed58a-IMG_1049.jpeg|https://ujfuxpqefdvwyjjwcpdu.supabase.co/storage/v1/object/public/car-images/ac2383b4-ab57-4e47-a3e5-6c3dcde8c343-IMG_1050.jpeg|https://ujfuxpqefdvwyjjwcpdu.supabase.co/storage/v1/object/public/car-images/b09d370d-4760-40af-9a19-b4bac00e711e-IMG_1051.jpeg|https://ujfuxpqefdvwyjjwcpdu.supabase.co/storage/v1/object/public/car-images/b5fccaf3-c9b3-44f7-b3c5-7e643a5e12c7-851f10f6fb3800b779c9f1e31b4b098e.jpeg,90-Day Warranty,false,false
2022,Chevrolet Colorado,LT Crew Cab,,,14000,1000,37623,Excellent,Gasoline,Automatic,All-Wheel Drive (AWD),Blue,Black,1GCGTCEN5N1316975,"This 2022 Chevrolet Colorado LT Crew Cab is the perfect balance of power, comfort, and utility. With only 37K original miles, it runs and drives like brand new. Equipped with a direct-injected V6 engine and AWD, this truck is built to handle daily driving, towing, or light off-road adventures with ease.

The truck carries a rebuilt title due to previous rear bed damage, but it has been professionally repaired and is 100% road ready. No airbags were deployed, and all systems work perfectly.",Title: Rebuilt (Rear bed damage – fully repaired no airbags deployed)|Engine: 3.6L V6 Direct Injection – Strong & reliable|3.6L Direct-Injected V6 Engine – Strong performance & towing power|All-Wheel Drive (AWD) – Confidence in all weather conditions|Apple CarPlay & Android Auto – Seamless smartphone integration|Backup Camera – Safer reversing and parking|Bluetooth Connectivity – Hands-free calls & audio streaming|Crew Cab Seating – Spacious|seats 5 comfortably|Touchscreen Infotainment System – Modern and intuitive|Cold A/C & Strong Heater – Year-round comfort|Premium Cloth Interior – Durable and clean|Alloy Wheels & Good Tires – Road ready|✅ Low miles – only 37K|✅ V6 power with AWD capability|✅ Rebuilt title = big savings over market value|✅ Well maintained no service needed ready to drive today,https://ujfuxpqefdvwyjjwcpdu.supabase.co/storage/v1/object/public/car-images/f5fa2333-5822-4fee-bc63-c60b0ad8a6e8-IMG_1151.jpeg|https://ujfuxpqefdvwyjjwcpdu.supabase.co/storage/v1/object/public/car-images/5c740a80-56e2-46fc-a8bc-baec2a0b2198-IMG_1150.jpeg|https://ujfuxpqefdvwyjjwcpdu.supabase.co/storage/v1/object/public/car-images/fc9a2550-64d7-4737-aace-5f1e55212298-IMG_1152.jpeg|https://ujfuxpqefdvwyjjwcpdu.supabase.co/storage/v1/object/public/car-images/a328b174-b48f-474f-bd38-37a167b00b6d-IMG_1153.jpeg|https://ujfuxpqefdvwyjjwcpdu.supabase.co/storage/v1/object/public/car-images/6af0cf81-8a21-48df-8c6a-013e84ac2cfe-IMG_1154.jpeg|https://ujfuxpqefdvwyjjwcpdu.supabase.co/storage/v1/object/public/car-images/fd7ab74c-4cbf-4bf1-ba6d-a0ae7515c7de-IMG_1155.jpeg|https://ujfuxpqefdvwyjjwcpdu.supabase.co/storage/v1/object/public/car-images/ae983d54-78d8-49cb-8587-2e4e2553c693-IMG_1156.jpeg|https://ujfuxpqefdvwyjjwcpdu.supabase.co/storage/v1/object/public/car-images/7cb6a21b-b52d-41dc-9854-f4f7942d7e5f-IMG_1159.jpeg|https://ujfuxpqefdvwyjjwcpdu.supabase.co/storage/v1/object/public/car-images/df7196bd-c67e-43e3-9135-3a31fd771d26-IMG_1158.jpeg|https://ujfuxpqefdvwyjjwcpdu.supabase.co/storage/v1/object/public/car-images/fe768d00-8c3d-45e8-a0ab-b726989a8379-IMG_1157.jpeg|https://ujfuxpqefdvwyjjwcpdu.supabase.co/storage/v1/object/public/car-images/9bef689b-7bba-4300-9db5-f1fa94222481-IMG_1160.jpeg|https://ujfuxpqefdvwyjjwcpdu.supabase.co/storage/v1/object/public/car-images/55d561ca-f7fd-4e7f-a0e3-747ab953dab5-IMG_1163.jpeg|https://ujfuxpqefdvwyjjwcpdu.supabase.co/storage/v1/object/public/car-images/ece1b412-e3bb-4a6c-bd16-4533891e7c3c-IMG_1162.jpeg|https://ujfuxpqefdvwyjjwcpdu.supabase.co/storage/v1/object/public/car-images/c413bab7-51bd-4ce7-9cd6-80b639220764-IMG_1161.jpeg|https://ujfuxpqefdvwyjjwcpdu.supabase.co/storage/v1/object/public/car-images/aaac46f6-547e-4235-8e2b-1801e2303059-IMG_1166.jpeg|https://ujfuxpqefdvwyjjwcpdu.supabase.co/storage/v1/object/public/car-images/cb6fe9f4-77ba-46c2-90fe-643e8c251a2a-IMG_1165.jpeg|https://ujfuxpqefdvwyjjwcpdu.supabase.co/storage/v1/object/public/car-images/175149ee-1e8d-4afb-927c-8bac02d59647-IMG_1164.jpeg|https://ujfuxpqefdvwyjjwcpdu.supabase.co/storage/v1/object/public/car-images/0f01385e-fdcc-4889-a5da-64eaac6a4ee2-IMG_1169.jpeg|https://ujfuxpqefdvwyjjwcpdu.supabase.co/storage/v1/object/public/car-images/cacf80a8-4ef0-4345-9d43-ea0d4e7a1805-IMG_1168.jpeg|https://ujfuxpqefdvwyjjwcpdu.supabase.co/storage/v1/object/public/car-images/61e7d8a0-91fd-4294-b385-3e05727e7038-IMG_1167.jpeg,90-Day Warranty,false,false
2019,Toyota ,Camry LE ,LE Sedan 4D,,7000,800,96214,Excellent,Gasoline,Automatic,,Blue,Black,4T1B1IHK1KU290225,"This 2019 Toyota Camry LE is the perfect sedan for those seeking comfort, fuel efficiency, and long-lasting reliability. With a clean title, 96K miles, and Toyota’s proven engineering, this Camry is an excellent daily driver with plenty of life left. Its stylish blue exterior paired with a black interior adds a sleek and modern look.",Title: Clean|Engine: 2.5L I4 – Fuel-efficient & smooth|Safety Rating: 5/5 NHTSA|Owners: 1|✅ Paid Off|2.5L 4-Cylinder Engine – Balance of performance & fuel efficiency|Apple CarPlay & Android Auto – Seamless smartphone integration|Backup Camera – Easy parking and added safety|Bluetooth Hands-Free & Audio Streaming|Touchscreen Infotainment Display – Intuitive and user-friendly|Lane Departure Alert & Adaptive Cruise Control – Toyota Safety Sense™|Cloth Seating – Comfortable for long drives|Cold A/C & Strong Heater – All-season comfort|Spacious Interior – Seats 5 comfortably|Large Trunk Space – Practical for everyday use|✅ Clean title – no major damage|✅ Toyota’s legendary reliability|✅ Excellent safety rating (5/5 NHTSA)|✅ Affordable and fuel-efficient daily driver,https://ujfuxpqefdvwyjjwcpdu.supabase.co/storage/v1/object/public/car-images/9c85ec24-ad6c-401b-8722-9ed2144fb3fb-IMG_1174.jpeg|https://ujfuxpqefdvwyjjwcpdu.supabase.co/storage/v1/object/public/car-images/6eda4440-0990-457a-9ff6-46d73830557a-IMG_1175.jpeg|https://ujfuxpqefdvwyjjwcpdu.supabase.co/storage/v1/object/public/car-images/289086d1-d8c4-469f-a40b-92a2fecb3f26-IMG_1176.jpeg|https://ujfuxpqefdvwyjjwcpdu.supabase.co/storage/v1/object/public/car-images/b8c5dfcc-a368-4249-a6e8-6d544f85b773-IMG_1177.jpeg|https://ujfuxpqefdvwyjjwcpdu.supabase.co/storage/v1/object/public/car-images/7f70395c-a82a-4424-bec4-17dfde047790-IMG_1178.jpeg|https://ujfuxpqefdvwyjjwcpdu.supabase.co/storage/v1/object/public/car-images/db842efd-587d-4dd1-9fbd-b9e2c6d20500-IMG_1181.jpeg|https://ujfuxpqefdvwyjjwcpdu.supabase.co/storage/v1/object/public/car-images/00ba5eec-cbc9-4a9d-82c1-5b36d1ffd340-IMG_1180.jpeg|https://ujfuxpqefdvwyjjwcpdu.supabase.co/storage/v1/object/public/car-images/12748e67-a75a-4192-b837-bea879322e4b-IMG_1179.jpeg|https://ujfuxpqefdvwyjjwcpdu.supabase.co/storage/v1/object/public/car-images/760aaea2-f38f-4916-8d93-211996e4d2fb-IMG_1184.jpeg|https://ujfuxpqefdvwyjjwcpdu.supabase.co/storage/v1/object/public/car-images/b1d998f3-32dd-4248-862b-ff9f2fca06a9-IMG_1183.jpeg|https://ujfuxpqefdvwyjjwcpdu.supabase.co/storage/v1/object/public/car-images/1ff26ca3-ee90-4b67-86ae-309b8e5e6ba2-IMG_1182.jpeg|https://ujfuxpqefdvwyjjwcpdu.supabase.co/storage/v1/object/public/car-images/5a0c8b94-db51-41e0-9a8a-2b651d57e3b8-IMG_1187.jpeg|https://ujfuxpqefdvwyjjwcpdu.supabase.co/storage/v1/object/public/car-images/f07674e0-6efc-42f8-bbca-ae0c83cb940e-IMG_1186.jpeg|https://ujfuxpqefdvwyjjwcpdu.supabase.co/storage/v1/object/public/car-images/651fbc6f-5cdd-46bd-8990-c424ea9a885b-IMG_1185.jpeg,90-Day Warranty,false,false
2018,Hyundai,Santa Fe ,,4-Door SUV,10000,700,74778,Excellent,Gasoline,Automatic,All-Wheel Drive (AWD),,,5NMZUDLB4JH066407,"This 2018 Hyundai Santa Fe Sport AWD is a reliable, fuel-efficient SUV with a strong safety rating and clean interior. It comes with a rebuilt title but is mechanically sound, runs smoothly, and includes a free 3-month extended warranty for peace of mind.",Mileage: 74|778 miles|Engine: 2.4L I4 F DOHC 16V (Gasoline)|Transmission: Automatic|Seats: 5 passengers|Title: Rebuilt Title|Condition|Very clean|well-kept interior and exterior|Runs smooth with no mechanical issues|Price is negotiable|FREE 3-Month Extended Warranty included,https://ujfuxpqefdvwyjjwcpdu.supabase.co/storage/v1/object/public/car-images/b7e8bf60-c068-48c7-9ab8-b61c9417c20d-IMG_1088.jpeg|https://ujfuxpqefdvwyjjwcpdu.supabase.co/storage/v1/object/public/car-images/33accaee-0ca6-470f-baea-518362989ab1-IMG_1089.jpeg|https://ujfuxpqefdvwyjjwcpdu.supabase.co/storage/v1/object/public/car-images/9aec77ec-4282-4d97-9aae-de3528baead9-IMG_1091.jpeg|https://ujfuxpqefdvwyjjwcpdu.supabase.co/storage/v1/object/public/car-images/2ec9a1c0-f09c-42c6-aee7-407a4804314b-IMG_1090.jpeg|https://ujfuxpqefdvwyjjwcpdu.supabase.co/storage/v1/object/public/car-images/85ba557a-cfbc-430a-9720-76b06d481415-IMG_1092.jpeg|https://ujfuxpqefdvwyjjwcpdu.supabase.co/storage/v1/object/public/car-images/634e2e91-b0c1-41fa-8723-0ad437a4fac3-IMG_1093.jpeg|https://ujfuxpqefdvwyjjwcpdu.supabase.co/storage/v1/object/public/car-images/188335f5-4bc0-4cb1-a86a-14e13441ac25-IMG_1094.jpeg|https://ujfuxpqefdvwyjjwcpdu.supabase.co/storage/v1/object/public/car-images/7b388c93-1dcf-4831-9daf-a6ffaf17a54b-IMG_1097.jpeg|https://ujfuxpqefdvwyjjwcpdu.supabase.co/storage/v1/object/public/car-images/3de78ebb-e555-4d71-a6c4-81994d80f1a8-IMG_1100.jpeg|https://ujfuxpqefdvwyjjwcpdu.supabase.co/storage/v1/object/public/car-images/10722dcf-0394-47ff-ac9e-1cd23b59c4bb-IMG_1101.jpeg|https://ujfuxpqefdvwyjjwcpdu.supabase.co/storage/v1/object/public/car-images/94c42241-734f-457b-8ec0-f61f2aadd6d2-IMG_1099.jpeg|https://ujfuxpqefdvwyjjwcpdu.supabase.co/storage/v1/object/public/car-images/0096bff2-4f8e-4001-aee8-c05087e25de0-IMG_1098.jpeg|https://ujfuxpqefdvwyjjwcpdu.supabase.co/storage/v1/object/public/car-images/f83b072a-95e0-4d0f-89a9-de98c983229c-IMG_1095.jpeg|https://ujfuxpqefdvwyjjwcpdu.supabase.co/storage/v1/object/public/car-images/0f7e59a2-2deb-421e-a614-0c363cf34f4d-IMG_1096.jpeg|https://ujfuxpqefdvwyjjwcpdu.supabase.co/storage/v1/object/public/car-images/b117e532-f4df-4180-ad58-b75172bad55e-IMG_1102.jpeg,90-Day Warranty,false,false
2022,Nissan,Sentra SV,,,8000,800,41000,Excellent,Gasoline,Automatic,,White,Black,3N1AB8CV3NY236582,"This 2022 Nissan Sentra SV is a stylish, fuel-efficient sedan with only 41,000 original miles. It runs and drives perfectly, offering a smooth ride with Eco & Sport drive modes for versatility. The car has been well-maintained and comes with all the modern features you need for comfort and safety. This Sentra SV is a reliable, gas-saving daily driver with advanced tech and safety features, making it a perfect choice for commuting or family use.",Clean Title – No Accidents|2.0L V4 Engine – strong and efficient|Automatic transmission|Back-up camera with trajectory|Apple CarPlay integration|Blind Spot Detection|Lane Assist for added safety|Ice-cold A/C ❄️|Mileage: 41|000 miles,https://ujfuxpqefdvwyjjwcpdu.supabase.co/storage/v1/object/public/car-images/f1fac8b2-a26c-4f89-86d8-fd69c24385c3-IMG_1195.jpeg|https://ujfuxpqefdvwyjjwcpdu.supabase.co/storage/v1/object/public/car-images/d87457f4-6a77-46c0-a429-1d335ed63d14-IMG_1192.jpeg|https://ujfuxpqefdvwyjjwcpdu.supabase.co/storage/v1/object/public/car-images/f30f0b9c-f0fe-499a-9040-3a9d60fe05ba-IMG_1193.jpeg|https://ujfuxpqefdvwyjjwcpdu.supabase.co/storage/v1/object/public/car-images/b774f369-5f4c-46d4-a76a-59222f3e90b7-IMG_1194.jpeg|https://ujfuxpqefdvwyjjwcpdu.supabase.co/storage/v1/object/public/car-images/3d2a97bf-5aa5-46c4-808c-512ff57298e2-IMG_1196.jpeg|https://ujfuxpqefdvwyjjwcpdu.supabase.co/storage/v1/object/public/car-images/5be23f0e-84bf-4d3d-a048-20d4db1f84bd-IMG_1197.jpeg|https://ujfuxpqefdvwyjjwcpdu.supabase.co/storage/v1/object/public/car-images/c0be0e60-e100-43d5-aaa4-90968ea3e1e3-IMG_1198.jpeg|https://ujfuxpqefdvwyjjwcpdu.supabase.co/storage/v1/object/public/car-images/825819d2-f6bc-415a-a4df-426c4aad27ce-IMG_1199.jpeg|https://ujfuxpqefdvwyjjwcpdu.supabase.co/storage/v1/object/public/car-images/0f4f1171-cdfb-4b11-a8e2-845383dcf782-IMG_1200.jpeg|https://ujfuxpqefdvwyjjwcpdu.supabase.co/storage/v1/object/public/car-images/62872bde-4657-4a43-8f26-e8b92d12ad2d-IMG_1203.jpeg|https://ujfuxpqefdvwyjjwcpdu.supabase.co/storage/v1/object/public/car-images/2a534c89-b1cd-4322-9062-b9f72337b21c-IMG_1202.jpeg|https://ujfuxpqefdvwyjjwcpdu.supabase.co/storage/v1/object/public/car-images/44e394d2-18c5-4d04-b8cc-28c6e782564b-IMG_1201.jpeg|https://ujfuxpqefdvwyjjwcpdu.supabase.co/storage/v1/object/public/car-images/5fa9fc14-99f0-46d7-add1-23e9658e6fe2-IMG_1204.jpeg|https://ujfuxpqefdvwyjjwcpdu.supabase.co/storage/v1/object/public/car-images/c110082a-27e1-4253-83e4-e4fb241fed8b-IMG_1205.jpeg|https://ujfuxpqefdvwyjjwcpdu.supabase.co/storage/v1/object/public/car-images/229f7e7a-a8f8-444b-8449-c01f51d09e22-IMG_1206.jpeg|https://ujfuxpqefdvwyjjwcpdu.supabase.co/storage/v1/object/public/car-images/f486e2a8-0855-4d39-b8b0-33e0a6ac5b3c-IMG_1207.jpeg|https://ujfuxpqefdvwyjjwcpdu.supabase.co/storage/v1/object/public/car-images/a7a96e9f-f69c-4709-b053-05e003f0c448-IMG_1208.jpeg,90-Day Warranty,false,false
2018,Mazda,CX-5 Grand Touring,Grand Touring Sport Utility 4D,,8000,700,79000,Excellent,Gasoline,Automatic,,Blue,Black,JM3KFADMXJ0323829,"Up for sale is a 2018 Mazda CX-5 Grand Touring, a premium compact SUV known for its stylish design, smooth performance, and upscale comfort. This vehicle has been well-maintained, runs perfectly, and is ready for its next owner. With a strong 2.5L SKYACTIV® engine and advanced safety features, it offers both peace of mind and driving enjoyment. This Mazda CX-5 Grand Touring offers a perfect balance of luxury, safety, and fuel efficiency. Whether for family use or daily commuting, it delivers reliability with a touch of class.",Clean Title – Paid Off|2.5L SKYACTIV® 4-Cylinder Engine – strong & efficient|6-Speed Automatic Transmission|Leather-Trimmed Power Seats|Heated Front Seats & Heated Steering Wheel|Premium BOSE® 10-Speaker Audio System|Navigation System & Bluetooth Connectivity|Dual-Zone Automatic Climate Control|Blind Spot Monitoring & Rear Cross-Traffic Alert|Lane Departure Warning & Smart City Brake Support|Power Liftgate for added convenience|19” Alloy Wheels|Fuel Economy: 23 MPG city / 29 MPG highway (26 MPG combined)|Safety Rating: 5/5 NHTSA|Seats: 5|Condition: Clean Title|No damage or issues,https://ujfuxpqefdvwyjjwcpdu.supabase.co/storage/v1/object/public/car-images/ec914fc5-0500-4173-9a97-406f80e69f02-IMG_1234.jpeg|https://ujfuxpqefdvwyjjwcpdu.supabase.co/storage/v1/object/public/car-images/bbb372fb-2eb2-4f98-aa9f-ebcf513bf504-IMG_1235.jpeg|https://ujfuxpqefdvwyjjwcpdu.supabase.co/storage/v1/object/public/car-images/a9e791e7-45e5-4120-896b-d9a0663b7e19-IMG_1236.jpeg|https://ujfuxpqefdvwyjjwcpdu.supabase.co/storage/v1/object/public/car-images/26751da1-b73e-472b-860c-6eb39f91fb38-IMG_1237.jpeg|https://ujfuxpqefdvwyjjwcpdu.supabase.co/storage/v1/object/public/car-images/e2fbf5e0-6318-4b72-8ca1-1705e69f0616-IMG_1241.jpeg|https://ujfuxpqefdvwyjjwcpdu.supabase.co/storage/v1/object/public/car-images/cef6208a-099b-43e9-bfe6-7c21dacd825d-IMG_1240.jpeg|https://ujfuxpqefdvwyjjwcpdu.supabase.co/storage/v1/object/public/car-images/fd51a0df-4292-4f68-9e2f-9b72e54529bc-IMG_1239.jpeg|https://ujfuxpqefdvwyjjwcpdu.supabase.co/storage/v1/object/public/car-images/4eb5a031-bcb5-4dea-96e5-7447e807fda0-IMG_1238.jpeg|https://ujfuxpqefdvwyjjwcpdu.supabase.co/storage/v1/object/public/car-images/e0638dfa-78b0-456a-9fe4-711860d158bd-IMG_1242.jpeg|https://ujfuxpqefdvwyjjwcpdu.supabase.co/storage/v1/object/public/car-images/54192442-9cb0-496a-bb45-ff41a7522b4a-IMG_1243.jpeg|https://ujfuxpqefdvwyjjwcpdu.supabase.co/storage/v1/object/public/car-images/be8ff598-e0dd-48a7-9572-1e121c20adc6-IMG_1247.jpeg|https://ujfuxpqefdvwyjjwcpdu.supabase.co/storage/v1/object/public/car-images/0b3f8372-d829-48b8-ab09-61eb33e1e039-IMG_1246.jpeg|https://ujfuxpqefdvwyjjwcpdu.supabase.co/storage/v1/object/public/car-images/6ac9452f-db72-4423-985e-1df65b17e6ed-IMG_1245.jpeg|https://ujfuxpqefdvwyjjwcpdu.supabase.co/storage/v1/object/public/car-images/57e15d9f-831b-48e5-98bd-d3f37a142858-IMG_1244.jpeg|https://ujfuxpqefdvwyjjwcpdu.supabase.co/storage/v1/object/public/car-images/b1251413-14cb-43e4-94bd-4f1ebbf5f57c-IMG_1248.jpeg|https://ujfuxpqefdvwyjjwcpdu.supabase.co/storage/v1/object/public/car-images/221b6f78-af2a-4f7b-a7bb-33e7c6d7d97a-IMG_1249.jpeg|https://ujfuxpqefdvwyjjwcpdu.supabase.co/storage/v1/object/public/car-images/6715c151-a538-4ca9-ab3b-2ba4dc723a77-IMG_1250.jpeg|https://ujfuxpqefdvwyjjwcpdu.supabase.co/storage/v1/object/public/car-images/162238d0-82b8-46a1-9143-b82e88e147d3-IMG_1251.jpeg|https://ujfuxpqefdvwyjjwcpdu.supabase.co/storage/v1/object/public/car-images/81fdf52a-a13d-49ad-96df-fb4c996cf976-IMG_1252.jpeg,90-Day Warranty,false,false
2024,Hyundai,Elantra SE ,SE Sedan 4D,,10000,1000,7000,Excellent,Gasoline,Automatic,,Silver,Grey,KMHLL4DG6RU786889,"Like-new and fuel-efficient, this 2024 Hyundai Elantra SE is the perfect mix of modern design, advanced safety features, and dependable performance. With only 7,000 miles, it’s practically brand new and still under factory warranty. This 2024 Elantra SE offers top-tier fuel efficiency, advanced safety technology, and the peace of mind of owning a nearly brand-new sedan. Perfect for daily commuting or long drives, it delivers both comfort and reliability.",Clean Title|2.0L 4-Cylinder Engine – excellent fuel economy|Automatic Transmission|Apple CarPlay & Android Auto|Touchscreen Infotainment System|Bluetooth Connectivity & USB Ports|Backup Camera|Forward Collision-Avoidance Assist|Lane Keep Assist & Lane Follow Assist|Spacious & Comfortable Interior|Keyless Entry|Cruise Control & Steering Wheel Controls|Condition: Clean Title|No damage or issues|Status: Paid Off – No Liens,https://ujfuxpqefdvwyjjwcpdu.supabase.co/storage/v1/object/public/car-images/8c5c2b28-6c58-4bd0-941c-b2f5fed3b267-IMG_1256.jpeg|https://ujfuxpqefdvwyjjwcpdu.supabase.co/storage/v1/object/public/car-images/0ed10bf8-f800-4925-ba9a-10d6fd8dae6b-IMG_1257.jpeg|https://ujfuxpqefdvwyjjwcpdu.supabase.co/storage/v1/object/public/car-images/eadb2467-b624-4cfc-bc76-345bceb89117-IMG_1258.jpeg|https://ujfuxpqefdvwyjjwcpdu.supabase.co/storage/v1/object/public/car-images/ab10bef5-e97d-4913-a638-0052e1eb9828-IMG_1259.jpeg|https://ujfuxpqefdvwyjjwcpdu.supabase.co/storage/v1/object/public/car-images/b806deee-9b28-4149-99c1-ddd264d91d33-IMG_1260.jpeg|https://ujfuxpqefdvwyjjwcpdu.supabase.co/storage/v1/object/public/car-images/4cd10f8a-6792-4648-ae5c-4b3c113fc63f-IMG_1261.jpeg|https://ujfuxpqefdvwyjjwcpdu.supabase.co/storage/v1/object/public/car-images/af9f7dd1-a231-4be4-816d-acb60db6fb4b-IMG_1264.jpeg|https://ujfuxpqefdvwyjjwcpdu.supabase.co/storage/v1/object/public/car-images/b0d585a5-ead0-49d9-b79a-22c4823810a0-IMG_1263.jpeg|https://ujfuxpqefdvwyjjwcpdu.supabase.co/storage/v1/object/public/car-images/569e4c05-de0f-4edb-840e-bf7a1103801d-IMG_1262.jpeg|https://ujfuxpqefdvwyjjwcpdu.supabase.co/storage/v1/object/public/car-images/d7c1ca2c-5b07-4bc6-a46a-4c40994ffc4c-IMG_1265.jpeg|https://ujfuxpqefdvwyjjwcpdu.supabase.co/storage/v1/object/public/car-images/eb47ba8a-179c-4653-b81e-a132850f2c2d-IMG_1266.jpeg|https://ujfuxpqefdvwyjjwcpdu.supabase.co/storage/v1/object/public/car-images/04cdfef1-69c7-4e5a-a9a1-b26e2c6d0bba-IMG_1267.jpeg|https://ujfuxpqefdvwyjjwcpdu.supabase.co/storage/v1/object/public/car-images/7f2ea776-1844-45fc-b9a3-471c01c53a9b-IMG_1270.jpeg|https://ujfuxpqefdvwyjjwcpdu.supabase.co/storage/v1/object/public/car-images/df989a2d-f121-44dd-83e3-da682490d67d-IMG_1269.jpeg|https://ujfuxpqefdvwyjjwcpdu.supabase.co/storage/v1/object/public/car-images/63706a36-a303-429f-a628-4ee225ff9832-IMG_1268.jpeg|https://ujfuxpqefdvwyjjwcpdu.supabase.co/storage/v1/object/public/car-images/c0a255cc-87f8-41e1-b35e-063a886088a6-IMG_1271.jpeg|https://ujfuxpqefdvwyjjwcpdu.supabase.co/storage/v1/object/public/car-images/02efbf75-9762-4c1e-9bd1-214983618e9d-IMG_1272.jpeg|https://ujfuxpqefdvwyjjwcpdu.supabase.co/storage/v1/object/public/car-images/2d1f7b0f-fce7-4129-9ffd-eb8e6ec96000-IMG_1274.jpeg,90-Day Warranty,false,false
2019, Kia,Optima S Sedan 4D,S Sedan 4D,Sedan,5000,800,56000,Excellent,Gasoline,Automatic,,Red,Black,5XXGT4L37KG292721,"Up for sale is a 2019 Kia Optima S Sedan, a reliable and stylish midsize sedan with only 56,000 miles. It runs and drives like new, has been well-maintained, and comes with two keys for convenience. The vehicle sustained light damage in the past but has been fully repaired. No airbags were deployed, and there was no frame damage — making this a dependable, budget-friendly choice.
This 2019 Kia Optima S offers great value at a low price. With its low mileage, strong reliability, and sporty styling, it’s the perfect sedan for daily driving without breaking the bank.",Rebuilt Title|Light Prior Damage|No Airbag Deployment|No Frame Damage|2.4L 4-Cylinder Engine – reliable & efficient|Automatic Transmission|5/5 NHTSA Safety Rating|Comfortable Black Interior|Seating for 5|Keyless Entry|Cruise Control & Steering Wheel Controls|Bluetooth Connectivity|Alloy Wheels|Title Status: Rebuilt – repaired and inspected|Ownership: 1 Owner|Status: Paid Off,https://ujfuxpqefdvwyjjwcpdu.supabase.co/storage/v1/object/public/car-images/1e387c34-ac11-4ae9-bc13-cba7f594a489-IMG_1276.jpeg|https://ujfuxpqefdvwyjjwcpdu.supabase.co/storage/v1/object/public/car-images/41bf5aee-bd6e-4b98-aea8-c90fec10baca-IMG_1277.jpeg|https://ujfuxpqefdvwyjjwcpdu.supabase.co/storage/v1/object/public/car-images/2df05849-6024-47cc-b8bb-c1eff4660b87-IMG_1278.jpeg|https://ujfuxpqefdvwyjjwcpdu.supabase.co/storage/v1/object/public/car-images/7fc9c501-df5d-4456-bc2e-d3a8e5206203-IMG_1279.jpeg|https://ujfuxpqefdvwyjjwcpdu.supabase.co/storage/v1/object/public/car-images/1d4f6a8b-afc3-4dfe-9a6f-e1654e959561-IMG_1280.jpeg|https://ujfuxpqefdvwyjjwcpdu.supabase.co/storage/v1/object/public/car-images/e154417a-7a92-4ca4-b81a-134aaa9251b0-IMG_1283.jpeg|https://ujfuxpqefdvwyjjwcpdu.supabase.co/storage/v1/object/public/car-images/85144da6-7599-40df-ad38-4f775b749dc3-IMG_1282.jpeg|https://ujfuxpqefdvwyjjwcpdu.supabase.co/storage/v1/object/public/car-images/cf5ed104-1d7b-4615-af1d-f24edb473db0-IMG_1281.jpeg|https://ujfuxpqefdvwyjjwcpdu.supabase.co/storage/v1/object/public/car-images/054cac2f-c3a2-4c59-be04-4bcb7103743d-IMG_1284.jpeg|https://ujfuxpqefdvwyjjwcpdu.supabase.co/storage/v1/object/public/car-images/b597f6d6-f1d0-4bab-9c16-2a9b38fb34a6-IMG_1285.jpeg|https://ujfuxpqefdvwyjjwcpdu.supabase.co/storage/v1/object/public/car-images/aec0f9c4-ccaf-4617-9f72-f4e366c0b7f2-IMG_1286.jpeg|https://ujfuxpqefdvwyjjwcpdu.supabase.co/storage/v1/object/public/car-images/555b0623-488b-4448-9f2f-c18cce968eec-IMG_1289.jpeg|https://ujfuxpqefdvwyjjwcpdu.supabase.co/storage/v1/object/public/car-images/acc53b50-ead3-4507-90ff-3b840e67704d-IMG_1288.jpeg|https://ujfuxpqefdvwyjjwcpdu.supabase.co/storage/v1/object/public/car-images/bec54390-33fc-43b4-aded-6ee1d9df4ca0-IMG_1287.jpeg,90-Day Warranty,false,false
2022,Toyota,Camry SE ,,,7000,800,67000,Excellent,Gasoline,Automatic,,Sporty Styling,,411G11A05NU660954,"For sale is a 2022 Toyota Camry SE, a sporty and reliable midsize sedan with 67,000 miles. Known for its comfort, fuel efficiency, and long-term dependability, this Camry is in excellent condition and ready for its next owner. This 2022 Camry SE offers the perfect mix of sporty design, advanced safety features, and Toyota’s legendary reliability. Whether for daily commuting or long-distance drives, it’s a sedan built for performance and peace of mind.",Clean Title – No Accidents|2.5L 4-Cylinder Engine – Fuel Efficient & Responsive|Automatic Transmission|Sport-Tuned Suspension for a smooth agile ride|Cloth/Leather-Trimmed Sport Seats|Power Driver Seat|Touchscreen Infotainment System|Apple CarPlay & Android Auto|Bluetooth & USB Connectivity|Backup Camera|Toyota Safety Sense Suite|Adaptive Cruise Control|Lane Departure Alert|Pre-Collision System|Stylish Alloy Wheels|Condition: Clean Title|Runs and Drives Smoothly,https://ujfuxpqefdvwyjjwcpdu.supabase.co/storage/v1/object/public/car-images/e4a776e1-cc40-4378-83ab-cf9ec19580a1-IMG_1312.jpeg|https://ujfuxpqefdvwyjjwcpdu.supabase.co/storage/v1/object/public/car-images/7b2acb29-23fa-4187-a9ef-729278cc5e1b-IMG_1298.jpeg|https://ujfuxpqefdvwyjjwcpdu.supabase.co/storage/v1/object/public/car-images/84c7abd5-bef3-4df9-ba1e-e39ac8e1f072-IMG_1291.jpeg|https://ujfuxpqefdvwyjjwcpdu.supabase.co/storage/v1/object/public/car-images/442cd91c-e174-4f78-afc8-75b75362bf6e-IMG_1292.jpeg|https://ujfuxpqefdvwyjjwcpdu.supabase.co/storage/v1/object/public/car-images/bfe09f40-b5d3-4371-b89b-04f1901dd6ff-IMG_1293.jpeg|https://ujfuxpqefdvwyjjwcpdu.supabase.co/storage/v1/object/public/car-images/064c8eca-1208-4041-99ca-4bbf8ee92527-IMG_1294.jpeg|https://ujfuxpqefdvwyjjwcpdu.supabase.co/storage/v1/object/public/car-images/fc8adf6c-4115-4ddc-9454-605bf6fdd377-IMG_1295.jpeg|https://ujfuxpqefdvwyjjwcpdu.supabase.co/storage/v1/object/public/car-images/9dd4ed48-dca9-4856-a2b9-d4a10839f466-IMG_1296.jpeg|https://ujfuxpqefdvwyjjwcpdu.supabase.co/storage/v1/object/public/car-images/889d3d1b-e31b-4df1-96f2-7abbe9cecfeb-IMG_1297.jpeg|https://ujfuxpqefdvwyjjwcpdu.supabase.co/storage/v1/object/public/car-images/467a3fce-27a5-4bac-b93f-b8a40faf40dc-IMG_1299.jpeg|https://ujfuxpqefdvwyjjwcpdu.supabase.co/storage/v1/object/public/car-images/27f79cc7-958f-41a5-9601-41424c5a2709-IMG_1301.jpeg|https://ujfuxpqefdvwyjjwcpdu.supabase.co/storage/v1/object/public/car-images/aa3bcf35-e04c-4ce3-b437-72c2c7273052-IMG_1302.jpeg|https://ujfuxpqefdvwyjjwcpdu.supabase.co/storage/v1/object/public/car-images/e33fca83-42b7-4fda-ae22-24d626647c81-IMG_1303.jpeg|https://ujfuxpqefdvwyjjwcpdu.supabase.co/storage/v1/object/public/car-images/4f204bed-e26d-478a-9a8f-48cb2f8b33b7-IMG_1304.jpeg|https://ujfuxpqefdvwyjjwcpdu.supabase.co/storage/v1/object/public/car-images/77ccd29e-91df-4f45-885b-0f5a1013d83f-IMG_1305.jpeg|https://ujfuxpqefdvwyjjwcpdu.supabase.co/storage/v1/object/public/car-images/920c6437-c873-474b-93dc-a24c3ff5af95-IMG_1306.jpeg|https://ujfuxpqefdvwyjjwcpdu.supabase.co/storage/v1/object/public/car-images/44da325a-0882-40d1-b61a-743fcd868a84-IMG_1307.jpeg|https://ujfuxpqefdvwyjjwcpdu.supabase.co/storage/v1/object/public/car-images/ec08323b-e2c7-47a4-8afb-4d51e8becebc-IMG_1308.jpeg|https://ujfuxpqefdvwyjjwcpdu.supabase.co/storage/v1/object/public/car-images/b168e9ec-b6ea-49e1-a158-838cdb72db2f-IMG_1309.jpeg|https://ujfuxpqefdvwyjjwcpdu.supabase.co/storage/v1/object/public/car-images/248f3a32-783b-4717-9651-bebb065440b7-fa7d76319380f58a1a2ceaf9a03ed515.jpeg,90-Day Warranty,false,false
2022,Toyota ,Camry SE Sedan 4D ,SE Sedan 4D,Sedan,10000,800,20000,Excellent,Gasoline,Automatic,,,,4T1G11AK5NU069683,"Up for sale is a 2022 Toyota Camry SE, a stylish and reliable sedan known for its sporty design, comfort, and long-term dependability. With low mileage and a clean title, this Camry is in excellent condition and ready for its next owner. This 2022 Toyota Camry SE delivers the perfect blend of modern technology, sporty styling, and Toyota’s proven reliability. Whether for commuting, family use, or long trips, it’s built to give you both comfort and peace of mind.",Clean Title – Well Maintained|2.5L 4-Cylinder Engine – fuel efficient & reliable|Automatic Transmission|Sport-Tuned Suspension for a smooth|responsive drive|Backup Camera for easy maneuvering|Toyota Safety Sense: Lane Departure Warning & Adaptive Cruise Control|Apple CarPlay & Android Auto|Bluetooth Connectivity & USB Ports|Touchscreen Infotainment Display|Premium Cloth/Leather-Trimmed Sport Seats|Stylish Alloy Wheels|Ice Cold A/C ❄️ & Strong Heater|Mileage: Low Miles|Transmission: Automatic|Fuel Type: Gasoline|Condition: Clean Title|Excellent Condition,https://ujfuxpqefdvwyjjwcpdu.supabase.co/storage/v1/object/public/car-images/d55cd7ba-3263-43b2-9d2a-a9fc9cf96f72-IMG_1311.jpeg|https://ujfuxpqefdvwyjjwcpdu.supabase.co/storage/v1/object/public/car-images/6b543990-2e62-449d-9711-f35b4f436dd3-IMG_1312.jpeg|https://ujfuxpqefdvwyjjwcpdu.supabase.co/storage/v1/object/public/car-images/3688e09a-d2f8-458d-8541-9b4c740d7354-IMG_1313.jpeg|https://ujfuxpqefdvwyjjwcpdu.supabase.co/storage/v1/object/public/car-images/4a4af4ec-db0f-45a2-a566-26133bffa2d5-IMG_1314.jpeg|https://ujfuxpqefdvwyjjwcpdu.supabase.co/storage/v1/object/public/car-images/5854bfd7-8169-42c3-ac8d-e53fc1d74388-IMG_1315.jpeg|https://ujfuxpqefdvwyjjwcpdu.supabase.co/storage/v1/object/public/car-images/64e5c969-8aeb-4a0a-8802-f69a3b2714a6-IMG_1316.jpeg|https://ujfuxpqefdvwyjjwcpdu.supabase.co/storage/v1/object/public/car-images/e5dd7bd6-ada4-4a2a-8815-3e149893366f-IMG_1317.jpeg|https://ujfuxpqefdvwyjjwcpdu.supabase.co/storage/v1/object/public/car-images/133ade50-b995-4fdd-871f-c1406ee33203-IMG_1318.jpeg|https://ujfuxpqefdvwyjjwcpdu.supabase.co/storage/v1/object/public/car-images/1db0cd1c-2c08-4a47-9eef-8a7333bd5e7a-IMG_1319.jpeg|https://ujfuxpqefdvwyjjwcpdu.supabase.co/storage/v1/object/public/car-images/4582bdcc-c6fb-4dfd-a4e5-54530087cf4d-IMG_1321.jpeg|https://ujfuxpqefdvwyjjwcpdu.supabase.co/storage/v1/object/public/car-images/2e21cb09-eadb-45ec-b184-8b0e4ab382e9-IMG_1322.jpeg|https://ujfuxpqefdvwyjjwcpdu.supabase.co/storage/v1/object/public/car-images/5fab53a0-f393-4c0f-aa66-f6760f440874-IMG_1323.jpeg|https://ujfuxpqefdvwyjjwcpdu.supabase.co/storage/v1/object/public/car-images/c21ba5a8-bf74-4c91-881f-ee941c5d325c-IMG_1324.jpeg|https://ujfuxpqefdvwyjjwcpdu.supabase.co/storage/v1/object/public/car-images/6041665e-8d9a-4ab8-9b87-b76daf8cd0dd-IMG_1325.jpeg|https://ujfuxpqefdvwyjjwcpdu.supabase.co/storage/v1/object/public/car-images/e8a2e4cd-9f99-4d22-902a-d6df1238ba08-IMG_1326.jpeg|https://ujfuxpqefdvwyjjwcpdu.supabase.co/storage/v1/object/public/car-images/92ead152-a5b7-43d3-b696-df52c19a4b8b-IMG_1327.jpeg,90-Day Warranty,false,false
2023,Honda,Civic Hatchback Sport 2.0,,Hatchback,6000,700,61000,Excellent,Gasoline,Automatic,,,,,"The 2023 Honda Civic Sport Hatchback 2.0 delivers a perfect combination of modern styling, sporty performance, and Honda reliability. With its aerodynamic design and bold all-black finish, this Civic Hatchback turns heads while offering practicality and comfort for everyday driving.

It comes with a rebuilt title, meaning it has been fully inspected and restored to meet safety and performance standards — offering exceptional value at an unbeatable price. With 61,000 miles, it runs smoothly, feels tight on the road, and performs just like a clean-title vehicle.

Financing & Payment Options

✅ Down Payment: $700
✅ No Credit Check — approval guaranteed with valid ID
✅ Monthly Payments: $300–$1,000 depending on your budget
🚗 Nationwide Delivery Available — fast and affordable
💵 No hidden fees or early payoff penalty

Why Choose Jerry’s Auto

At Jerry’s Auto, we make car buying simple, transparent, and stress-free. All vehicles are inspected for quality and reliability, and every customer is treated with respect and honesty. Whether you buy outright or finance, you’ll get great service, fair pricing, and fast delivery.",2.0L 4-Cylinder Engine|Sport Mode & Paddle Shifters|Apple CarPlay & Android Auto|Backup Camera & Lane Assist|Push-to-Start Button|Keyless Entry|LED Headlights|Premium Sound System|Spacious Hatchback Cargo Space,https://ujfuxpqefdvwyjjwcpdu.supabase.co/storage/v1/object/public/car-images/8f528b8e-c038-4c83-95a1-af43c2c1b5d4-IMG_2759.jpeg|https://ujfuxpqefdvwyjjwcpdu.supabase.co/storage/v1/object/public/car-images/7073d52b-8547-4734-804e-d888e1cd86e2-IMG_2760.jpeg|https://ujfuxpqefdvwyjjwcpdu.supabase.co/storage/v1/object/public/car-images/196e02c8-b841-4a49-9cfb-5ada235d9f80-IMG_2761.jpeg|https://ujfuxpqefdvwyjjwcpdu.supabase.co/storage/v1/object/public/car-images/7c95bb2d-49cb-4a31-9881-733f7635f717-IMG_2758.jpeg|https://ujfuxpqefdvwyjjwcpdu.supabase.co/storage/v1/object/public/car-images/109894e6-a525-488c-a4f8-68c3de358c18-IMG_2757.jpeg|https://ujfuxpqefdvwyjjwcpdu.supabase.co/storage/v1/object/public/car-images/40d346a6-6e0e-40a8-98af-cf338513423f-IMG_2756.jpeg|https://ujfuxpqefdvwyjjwcpdu.supabase.co/storage/v1/object/public/car-images/12545c94-67ff-4993-9b44-5d64b2ca01e9-IMG_2755.jpeg|https://ujfuxpqefdvwyjjwcpdu.supabase.co/storage/v1/object/public/car-images/be068e2d-b8b6-4405-b41d-207fa53248e4-IMG_2754.jpeg|https://ujfuxpqefdvwyjjwcpdu.supabase.co/storage/v1/object/public/car-images/38736161-dbb3-436f-a014-7c5886bf86d3-IMG_2753.jpeg|https://ujfuxpqefdvwyjjwcpdu.supabase.co/storage/v1/object/public/car-images/8d5d04b3-49fd-450c-bdea-6bf7dd1c8998-IMG_2752.jpeg|https://ujfuxpqefdvwyjjwcpdu.supabase.co/storage/v1/object/public/car-images/4555f49a-3a61-48df-806e-9df7530bf00d-IMG_2751.jpeg|https://ujfuxpqefdvwyjjwcpdu.supabase.co/storage/v1/object/public/car-images/b094ae57-8973-4f19-8bf1-2c534b6ad79e-IMG_2750.jpeg|https://ujfuxpqefdvwyjjwcpdu.supabase.co/storage/v1/object/public/car-images/b1cd4427-b89b-4de6-bcad-6977b9c48afb-IMG_2765.jpeg|https://ujfuxpqefdvwyjjwcpdu.supabase.co/storage/v1/object/public/car-images/37f8860e-16f8-4af5-a9ce-c536f95398db-IMG_2764.jpeg|https://ujfuxpqefdvwyjjwcpdu.supabase.co/storage/v1/object/public/car-images/8958aa7d-0d67-4957-8253-2c6499423f85-IMG_2762.jpeg|https://ujfuxpqefdvwyjjwcpdu.supabase.co/storage/v1/object/public/car-images/e32fa841-1651-4957-9a53-84317e43338d-IMG_2763.jpeg|https://ujfuxpqefdvwyjjwcpdu.supabase.co/storage/v1/object/public/car-images/7f59bd78-beeb-4d18-9bf4-ee453a510bb2-IMG_2766.jpeg,90-Day Warranty,false,false
2014,Mercedes-Benz,CLA 45 AMG ,CLA 45 AMG 4MATIC Coupe 4D,,9000,700,88550,Excellent,Gasoline,Automatic,,Red,Black,WDDSJ5CB1EN114525,"For sale is a 2014 Mercedes-Benz CLA 45 AMG, a high-performance luxury coupe that blends everyday comfort with AMG’s signature power and precision. With a hand-built 2.0L turbocharged engine producing 355 horsepower, paired with AMG’s 7-speed dual-clutch transmission and 4MATIC all-wheel drive, this car delivers an exhilarating driving experience with excellent control. This CLA 45 AMG is perfect for anyone who wants luxury, sport performance, and daily practicality in one package. With its aggressive styling, premium interior, and powerful AMG-tuned engine, it’s a true driver’s car that stands out on the road.",Clean Title – Paid Off|355 HP – Hand-Built 2.0L Turbocharged Engine|7-Speed Dual-Clutch Automatic Transmission|AMG-Tuned Sport Suspension|4MATIC All-Wheel Drive for superior traction|Paddle Shifters for sport driving feel|Panoramic Sunroof|Leather Interior with Heated Seats|Navigation System|Backup Camera|Bluetooth & Premium Audio|Dual-Zone Climate Control|Fuel Economy: 23 MPG city / 31 MPG highway (26 MPG combined)|Seats: 5|Ownership History: 2 Owners|Condition: Clean Title|No significant damage or problems,https://ujfuxpqefdvwyjjwcpdu.supabase.co/storage/v1/object/public/car-images/6d26325a-5054-44db-840b-a21d44fa53d5-IMG_1331.jpeg|https://ujfuxpqefdvwyjjwcpdu.supabase.co/storage/v1/object/public/car-images/0024a50a-288e-4f12-9a4e-6cf732c9f9cc-IMG_1332.jpeg|https://ujfuxpqefdvwyjjwcpdu.supabase.co/storage/v1/object/public/car-images/a3e1183e-cd95-4fee-bfef-9679bb6e6759-IMG_1333.jpeg|https://ujfuxpqefdvwyjjwcpdu.supabase.co/storage/v1/object/public/car-images/a993b69b-4be1-497b-a611-b74e2c05bcf5-IMG_1334.jpeg|https://ujfuxpqefdvwyjjwcpdu.supabase.co/storage/v1/object/public/car-images/6f2554fb-fa46-4e03-9c1c-95873ca64dc1-IMG_1335.jpeg|https://ujfuxpqefdvwyjjwcpdu.supabase.co/storage/v1/object/public/car-images/609d9e5c-4840-460d-8b53-cbc0e5babba6-IMG_1338.jpeg|https://ujfuxpqefdvwyjjwcpdu.supabase.co/storage/v1/object/public/car-images/e6960470-f3dd-43d2-a08f-74b91b320d70-IMG_1337.jpeg|https://ujfuxpqefdvwyjjwcpdu.supabase.co/storage/v1/object/public/car-images/85fe410e-3263-4fe6-bd4f-1059d9ec7b73-IMG_1336.jpeg|https://ujfuxpqefdvwyjjwcpdu.supabase.co/storage/v1/object/public/car-images/05b21841-9923-4bb0-884d-56f15c8f2643-IMG_1339.jpeg|https://ujfuxpqefdvwyjjwcpdu.supabase.co/storage/v1/object/public/car-images/723031c3-3055-4757-af93-f54e8c669e5f-IMG_1340.jpeg|https://ujfuxpqefdvwyjjwcpdu.supabase.co/storage/v1/object/public/car-images/86f77675-dd77-49b1-999d-b4a1740495b0-IMG_1341.jpeg|https://ujfuxpqefdvwyjjwcpdu.supabase.co/storage/v1/object/public/car-images/f337edb9-a8a6-4a9c-a90c-a8bb63903351-IMG_1344.jpeg|https://ujfuxpqefdvwyjjwcpdu.supabase.co/storage/v1/object/public/car-images/326b7b8e-04da-40da-9690-9e38cf613a28-IMG_1343.jpeg|https://ujfuxpqefdvwyjjwcpdu.supabase.co/storage/v1/object/public/car-images/c1df0b88-8fc5-4cbc-bf3d-bc6962a3ffa5-IMG_1342.jpeg|https://ujfuxpqefdvwyjjwcpdu.supabase.co/storage/v1/object/public/car-images/7ddc2d43-3829-4f15-a773-f9e700065e00-IMG_1345.jpeg,90-Day Warranty,false,false
2020,Toyota,RAV4,,,17000,900,71975,Excellent,Gasoline,Automatic,,,,2T3W1RFV3LC035390,"2020 Toyota RAV4 XLE, 71k mi, Clean Title, White/Black, Auto, Backup Cam, Apple CarPlay, Android Auto, Bluetooth, Great on Gas, Runs Well, 5★ Safety, Paid Off, No Accidents, Seats 5.",2020 Toyota RAV4 XLE · 71k mi|Auto|FWD|Backup Cam|Apple CarPlay|Android Auto|Bluetooth|Great on Gas|5★ Safety|Clean Title|No Accidents|Black Cloth Interior|Seats 5|Paid Off,https://ujfuxpqefdvwyjjwcpdu.supabase.co/storage/v1/object/public/car-images/3b382d95-ec19-4ff9-98d1-dcf8d6d73da0-IMG_1179.jpeg|https://ujfuxpqefdvwyjjwcpdu.supabase.co/storage/v1/object/public/car-images/5f475779-94f5-4890-bf2c-2056c65de96c-IMG_1180.jpeg|https://ujfuxpqefdvwyjjwcpdu.supabase.co/storage/v1/object/public/car-images/acbc5b5d-6e57-4910-8379-cb87e53dfbc6-IMG_1181.jpeg|https://ujfuxpqefdvwyjjwcpdu.supabase.co/storage/v1/object/public/car-images/04119caf-9270-4afb-8fef-103d9542afb7-IMG_1182.jpeg|https://ujfuxpqefdvwyjjwcpdu.supabase.co/storage/v1/object/public/car-images/79250a32-0fb7-4a1d-843f-92d0b4dc2540-IMG_1187.jpeg|https://ujfuxpqefdvwyjjwcpdu.supabase.co/storage/v1/object/public/car-images/47864c30-4109-46ff-9bd9-dec397be8354-IMG_1186.jpeg|https://ujfuxpqefdvwyjjwcpdu.supabase.co/storage/v1/object/public/car-images/dca66e32-d017-41f7-91dc-9fab685004d9-IMG_1185.jpeg|https://ujfuxpqefdvwyjjwcpdu.supabase.co/storage/v1/object/public/car-images/f266b6e8-acb5-4f75-bbf2-8d7d5d2c733c-IMG_1184.jpeg|https://ujfuxpqefdvwyjjwcpdu.supabase.co/storage/v1/object/public/car-images/ae2e56a3-9c77-4d9f-89ef-38f0b9903b81-IMG_1183.jpeg|https://ujfuxpqefdvwyjjwcpdu.supabase.co/storage/v1/object/public/car-images/2dae4442-94a4-4f82-9bcc-d01489f6876a-IMG_1192.jpeg|https://ujfuxpqefdvwyjjwcpdu.supabase.co/storage/v1/object/public/car-images/69dbd62a-5204-4761-96aa-7d7c852f12ef-IMG_1191.jpeg|https://ujfuxpqefdvwyjjwcpdu.supabase.co/storage/v1/object/public/car-images/098d3f2c-16f4-40aa-841f-6f247f52e452-IMG_1190.jpeg|https://ujfuxpqefdvwyjjwcpdu.supabase.co/storage/v1/object/public/car-images/662b304b-d36b-4d9d-8764-218b44f08679-IMG_1189.jpeg|https://ujfuxpqefdvwyjjwcpdu.supabase.co/storage/v1/object/public/car-images/a022077d-b10a-444c-8f41-b6e18f7d5c74-IMG_1188.jpeg|https://ujfuxpqefdvwyjjwcpdu.supabase.co/storage/v1/object/public/car-images/1e523b75-76d4-4f7a-9ea4-a6135d820ede-IMG_1197.jpeg|https://ujfuxpqefdvwyjjwcpdu.supabase.co/storage/v1/object/public/car-images/9c7ba71e-b664-417b-ba69-74f9c9477552-IMG_1196.jpeg|https://ujfuxpqefdvwyjjwcpdu.supabase.co/storage/v1/object/public/car-images/bb5c8787-fe91-4199-9c71-26af9bce519b-IMG_1195.jpeg|https://ujfuxpqefdvwyjjwcpdu.supabase.co/storage/v1/object/public/car-images/26766de1-b253-4e41-8bf7-777647db3170-IMG_1194.jpeg|https://ujfuxpqefdvwyjjwcpdu.supabase.co/storage/v1/object/public/car-images/739e6671-e424-474d-b3f7-c711c3f62970-IMG_1193.jpeg,90-Day Warranty,false,false
2021,Honda,Accord Sport ,Sport Sedan 4D,,6000,800,108582,Excellent,Gasoline,Automatic,,Blue,Black,1HGCV2F35MA007779,"This 2021 Honda Accord Sport is a stylish and reliable sedan that combines sporty looks, fuel efficiency, and Honda’s well-known dependability. With a clean title, AutoCheck verification, and full servicing completed, this Accord is ready for its next owner.

Perfect for commuting or long drives, the Sport trim delivers upgraded styling, modern features, and comfort without sacrificing gas mileage.",Title: Clean / AutoCheck Verified|Engine: 1.5L Turbocharged I4 – Fuel-efficient & responsive|Owners: 1|✅ Paid Off|Sport Edition Styling – Sleek exterior design with bold accents|1.5L Turbocharged Engine – Great MPG & responsive performance|Fully Serviced – Recently maintained and road-ready|Backup Camera – Extra safety for reversing|Apple CarPlay & Android Auto – Seamless phone integration|Bluetooth Hands-Free & Streaming Audio|Large Touchscreen Infotainment Display|Premium Sport Seats – Comfortable black interior|Adaptive Cruise Control & Lane Keep Assist – Honda Sensing®|Cold A/C & Strong Heater – Year-round comfort|💡 Why Buy This Accord Sport?|✅ Clean title & AutoCheck verified|✅ Fully serviced – no maintenance needed|✅ Reliable & gas efficient – excellent for daily use|✅ Affordable price with modern features,https://ujfuxpqefdvwyjjwcpdu.supabase.co/storage/v1/object/public/car-images/f02f0e7b-1140-4bf9-a139-bc400a3d972f-IMG_1572.jpeg|https://ujfuxpqefdvwyjjwcpdu.supabase.co/storage/v1/object/public/car-images/5df2dfcc-bc2d-4c83-a205-cea9880a9b4a-IMG_1573.jpeg|https://ujfuxpqefdvwyjjwcpdu.supabase.co/storage/v1/object/public/car-images/0ae1d93e-baa1-465c-8003-a42b67c5f7d7-IMG_1574.jpeg|https://ujfuxpqefdvwyjjwcpdu.supabase.co/storage/v1/object/public/car-images/729aaf42-44b6-4607-8838-695176bc74d2-IMG_1575.jpeg|https://ujfuxpqefdvwyjjwcpdu.supabase.co/storage/v1/object/public/car-images/8afe9a54-c12a-4486-a5af-2fc940485d81-IMG_1576.jpeg|https://ujfuxpqefdvwyjjwcpdu.supabase.co/storage/v1/object/public/car-images/a80bcfc0-e23e-4485-9a3a-b33ffe3de0e3-IMG_1577.jpeg|https://ujfuxpqefdvwyjjwcpdu.supabase.co/storage/v1/object/public/car-images/6ca98d27-553c-4056-a86b-23a0b2617bdd-IMG_1578.jpeg|https://ujfuxpqefdvwyjjwcpdu.supabase.co/storage/v1/object/public/car-images/332a0a51-9d98-41e7-aee2-0554cdb27864-IMG_1579.jpeg|https://ujfuxpqefdvwyjjwcpdu.supabase.co/storage/v1/object/public/car-images/66632437-921f-4eb7-b9a5-5c32b598e508-IMG_1580.jpeg|https://ujfuxpqefdvwyjjwcpdu.supabase.co/storage/v1/object/public/car-images/3fcb876d-aa68-405b-943d-17f1417b98ac-IMG_1581.jpeg|https://ujfuxpqefdvwyjjwcpdu.supabase.co/storage/v1/object/public/car-images/78a216fa-65ea-44cb-be38-0ebcf10d9274-IMG_1582.jpeg|https://ujfuxpqefdvwyjjwcpdu.supabase.co/storage/v1/object/public/car-images/0568a87d-fa7b-4c99-844c-a67a61321b1a-IMG_1583.jpeg,90-Day Warranty,false,false
2020,Toyota ,Camry SE ,SE Sedan 4D,,6000,800,48000,Excellent,Gasoline,Automatic,,Blue,Black (Sport Seats),4T1G11AK8LU986162,"This 2020 Toyota Camry SE combines sporty styling, comfort, and Toyota’s legendary dependability. With only 48K miles, a clean title, and excellent maintenance, it’s in fantastic condition inside and out. Perfect for commuting or family driving, it delivers both performance and efficiency in one sleek package.",Title: Clean|Engine: 2.5L 4-Cylinder – Great balance of power & efficiency|Safety Rating: 5/5 NHTSA|Owners: 1|Performance & Safety|2.5L 4-Cylinder Engine – Smooth|fuel-efficient performance|Sport-tuned suspension for responsive handling|Lane Departure Warning & Adaptive Cruise Control (Toyota Safety Sense)|Backup Camera – Safer parking and reversing|Technology & Comfort|Touchscreen Infotainment System|Apple CarPlay® & Android Auto™|Bluetooth Connectivity & USB Ports|Keyless Entry for convenience|Premium Cloth/SofTex Sport Seats – Comfortable & stylish|Exterior & Style|Alloy Wheels|LED Headlights & Daytime Running Lights|Sleek Blue Exterior – Eye-catching sporty design,https://ujfuxpqefdvwyjjwcpdu.supabase.co/storage/v1/object/public/car-images/87b99b18-100b-4367-9586-f6f1e73d65c6-IMG_1666.jpeg|https://ujfuxpqefdvwyjjwcpdu.supabase.co/storage/v1/object/public/car-images/34023a47-ae2f-4438-8703-d3ccc61b2deb-IMG_1659.jpeg|https://ujfuxpqefdvwyjjwcpdu.supabase.co/storage/v1/object/public/car-images/b85a11bb-2524-43cc-b282-f56f47dceb33-IMG_1662.jpeg|https://ujfuxpqefdvwyjjwcpdu.supabase.co/storage/v1/object/public/car-images/dd39e498-8eee-494d-b54d-a2c818960b95-IMG_1660.jpeg|https://ujfuxpqefdvwyjjwcpdu.supabase.co/storage/v1/object/public/car-images/61192b43-cafe-4dfc-9798-5b3256a19859-IMG_1663.jpeg|https://ujfuxpqefdvwyjjwcpdu.supabase.co/storage/v1/object/public/car-images/13c907f7-b9b6-429e-b181-0d5757af6674-IMG_1664.jpeg|https://ujfuxpqefdvwyjjwcpdu.supabase.co/storage/v1/object/public/car-images/94eeda3c-b2e6-43fa-97ad-9771dcf25bfe-IMG_1661.jpeg|https://ujfuxpqefdvwyjjwcpdu.supabase.co/storage/v1/object/public/car-images/779c5936-56fc-4baf-b137-5171e0fab4c4-IMG_1665.jpeg|https://ujfuxpqefdvwyjjwcpdu.supabase.co/storage/v1/object/public/car-images/83929938-2dc0-4fff-855e-8b8ad8bbfa3f-IMG_1668.jpeg|https://ujfuxpqefdvwyjjwcpdu.supabase.co/storage/v1/object/public/car-images/81a32827-86ba-4655-9528-60148ce44456-IMG_1669.jpeg|https://ujfuxpqefdvwyjjwcpdu.supabase.co/storage/v1/object/public/car-images/f4a3c464-394d-4ba8-a46c-987a05a5501b-IMG_1671.jpeg|https://ujfuxpqefdvwyjjwcpdu.supabase.co/storage/v1/object/public/car-images/c5ddf841-12b2-48c6-b38b-1a67b28ee8fd-IMG_1672.jpeg|https://ujfuxpqefdvwyjjwcpdu.supabase.co/storage/v1/object/public/car-images/06281ef8-d748-434b-b4ff-8de708e59b51-IMG_1673.jpeg|https://ujfuxpqefdvwyjjwcpdu.supabase.co/storage/v1/object/public/car-images/3d75154d-f20f-4b4d-9243-9c5d235a836b-IMG_1670.jpeg|https://ujfuxpqefdvwyjjwcpdu.supabase.co/storage/v1/object/public/car-images/8462ed19-e77d-48bc-8afd-cb95616b4b5f-IMG_1667.jpeg|https://ujfuxpqefdvwyjjwcpdu.supabase.co/storage/v1/object/public/car-images/8f2d77cb-3782-453f-9d83-df55b25b3cba-IMG_1674.jpeg,90-Day Warranty,false,false
2020,Mazda,CX-9 Grand Touring,Grand Touring Sport Utility 4D,,10000,800,76051,Excellent,Gasoline,Automatic,FWD,Gray,Black Leather,JM3TCADY7L0414818,"The 2020 Mazda CX-9 Grand Touring is a premium 3-row SUV that blends upscale design, advanced safety, and sporty driving dynamics. With only 76K miles, this CX-9 has been well maintained and offers comfort, luxury, and performance in one package. Perfect for families or those who want versatility without sacrificing style.",Title: Clean|Engine: 2.5L Turbocharged I4 SKYACTIV-G|Turbocharged 2.5L SKYACTIV-G I4 – Strong & fuel-efficient|Lane Departure Warning System|Blind-Spot Monitor|Radar Cruise Control|Dynamic Stability Control & Traction Control|ABS (4-Wheel)|Surround View Camera + Parking Sensors|Hill Launch Assist|Leather Seats – Heated & Ventilated|Dual Power Seats w/ Memory|Third Row Seating (Seats 7)|Dual-Zone + Rear Air Conditioning|Moonroof & Head-Up Display|Power Liftgate Release|Keyless Entry & Push Button Start|Mazda Connect Infotainment System|Navigation System|Bose Premium Surround Sound System|Apple CarPlay® & Android Auto™|Bluetooth Wireless|SiriusXM Satellite & HD Radio|Touchscreen Display|20″ Premium Alloy Wheels|LED Headlamps & Daytime Running Lights|Fog Lights & Roof Spoiler,https://ujfuxpqefdvwyjjwcpdu.supabase.co/storage/v1/object/public/car-images/0e07ecee-d877-43dd-a90c-fe0db93a57ee-IMG_1640.jpeg|https://ujfuxpqefdvwyjjwcpdu.supabase.co/storage/v1/object/public/car-images/9de9b48c-4bb2-40ac-9347-9c4112763352-IMG_1639.jpeg|https://ujfuxpqefdvwyjjwcpdu.supabase.co/storage/v1/object/public/car-images/64da3895-f943-4e28-8629-7151f41626e1-IMG_1641.jpeg|https://ujfuxpqefdvwyjjwcpdu.supabase.co/storage/v1/object/public/car-images/69b7bab5-4f5b-4b5c-9241-e74050f35812-IMG_1642.jpeg|https://ujfuxpqefdvwyjjwcpdu.supabase.co/storage/v1/object/public/car-images/89934cae-519b-46f4-bcc6-9a36576f3705-IMG_1643.jpeg|https://ujfuxpqefdvwyjjwcpdu.supabase.co/storage/v1/object/public/car-images/bb9a2c7f-d3c3-4f78-a601-f3d987c2347e-IMG_1644.jpeg|https://ujfuxpqefdvwyjjwcpdu.supabase.co/storage/v1/object/public/car-images/1667d2aa-23d8-4b43-a226-1a7922dd9b9e-IMG_1645.jpeg|https://ujfuxpqefdvwyjjwcpdu.supabase.co/storage/v1/object/public/car-images/1c4287a4-ae74-4e9d-9797-f7aacce3998d-IMG_1646.jpeg|https://ujfuxpqefdvwyjjwcpdu.supabase.co/storage/v1/object/public/car-images/b4c2894e-a386-4f1a-9225-5e7caf8b4b2f-IMG_1649.jpeg|https://ujfuxpqefdvwyjjwcpdu.supabase.co/storage/v1/object/public/car-images/ca8430e2-bdc1-4b62-a9f2-d97d2b44d814-IMG_1648.jpeg|https://ujfuxpqefdvwyjjwcpdu.supabase.co/storage/v1/object/public/car-images/c31a5d2a-5c98-4e84-8eab-08a235c8ec52-IMG_1647.jpeg|https://ujfuxpqefdvwyjjwcpdu.supabase.co/storage/v1/object/public/car-images/99c53bed-3dd5-4af7-afbe-37e6509c9a9c-IMG_1650.jpeg|https://ujfuxpqefdvwyjjwcpdu.supabase.co/storage/v1/object/public/car-images/05b8d7eb-2cb7-41b6-9aaf-522d53a8fe0b-IMG_1649.jpeg|https://ujfuxpqefdvwyjjwcpdu.supabase.co/storage/v1/object/public/car-images/4b5f1357-59bf-4bd8-9199-792b6335dec5-IMG_1652.jpeg|https://ujfuxpqefdvwyjjwcpdu.supabase.co/storage/v1/object/public/car-images/56116037-c7da-4e83-a2f3-89fd11b31c63-IMG_1655.jpeg|https://ujfuxpqefdvwyjjwcpdu.supabase.co/storage/v1/object/public/car-images/7ee951dd-7276-420a-af5e-67ceeb832a9f-IMG_1654.jpeg|https://ujfuxpqefdvwyjjwcpdu.supabase.co/storage/v1/object/public/car-images/688c2a40-4eda-4f77-9411-73052285d659-IMG_1653.jpeg|https://ujfuxpqefdvwyjjwcpdu.supabase.co/storage/v1/object/public/car-images/0478e2d1-4a2b-473b-a993-26e7b154bf3d-IMG_1656.jpeg,90-Day Warranty,false,false
2022,Toyota,Camry SE ,SE Sedan 4D,,7000,800,20000,Excellent,Gasoline,Automatic,,Silver,Grey (Premium Sport Seats),4T1G11AK5NU069683,"This 2022 Toyota Camry SE is a low-mileage, clean title sedan that combines sporty styling, comfort, and Toyota’s legendary reliability. With just 20K miles, it drives like new and has been well maintained. Perfect for commuting, long trips, or everyday family use, this Camry offers a smooth ride, modern tech, and peace of mind with advanced safety features.",Title: Clean|Engine: 2.5L 4-Cylinder – Fuel-efficient & reliable|Performance & Efficiency|2.5L 4-Cylinder Engine – Strong yet fuel-efficient|Sport-tuned Suspension – Smooth & responsive handling|Automatic Transmission|Technology & Comfort|8” Touchscreen Display|Apple CarPlay® & Android Auto™|Bluetooth Connectivity & USB Ports|Premium Cloth/Leather-Trimmed Sport Seats|Ice Cold A/C & Strong Heater|Power Windows & Locks|Safety Features|Toyota Safety Sense™ – Lane Departure Warning & Adaptive Cruise Control|Backup Camera for safer reversing|Pre-Collision System|Stability & Traction Control|Exterior Styling|Alloy Wheels|Sleek Silver Exterior|LED Headlights & DRLs,https://ujfuxpqefdvwyjjwcpdu.supabase.co/storage/v1/object/public/car-images/fe6366d5-ef5c-465a-bfc0-266afa6767ed-IMG_1622.jpeg|https://ujfuxpqefdvwyjjwcpdu.supabase.co/storage/v1/object/public/car-images/633bd27b-62e6-42b6-9799-7c0a9fb2de7c-IMG_1619.jpeg|https://ujfuxpqefdvwyjjwcpdu.supabase.co/storage/v1/object/public/car-images/67b1b12e-408c-445d-8cf5-4b3f28a67ebb-IMG_1616.jpeg|https://ujfuxpqefdvwyjjwcpdu.supabase.co/storage/v1/object/public/car-images/1f842a26-25e6-4b1b-aa39-724f25246e23-IMG_1615.jpeg|https://ujfuxpqefdvwyjjwcpdu.supabase.co/storage/v1/object/public/car-images/9ade4e08-abf0-4f21-b415-bf6d3bbf7e38-IMG_1618.jpeg|https://ujfuxpqefdvwyjjwcpdu.supabase.co/storage/v1/object/public/car-images/96e70179-d114-49bf-9ee7-e61df5484097-IMG_1617.jpeg|https://ujfuxpqefdvwyjjwcpdu.supabase.co/storage/v1/object/public/car-images/36f74750-e1f9-4d02-b1de-5e464e044ce1-IMG_1620.jpeg|https://ujfuxpqefdvwyjjwcpdu.supabase.co/storage/v1/object/public/car-images/e2bacb7a-e0ce-4528-a4bf-26efc70264ed-IMG_1621.jpeg|https://ujfuxpqefdvwyjjwcpdu.supabase.co/storage/v1/object/public/car-images/49c10c58-7b9f-4e09-89d4-35dcc9f6d35d-IMG_1623.jpeg|https://ujfuxpqefdvwyjjwcpdu.supabase.co/storage/v1/object/public/car-images/8501369b-1641-4c51-aa00-bc4c432b4e9b-IMG_1624.jpeg|https://ujfuxpqefdvwyjjwcpdu.supabase.co/storage/v1/object/public/car-images/70b2e3a7-1b8b-4f66-b345-27fe2fcabba5-IMG_1628.jpeg|https://ujfuxpqefdvwyjjwcpdu.supabase.co/storage/v1/object/public/car-images/b5ef7daa-4882-4848-8586-c0976657300f-IMG_1627.jpeg|https://ujfuxpqefdvwyjjwcpdu.supabase.co/storage/v1/object/public/car-images/a3b28f3f-ae25-411c-8c80-c8acd789e2a0-IMG_1626.jpeg|https://ujfuxpqefdvwyjjwcpdu.supabase.co/storage/v1/object/public/car-images/77ac1ba3-a95e-4480-8025-8478f2606b2c-IMG_1625.jpeg|https://ujfuxpqefdvwyjjwcpdu.supabase.co/storage/v1/object/public/car-images/20a10773-2963-4d1a-bf6e-ed6ba329e805-IMG_1631.jpeg|https://ujfuxpqefdvwyjjwcpdu.supabase.co/storage/v1/object/public/car-images/48c6372e-a81e-40cd-bcfb-7e6ab01fa797-IMG_1630.jpeg|https://ujfuxpqefdvwyjjwcpdu.supabase.co/storage/v1/object/public/car-images/b9e30202-d8ba-4bc0-830b-e8bd111b7cbf-IMG_1629.jpeg,90-Day Warranty,false,false
2021,Hyundai,Elantra SE ,SE Sedan 4D,,8000,850,108000,Very Good,Gasoline,Automatic,,gray,black,5NPLL4AG1MH033251,"This 2021 Hyundai Elantra SE is a dependable, fuel-efficient sedan that makes a perfect daily driver. With 108K miles, a clean title, and excellent maintenance, it runs smoothly with no issues. Packed with modern tech and safety features, it’s both practical and stylish.",Title: Clean|Engine: 2.0L 4-Cylinder – Smooth & fuel-efficient|Performance & Efficiency|2.0L 4-Cylinder Engine – Reliable & economical|Automatic Transmission – Smooth shifting|Excellent MPG – Great for commuting|Technology & Comfort|Touchscreen Display|Apple CarPlay® & Android Auto™|Bluetooth & USB Connectivity|Cold A/C & Hot Heater – Everything works perfectly|Backup Camera – Safer reversing|Lane Keep Assist|Forward Collision Warning|Stability & Traction Control,https://ujfuxpqefdvwyjjwcpdu.supabase.co/storage/v1/object/public/car-images/04847fa3-085e-4090-8940-e479000d142e-IMG_1594.jpeg|https://ujfuxpqefdvwyjjwcpdu.supabase.co/storage/v1/object/public/car-images/ff35d719-ca27-401e-acde-59a70bc5b3c2-IMG_1588.jpeg|https://ujfuxpqefdvwyjjwcpdu.supabase.co/storage/v1/object/public/car-images/a658829c-7872-4a0c-b67a-2d1d7538c89c-IMG_1589.jpeg|https://ujfuxpqefdvwyjjwcpdu.supabase.co/storage/v1/object/public/car-images/b947cfe4-fbe6-4d4c-b9e8-90e3a2ce5fa7-IMG_1590.jpeg|https://ujfuxpqefdvwyjjwcpdu.supabase.co/storage/v1/object/public/car-images/e88fe4be-d9a0-49e9-bdab-e986992bc9e4-IMG_1591.jpeg|https://ujfuxpqefdvwyjjwcpdu.supabase.co/storage/v1/object/public/car-images/3fcaf2e9-84e9-4e0e-aca7-643ebd771bdd-IMG_1592.jpeg|https://ujfuxpqefdvwyjjwcpdu.supabase.co/storage/v1/object/public/car-images/3bdb76d4-40db-4b50-93c4-22d30b05a0cc-IMG_1593.jpeg|https://ujfuxpqefdvwyjjwcpdu.supabase.co/storage/v1/object/public/car-images/c0d876df-0bcb-4633-bb27-7175f18aeecf-IMG_1595.jpeg|https://ujfuxpqefdvwyjjwcpdu.supabase.co/storage/v1/object/public/car-images/560f4685-6746-40f7-8163-a6c573fc9430-IMG_1596.jpeg|https://ujfuxpqefdvwyjjwcpdu.supabase.co/storage/v1/object/public/car-images/573cbdf6-b63d-429d-a3d1-b7f50d8b86a1-IMG_1597.jpeg|https://ujfuxpqefdvwyjjwcpdu.supabase.co/storage/v1/object/public/car-images/a81ac772-5ca4-490d-9ac6-4aea4571ffec-IMG_1598.jpeg|https://ujfuxpqefdvwyjjwcpdu.supabase.co/storage/v1/object/public/car-images/27664108-ed39-4838-9e3b-3e4149128d19-IMG_1602.jpeg|https://ujfuxpqefdvwyjjwcpdu.supabase.co/storage/v1/object/public/car-images/d5835179-e85d-4877-ab7f-b0a931a12f8d-IMG_1601.jpeg|https://ujfuxpqefdvwyjjwcpdu.supabase.co/storage/v1/object/public/car-images/e0b08784-bc48-4915-b206-b8c87b142924-IMG_1600.jpeg|https://ujfuxpqefdvwyjjwcpdu.supabase.co/storage/v1/object/public/car-images/9b87d8c5-95f7-4dc3-8d3a-ea5002affda9-IMG_1599.jpeg,90-Day Warranty,false,false
2022,Toyota,Camry SE,SE Sedan 4D,,8000,1000,69000,Excellent,Gasoline,Automatic,,Brown,Black Leather,4T1G11AKXNU674251,"This 2022 Toyota Camry SE is a stylish, fuel-efficient, and reliable sedan with only 69K miles. It features a rebuilt title from previous minor damage, fully repaired and now state-inspected and road-ready. With luxury features like leather seating, a large touchscreen, and advanced driver-assist safety systems, this Camry is perfect for daily commuting or long-distance driving.",Title: Rebuilt (Fully repaired and state inspection passed)|Engine: 2.5L I4 – Fuel-efficient & responsive|Comfort & Tech|Leather seats w/ power adjustments|Large touchscreen infotainment|Bluetooth|AUX & USB connectivity|Cold A/C & strong heater|Safety Features|Backup camera & rear parking sensors|Pre-collision system|Adaptive cruise control|Lane departure warning|Passed state safety inspection|Exterior & Performance|Xenon headlights & automatic headlights|Integrated turn signal mirrors|New battery installed|Smooth & reliable drive|Sporty SE styling,https://ujfuxpqefdvwyjjwcpdu.supabase.co/storage/v1/object/public/car-images/b82a2629-8bb5-48a7-b0f2-de94c55fcc9c-IMG_0084.jpeg|https://ujfuxpqefdvwyjjwcpdu.supabase.co/storage/v1/object/public/car-images/2253bdfa-799b-42cf-9a83-bed4c698a257-IMG_0085.jpeg|https://ujfuxpqefdvwyjjwcpdu.supabase.co/storage/v1/object/public/car-images/951b815e-3dbe-46f6-bd06-3caf59e4a062-IMG_0087.jpeg|https://ujfuxpqefdvwyjjwcpdu.supabase.co/storage/v1/object/public/car-images/0c7073e3-d010-4c1e-91a7-2409a46fc515-IMG_0090.jpeg|https://ujfuxpqefdvwyjjwcpdu.supabase.co/storage/v1/object/public/car-images/3cc693d9-13e9-483a-b1e4-cd43954edea5-IMG_0089.jpeg|https://ujfuxpqefdvwyjjwcpdu.supabase.co/storage/v1/object/public/car-images/c788632d-b6b4-44b2-b824-dcb79eea1809-IMG_0088.jpeg|https://ujfuxpqefdvwyjjwcpdu.supabase.co/storage/v1/object/public/car-images/858fd576-d607-4c4f-bf94-e125ca9ec80b-IMG_0086.jpeg|https://ujfuxpqefdvwyjjwcpdu.supabase.co/storage/v1/object/public/car-images/f6ba1dc5-5f51-4bfc-8cc7-7897c10e3a7f-IMG_0093.jpeg|https://ujfuxpqefdvwyjjwcpdu.supabase.co/storage/v1/object/public/car-images/be6c126e-382e-435e-9d0e-1843664edb0d-IMG_0092.jpeg|https://ujfuxpqefdvwyjjwcpdu.supabase.co/storage/v1/object/public/car-images/5d58316d-7e06-4a4a-a13a-a6d42fa3036d-IMG_0091.jpeg|https://ujfuxpqefdvwyjjwcpdu.supabase.co/storage/v1/object/public/car-images/a560b028-30cc-4a70-9d5c-be43aaa64efb-IMG_0094.jpeg|https://ujfuxpqefdvwyjjwcpdu.supabase.co/storage/v1/object/public/car-images/39a2cbf4-0871-4e25-885a-f19b1e22f859-IMG_0095.jpeg|https://ujfuxpqefdvwyjjwcpdu.supabase.co/storage/v1/object/public/car-images/efc816a1-c86c-4e1a-b614-030e4b59f1a7-IMG_0096.jpeg|https://ujfuxpqefdvwyjjwcpdu.supabase.co/storage/v1/object/public/car-images/d478011e-aeef-4875-b43f-e1d55ac42080-IMG_0099.jpeg|https://ujfuxpqefdvwyjjwcpdu.supabase.co/storage/v1/object/public/car-images/557284dd-ec53-4473-bd0f-6595774ed143-IMG_0098.jpeg|https://ujfuxpqefdvwyjjwcpdu.supabase.co/storage/v1/object/public/car-images/34391dc8-f11f-45f4-bfb5-91fa3a3d7217-IMG_0097.jpeg|https://ujfuxpqefdvwyjjwcpdu.supabase.co/storage/v1/object/public/car-images/c7ea61de-a80b-4b14-9750-00aff0b56937-IMG_0100.jpeg|https://ujfuxpqefdvwyjjwcpdu.supabase.co/storage/v1/object/public/car-images/c2bba06d-a7db-40be-b5d3-a83aa235480a-IMG_0101.jpeg|https://ujfuxpqefdvwyjjwcpdu.supabase.co/storage/v1/object/public/car-images/95dfb24f-837d-44ab-961e-66c53e7af0a1-IMG_0083.jpeg,90-Day Warranty,false,false
2022,Honda ,Civic Sport ,Sport Sedan 4D,,7000,800,33000,Excellent,Gasoline,Automatic,,Red,Black,2HGFE2F58NH537245,"This 2022 Honda Civic Sport is the perfect blend of sporty styling, efficiency, and Honda’s legendary reliability. With just 33K miles and a clean title, this sedan drives like new and is ready for many more miles ahead. Whether you’re commuting daily or going on road trips, the Civic Sport delivers a smooth ride, modern tech, and excellent fuel economy.",Title: Clean|Engine: 2.0L 4-Cylinder – Fuel-efficient & responsive|✅ Performance & Handling|2.0L 4-Cylinder Engine – responsive and fuel-efficient|Automatic Transmission with Paddle Shifters – sporty driving experience|Excellent MPG – ideal for daily commuting|Technology & Connectivity|Touchscreen Infotainment System|Apple CarPlay® & Android Auto™ – seamless smartphone integration|Bluetooth Connectivity & USB Ports|Safety & Assistance|Backup Camera – safer reversing and parking|Lane Keep Assist & Adaptive Cruise Control – added driver confidence|Interior & Comfort|Spacious and comfortable cabin|Premium Sport-Trim Seats|Ice Cold A/C & Strong Heater|Exterior Styling|Sleek Sport Trim Styling|18” Alloy Wheels – bold and stylish appearance,https://ujfuxpqefdvwyjjwcpdu.supabase.co/storage/v1/object/public/car-images/80535e03-2010-4d08-88d1-7aa80fedf334-IMG_1844.jpeg|https://ujfuxpqefdvwyjjwcpdu.supabase.co/storage/v1/object/public/car-images/d1c8787f-b306-4109-bee1-b8e5f722097e-IMG_1845.jpeg|https://ujfuxpqefdvwyjjwcpdu.supabase.co/storage/v1/object/public/car-images/893282dc-a6b2-461e-a224-7be0ffe6eefa-IMG_1846.jpeg|https://ujfuxpqefdvwyjjwcpdu.supabase.co/storage/v1/object/public/car-images/c4574bf4-d3c7-4b05-ad91-02e4384bfc26-IMG_1847.jpeg|https://ujfuxpqefdvwyjjwcpdu.supabase.co/storage/v1/object/public/car-images/cfa639bf-899c-4542-8098-8eed00e16a78-IMG_1848.jpeg|https://ujfuxpqefdvwyjjwcpdu.supabase.co/storage/v1/object/public/car-images/f1b19227-6965-418d-aa73-47d68d07b0a2-IMG_1849.jpeg|https://ujfuxpqefdvwyjjwcpdu.supabase.co/storage/v1/object/public/car-images/6ccde7d1-533a-4a5a-831f-649e9b23bdd0-IMG_1850.jpeg|https://ujfuxpqefdvwyjjwcpdu.supabase.co/storage/v1/object/public/car-images/14ce8cac-29fa-43a4-971b-c8e64ee04608-IMG_1851.jpeg|https://ujfuxpqefdvwyjjwcpdu.supabase.co/storage/v1/object/public/car-images/70b6e99d-81d1-4a92-ba70-97056ac1ccae-IMG_1852.jpeg|https://ujfuxpqefdvwyjjwcpdu.supabase.co/storage/v1/object/public/car-images/c49c14e0-c56f-43e2-841a-fe1239deeec2-IMG_1853.jpeg|https://ujfuxpqefdvwyjjwcpdu.supabase.co/storage/v1/object/public/car-images/3682f703-628e-4711-a61c-7a188f0f53db-IMG_1854.jpeg|https://ujfuxpqefdvwyjjwcpdu.supabase.co/storage/v1/object/public/car-images/41abee09-ad9b-4c91-82c4-3393a12a09ac-IMG_1855.jpeg|https://ujfuxpqefdvwyjjwcpdu.supabase.co/storage/v1/object/public/car-images/9542315a-964f-419d-8cb5-33970d21cd94-IMG_1856.jpeg|https://ujfuxpqefdvwyjjwcpdu.supabase.co/storage/v1/object/public/car-images/338294a8-b4f0-4c89-b3f1-68d1ec6aff67-IMG_1857.jpeg|https://ujfuxpqefdvwyjjwcpdu.supabase.co/storage/v1/object/public/car-images/a5db513f-aec8-4446-b9ec-1a8385d4f2cc-IMG_1858.jpeg|https://ujfuxpqefdvwyjjwcpdu.supabase.co/storage/v1/object/public/car-images/88640739-dec0-4302-bdca-312caad9b72b-IMG_1859.jpeg|https://ujfuxpqefdvwyjjwcpdu.supabase.co/storage/v1/object/public/car-images/4785c5db-2482-49a1-b2b3-ce611b9a6492-IMG_1860.jpeg|https://ujfuxpqefdvwyjjwcpdu.supabase.co/storage/v1/object/public/car-images/83230ba0-6a7a-45aa-a98f-50a9b99e9ebb-IMG_1861.jpeg,90-Day Warranty,false,false
2023,Honda,Civic Sport Hatchback,Sport Hatchback 4D,Hatchback,6000,700,61000,Excellent,Gasoline,Automatic,,Black,Black,19XFL2H87PE019881,"This 2023 Honda Civic Sport Hatchback is a stylish, fuel-efficient, and reliable vehicle that combines modern design with sporty performance. With 61K miles and a rebuilt title from minor previous damage (fully repaired), it’s ready for many more miles of smooth driving. Perfect for daily commuting, long road trips, or first-time buyers, this Civic offers excellent MPG, comfort, and Honda’s legendary dependability.",Title: Rebuilt (fully repaired & road ready)|Engine: 2.0L Inline-4 – Responsive & fuel-efficient|2.0L Inline-4 Engine – Great balance of power and fuel efficiency|Automatic Transmission – Smooth and effortless driving|Sporty Hatchback Design – Sleek modern and eye-catching|Touchscreen Infotainment System – Easy access to media and settings|Apple CarPlay® & Android Auto™ – Seamless smartphone integration|Bluetooth & USB Connectivity – Stay connected on the go|Backup Camera – Safer reversing and parking|Lane Keep Assist & Adaptive Cruise Control – Enhanced driving confidence|Push Button Start & Keyless Entry – Convenience at your fingertips|Alloy Wheels & LED Headlights – Bold styling and better visibility|Cold A/C & Strong Heater – All-season comfort,https://ujfuxpqefdvwyjjwcpdu.supabase.co/storage/v1/object/public/car-images/a7f0ed0f-c0de-411d-ae5e-e25e9e41d1c3-IMG_0159.jpeg|https://ujfuxpqefdvwyjjwcpdu.supabase.co/storage/v1/object/public/car-images/31f1f34f-95e8-41ea-bc4a-56526b167b91-IMG_0153.jpeg|https://ujfuxpqefdvwyjjwcpdu.supabase.co/storage/v1/object/public/car-images/e353a008-8c6e-48c0-b043-2731fd85727b-IMG_0154.jpeg|https://ujfuxpqefdvwyjjwcpdu.supabase.co/storage/v1/object/public/car-images/d8fa4dfe-f007-4a26-9891-b6b7f11e4ed8-IMG_0155.jpeg|https://ujfuxpqefdvwyjjwcpdu.supabase.co/storage/v1/object/public/car-images/68938766-82c4-45f3-98d2-6e8fe51c11fa-IMG_0156.jpeg|https://ujfuxpqefdvwyjjwcpdu.supabase.co/storage/v1/object/public/car-images/21314793-40ec-4b2c-9665-6de646b08dcb-IMG_0157.jpeg|https://ujfuxpqefdvwyjjwcpdu.supabase.co/storage/v1/object/public/car-images/aedb1df8-7b15-4040-b9bd-ab6c660b0727-IMG_0152.jpeg|https://ujfuxpqefdvwyjjwcpdu.supabase.co/storage/v1/object/public/car-images/49098aea-f8f5-41a2-a64b-c1c40a04da0e-IMG_0158.jpeg|https://ujfuxpqefdvwyjjwcpdu.supabase.co/storage/v1/object/public/car-images/f01f1d0d-bded-4cd4-a7d4-f1b87926ca7c-IMG_0160.jpeg|https://ujfuxpqefdvwyjjwcpdu.supabase.co/storage/v1/object/public/car-images/205589ba-3512-4496-8407-425b223575e0-IMG_0161.jpeg|https://ujfuxpqefdvwyjjwcpdu.supabase.co/storage/v1/object/public/car-images/e7c68fd4-f8cb-4488-b4cf-9ce47dd7b705-IMG_0162.jpeg|https://ujfuxpqefdvwyjjwcpdu.supabase.co/storage/v1/object/public/car-images/b3582321-f715-4ba2-adaa-0c528d021749-IMG_0163.jpeg|https://ujfuxpqefdvwyjjwcpdu.supabase.co/storage/v1/object/public/car-images/19bd2e5f-f2a5-45d7-a2d2-6a1776acdb3d-IMG_0165.jpeg|https://ujfuxpqefdvwyjjwcpdu.supabase.co/storage/v1/object/public/car-images/a3fa7bb1-11c6-4c21-a4ab-512603a61bd4-IMG_0166.jpeg|https://ujfuxpqefdvwyjjwcpdu.supabase.co/storage/v1/object/public/car-images/4c91ef3a-2d16-4de2-8040-94b70433342b-IMG_0164.jpeg|https://ujfuxpqefdvwyjjwcpdu.supabase.co/storage/v1/object/public/car-images/7c2457c4-be71-4412-bbfd-97f1e64697f4-IMG_0167.jpeg|https://ujfuxpqefdvwyjjwcpdu.supabase.co/storage/v1/object/public/car-images/b13d87cd-34db-4810-965b-71465d64ca88-IMG_0168.jpeg,90-Day Warranty,false,false
2022,Nissan,Maxima SV,SV Sedan 4D,,7500,700,56000,Excellent,Gasoline,Automatic,,Silver,Black,1N4AA6CV7NC503788,"This 2022 Nissan Maxima SV is a perfect blend of performance, comfort, and modern design. With only 56K miles and a rebuilt title from minor previous damage (professionally repaired), this sedan is in excellent condition and drives like new. Known for its strong V6 engine, smooth ride, and premium features, the Maxima is ideal for anyone seeking a sporty yet practical daily driver.",Title: Rebuilt (Fully repaired & road ready)|Engine: 3.5L V6 – Smooth|powerful & fuel-efficient|3.5L V6 Engine – Delivers strong performance with great fuel efficiency|Automatic Transmission – Smooth and responsive shifting|Sporty Exterior Styling – Sleek and modern design|Premium Interior – Spacious black interior with quality materials|Touchscreen Infotainment System – Easy-to-use and feature-rich|Apple CarPlay® & Android Auto™ – Seamless smartphone integration|Bluetooth Connectivity & USB Ports – Stay connected on the go|Backup Camera – Safer reversing and parking|Blind Spot Monitoring & Lane Departure Warning – Added safety|Adaptive Cruise Control – Relaxed highway driving|Cold A/C & Strong Heater – All-season comfort,https://ujfuxpqefdvwyjjwcpdu.supabase.co/storage/v1/object/public/car-images/b2acbdde-066b-4275-9cfb-c3a86e7ba041-IMG_0171.jpeg|https://ujfuxpqefdvwyjjwcpdu.supabase.co/storage/v1/object/public/car-images/38c4a903-5de6-441d-8c74-59a1ce0e60e1-IMG_0169.jpeg|https://ujfuxpqefdvwyjjwcpdu.supabase.co/storage/v1/object/public/car-images/320db844-9a7a-4b5a-ab97-20d8ecbb21ad-IMG_0170.jpeg|https://ujfuxpqefdvwyjjwcpdu.supabase.co/storage/v1/object/public/car-images/e3c044fa-2c02-473c-be3b-5d881e6a409c-IMG_0174.jpeg|https://ujfuxpqefdvwyjjwcpdu.supabase.co/storage/v1/object/public/car-images/fc75f1d1-1e24-468e-a6ce-bc7535d3486e-IMG_0176.jpeg|https://ujfuxpqefdvwyjjwcpdu.supabase.co/storage/v1/object/public/car-images/00e51546-d2f9-4caf-93c9-df44e24e0d76-IMG_0178.jpeg|https://ujfuxpqefdvwyjjwcpdu.supabase.co/storage/v1/object/public/car-images/cb3f9204-31af-4a1e-8330-7f8b5fa2c3e6-IMG_0179.jpeg|https://ujfuxpqefdvwyjjwcpdu.supabase.co/storage/v1/object/public/car-images/a728f9e5-b470-4ec6-86ea-d7232492ae5f-IMG_0180.jpeg|https://ujfuxpqefdvwyjjwcpdu.supabase.co/storage/v1/object/public/car-images/6a1384c3-3845-47a5-824f-60dbed4f6b5d-IMG_0182.jpeg|https://ujfuxpqefdvwyjjwcpdu.supabase.co/storage/v1/object/public/car-images/172fb864-60c2-4cee-b576-986b82654a8e-IMG_0183.jpeg|https://ujfuxpqefdvwyjjwcpdu.supabase.co/storage/v1/object/public/car-images/bc882012-e08d-40dd-b21a-b898bb2ab01d-IMG_0184.jpeg|https://ujfuxpqefdvwyjjwcpdu.supabase.co/storage/v1/object/public/car-images/d372e0cb-9594-4f73-a8c9-3013b0d52e2b-IMG_0181.jpeg|https://ujfuxpqefdvwyjjwcpdu.supabase.co/storage/v1/object/public/car-images/faad67b1-cb6e-473d-a6b4-3d335d8f9ff3-IMG_0177.jpeg|https://ujfuxpqefdvwyjjwcpdu.supabase.co/storage/v1/object/public/car-images/e1f636a3-9078-4102-b5be-a2c11c73025f-IMG_0172.jpeg|https://ujfuxpqefdvwyjjwcpdu.supabase.co/storage/v1/object/public/car-images/c43a7941-9688-4938-acbe-c1deda30b0eb-IMG_0173.jpeg|https://ujfuxpqefdvwyjjwcpdu.supabase.co/storage/v1/object/public/car-images/9541a8d4-4672-4497-a838-0ff11a8f0209-IMG_0185.jpeg|https://ujfuxpqefdvwyjjwcpdu.supabase.co/storage/v1/object/public/car-images/5dd35d2d-99ae-469e-8e68-8b242f551908-IMG_0186.jpeg,90-Day Warranty,false,false
2023,Honda,HR-V Sport,Sport SUV 4D,,8000,1000,46000,Excellent,Gasoline,Automatic,,Grey,Black,3CZRZ2H56PM724818,"This 2023 Honda HR-V Sport offers a perfect mix of style, performance, and practicality. With only 46K miles and a rebuilt title from minor previous damage (fully repaired), it’s in excellent condition and drives like new. Ideal for families, commuters, or anyone needing a reliable crossover SUV, the HR-V is known for its fuel efficiency, roomy interior, and Honda’s unmatched reliability.",Title: Rebuilt (Fully repaired & road ready)|Engine: 2.0L Inline-4 – Smooth|efficient & responsive|Fuel Type: Gasoline|2.0L Inline-4 Engine – Responsive and fuel-efficient|Automatic Transmission – Smooth and effortless driving|Sport Trim Styling – Bold modern design with sporty touches|Touchscreen Infotainment System – Easy access to apps and media|Apple CarPlay® & Android Auto™ – Seamless smartphone connectivity|Bluetooth & USB Connectivity – Stay connected on the go|Backup Camera – Added safety and easier parking|Lane Keep Assist & Adaptive Cruise Control – Enhanced driver confidence|Push Button Start & Keyless Entry – Convenient and modern|Alloy Wheels & LED Headlights – Sporty and stylish|Cold A/C & Strong Heater – Comfortable in any season|Spacious Interior with Versatile Cargo Space – Perfect for daily life or road trips,https://ujfuxpqefdvwyjjwcpdu.supabase.co/storage/v1/object/public/car-images/e6218090-f8cc-4a71-be59-58b5a6df7a97-IMG_0205.jpeg|https://ujfuxpqefdvwyjjwcpdu.supabase.co/storage/v1/object/public/car-images/d1878e53-16fc-447c-84b9-1d3fe620628e-IMG_0201.jpeg|https://ujfuxpqefdvwyjjwcpdu.supabase.co/storage/v1/object/public/car-images/b785f610-3c4f-411f-a517-0d8bacdad4e7-IMG_0199.jpeg|https://ujfuxpqefdvwyjjwcpdu.supabase.co/storage/v1/object/public/car-images/54f59386-5d26-42ef-bb88-90f2c130aff6-IMG_0200.jpeg|https://ujfuxpqefdvwyjjwcpdu.supabase.co/storage/v1/object/public/car-images/862f9063-25ad-4885-aa97-74e9dec1eb1e-IMG_0203.jpeg|https://ujfuxpqefdvwyjjwcpdu.supabase.co/storage/v1/object/public/car-images/063ebf6c-5fb7-4b6a-9506-8b61376988ac-IMG_0204.jpeg|https://ujfuxpqefdvwyjjwcpdu.supabase.co/storage/v1/object/public/car-images/1b5553f5-8a11-4cf7-8b71-4699bc74fd9f-IMG_0195.jpeg|https://ujfuxpqefdvwyjjwcpdu.supabase.co/storage/v1/object/public/car-images/ea0e47e1-db85-4a8d-bbcb-2e24c9eefb77-IMG_0194.jpeg|https://ujfuxpqefdvwyjjwcpdu.supabase.co/storage/v1/object/public/car-images/c652f3fa-4843-4b15-9696-68146ec55e44-IMG_0189.jpeg|https://ujfuxpqefdvwyjjwcpdu.supabase.co/storage/v1/object/public/car-images/f5c02daf-8cbf-472e-8e33-75b24a644022-IMG_0187.jpeg|https://ujfuxpqefdvwyjjwcpdu.supabase.co/storage/v1/object/public/car-images/5b3d5699-96eb-4582-9b9f-2200310283d0-IMG_0188.jpeg|https://ujfuxpqefdvwyjjwcpdu.supabase.co/storage/v1/object/public/car-images/8b33ae41-10a2-41ba-9880-887e6c7a304c-IMG_0190.jpeg|https://ujfuxpqefdvwyjjwcpdu.supabase.co/storage/v1/object/public/car-images/a620a2e4-96c6-4d99-86c8-ecc6e934c317-IMG_0191.jpeg|https://ujfuxpqefdvwyjjwcpdu.supabase.co/storage/v1/object/public/car-images/15eb37c1-892d-4e1e-9db0-9e525d4b31eb-IMG_0192.jpeg|https://ujfuxpqefdvwyjjwcpdu.supabase.co/storage/v1/object/public/car-images/6060b9cf-926d-4dbc-a8b1-f72c0b1aba62-IMG_0193.jpeg|https://ujfuxpqefdvwyjjwcpdu.supabase.co/storage/v1/object/public/car-images/6118f352-2ba3-47fb-b06a-e63c3301ba43-IMG_0196.jpeg|https://ujfuxpqefdvwyjjwcpdu.supabase.co/storage/v1/object/public/car-images/35f4758d-4dea-4f8e-8655-726610b8a0db-IMG_0198.jpeg|https://ujfuxpqefdvwyjjwcpdu.supabase.co/storage/v1/object/public/car-images/6a742dd5-dafa-481c-a9f9-c89b6be874fe-IMG_0197.jpeg|https://ujfuxpqefdvwyjjwcpdu.supabase.co/storage/v1/object/public/car-images/44ad8a37-c5df-4812-9d97-e83d28d13f5a-IMG_0202.jpeg,90-Day Warranty,false,false
2018,Honda,Accord LX ,LX w/ Honda Sensing Sedan 4D,,7000,600,46000,Excellent,Gasoline,Automatic,,Grey,Black,1HGCV1F14JA158875,"This 2018 Honda Accord LX is known for its smooth performance, impressive fuel efficiency, and advanced safety features. It’s in excellent mechanical condition, runs and drives great, and comes with a clean title. With only 46,000 miles, it has a long road ahead.
The car has new tires all around and is priced below market value due to minor hail damage — purely cosmetic, with no effect on performance or reliability.",Title: Clean|Engine: 1.5L Turbocharged Inline-4 – fuel-efficient & responsive|1.5L Turbocharged I4 Engine – Fuel-efficient and powerful|Automatic Transmission – Smooth|reliable shifting|Honda Sensing Suite – Collision mitigation|lane keep assist|adaptive cruise control|Touchscreen Infotainment System – User-friendly and modern|Bluetooth Connectivity & USB Ports – Stay connected on the go|Backup Camera – Enhanced safety while reversing|Push Button Start & Keyless Entry – Convenience at your fingertips|LED Headlights & Alloy Wheels – Stylish and efficient|Cold A/C & Strong Heater – Year-round comfort|Spacious|Comfortable Interior – Room for 5 passengers,https://ujfuxpqefdvwyjjwcpdu.supabase.co/storage/v1/object/public/car-images/a70451a6-5f20-4603-94b0-91197c7b49c5-IMG_0206.jpeg|https://ujfuxpqefdvwyjjwcpdu.supabase.co/storage/v1/object/public/car-images/ed23178e-54ec-4a8e-84cf-80f9280b1d0c-IMG_0207.jpeg|https://ujfuxpqefdvwyjjwcpdu.supabase.co/storage/v1/object/public/car-images/f42fe349-f932-4e14-85bf-6fddfab7140e-IMG_0208.jpeg|https://ujfuxpqefdvwyjjwcpdu.supabase.co/storage/v1/object/public/car-images/7b929110-7f54-4219-b9c5-989422bc83fb-IMG_0209.jpeg|https://ujfuxpqefdvwyjjwcpdu.supabase.co/storage/v1/object/public/car-images/4bd10731-2252-4cc0-b7b4-f7dd172e1be9-IMG_0210.jpeg|https://ujfuxpqefdvwyjjwcpdu.supabase.co/storage/v1/object/public/car-images/16d40175-4cf3-4d54-82fd-301ef2e8faf8-IMG_0211.jpeg|https://ujfuxpqefdvwyjjwcpdu.supabase.co/storage/v1/object/public/car-images/d83504ee-4ae2-4280-a84d-81fbd214f826-IMG_0212.jpeg|https://ujfuxpqefdvwyjjwcpdu.supabase.co/storage/v1/object/public/car-images/66627357-eb08-4844-969d-36ef389d8be5-IMG_0213.jpeg|https://ujfuxpqefdvwyjjwcpdu.supabase.co/storage/v1/object/public/car-images/3774f5f8-ec6b-4f1c-a5b1-adab17dbfa2e-IMG_0214.jpeg|https://ujfuxpqefdvwyjjwcpdu.supabase.co/storage/v1/object/public/car-images/b135ce48-3456-47cd-9804-0f51dc17ac03-IMG_0215.jpeg,90-Day Warranty,false,false
2012,Sedan,Ford Fiesta,,,4900,500,93773,Excellent,Gasoline,Automatic,,,,3FADP4CJ4CM185606,"2012 Ford Fiesta SEL Sedan 4D – a compact, fuel-efficient car perfect for city driving. Powered by a 1.6L 4-cyl engine with smooth automatic transmission, it offers a comfortable interior, Bluetooth, premium sound, and excellent MPG. Reliable, easy to park, and ideal for daily commuting.",• Fuel-efficient: ~33 MPG combined  • Automatic transmission  • Cold A/C & working heat  • Power windows and locks  • AM/FM/CD stereo with AUX input  • Spacious cabin|fold-down rear seats  • Compact|easy to drive & park  • Great commuter or starter vehicle  • Mileage: 93|773 miles  • Engine: 1.6L 4-cylinder DOHC (approx. 120 hp)  • Drivetrain: Front-wheel drive  • Fuel Economy: ~29 city / 38 highway MPG  • Exterior Color: Red  • Body Style: 4-door sedan  • Title: Clean,https://ujfuxpqefdvwyjjwcpdu.supabase.co/storage/v1/object/public/car-images/70a33ebd-9b08-4374-abb5-2590f5ea544c-IMG_2321.jpeg|https://ujfuxpqefdvwyjjwcpdu.supabase.co/storage/v1/object/public/car-images/3c998db2-bbf2-4dde-899b-4020bfb6508d-IMG_2320.jpeg|https://ujfuxpqefdvwyjjwcpdu.supabase.co/storage/v1/object/public/car-images/2515bbf4-a942-44e8-b7f6-232ec8421367-IMG_2316.jpeg|https://ujfuxpqefdvwyjjwcpdu.supabase.co/storage/v1/object/public/car-images/7ecd2b57-3fb9-4e26-ad7f-bbd681738754-IMG_2315.jpeg|https://ujfuxpqefdvwyjjwcpdu.supabase.co/storage/v1/object/public/car-images/96012e88-6cc0-443c-9bfc-1647bdf78202-IMG_2314.jpeg|https://ujfuxpqefdvwyjjwcpdu.supabase.co/storage/v1/object/public/car-images/8d1415c0-50a7-410f-afb8-1e4a51ed3a76-IMG_2313.jpeg|https://ujfuxpqefdvwyjjwcpdu.supabase.co/storage/v1/object/public/car-images/d8541bce-44e3-4de7-808a-dbf67b3c4b33-IMG_2312.jpeg|https://ujfuxpqefdvwyjjwcpdu.supabase.co/storage/v1/object/public/car-images/2dac5831-3900-4e78-ae54-7a77a9139f05-IMG_2311.jpeg|https://ujfuxpqefdvwyjjwcpdu.supabase.co/storage/v1/object/public/car-images/0586a65b-dca8-41b2-b4c1-6d706c812778-IMG_2317.jpeg|https://ujfuxpqefdvwyjjwcpdu.supabase.co/storage/v1/object/public/car-images/eec8c1eb-1051-453f-ba02-e02c0224c0eb-IMG_2318.jpeg|https://ujfuxpqefdvwyjjwcpdu.supabase.co/storage/v1/object/public/car-images/93e59156-4a47-4afc-8617-fd09a276f72b-IMG_2322.jpeg|https://ujfuxpqefdvwyjjwcpdu.supabase.co/storage/v1/object/public/car-images/d9032942-3d7f-46ee-b065-b70b60a6761e-IMG_2323.jpeg|https://ujfuxpqefdvwyjjwcpdu.supabase.co/storage/v1/object/public/car-images/ee8487a1-6bdd-489c-8221-d66b18dbd4ca-IMG_2319.jpeg|https://ujfuxpqefdvwyjjwcpdu.supabase.co/storage/v1/object/public/car-images/4017962a-0c21-4917-9f96-a2a1efab3ea2-IMG_2324.jpeg,90-Day Warranty,false,false
2019,Acura,TLX,2.4 w/ Technology Pkg Sedan 4D,,8000,700,44000,Excellent,Gasoline,Automatic,,Red,Beige,19UUB1F5XKA007864,"This 2019 Acura TLX Technology blends sporty performance with premium luxury. With only 44,000 miles, a strong 2.4L I4 engine, and Acura’s advanced technology package, it offers a refined driving experience and long-lasting reliability. Whether you’re commuting daily or taking weekend road trips, the TLX is designed to keep you comfortable, connected, and confident on the road.",Title: clean|Engine: 2.4L Inline-4 – smooth responsive and fuel-efficient|Seats: 5|Safety Rating: ⭐ 5/5 NHTSA|2.4L Inline-4 Engine – smooth power and great fuel economy|8-Speed Dual-Clutch Transmission – quick seamless shifting|AcuraWatch Safety Suite – lane keep assist adaptive cruise control forward collision warning|Premium Leather Interior – beige upholstery with heated front seats|ELS Studio Premium Sound System – immersive audio experience|Navigation System – built-in maps and real-time traffic|Apple CarPlay & Android Auto – smartphone connectivity made easy|Bluetooth & USB Ports – seamless communication and entertainment|Backup Camera & Blind Spot Monitoring – extra safety and confidence|Push Button Start & Keyless Entry – modern convenience|Dual-Zone Climate Control – personalized comfort for driver and passengers|LED Headlights & Alloy Wheels – stylish and efficient|Sunroof / Moonroof – open up to the sky on every drive,https://ujfuxpqefdvwyjjwcpdu.supabase.co/storage/v1/object/public/car-images/3164e7c8-5510-4969-a400-89190b999fb4-IMG_2074.jpeg|https://ujfuxpqefdvwyjjwcpdu.supabase.co/storage/v1/object/public/car-images/d846626d-c4ef-42ee-849b-ab770a702cf8-IMG_2072.jpeg|https://ujfuxpqefdvwyjjwcpdu.supabase.co/storage/v1/object/public/car-images/79747f49-9c7c-402c-8580-ff6ec352c46f-IMG_2071.jpeg|https://ujfuxpqefdvwyjjwcpdu.supabase.co/storage/v1/object/public/car-images/4941b7b1-2306-4611-b9ac-119211c36a08-IMG_2064.jpeg|https://ujfuxpqefdvwyjjwcpdu.supabase.co/storage/v1/object/public/car-images/3278e67b-e126-48eb-affd-6559ed6e424d-IMG_2063.jpeg|https://ujfuxpqefdvwyjjwcpdu.supabase.co/storage/v1/object/public/car-images/c6d191c5-ebf6-4501-9d5f-93004a70db7c-IMG_2066.jpeg|https://ujfuxpqefdvwyjjwcpdu.supabase.co/storage/v1/object/public/car-images/0dfa5f15-074f-4990-b235-9425039c6734-IMG_2065.jpeg|https://ujfuxpqefdvwyjjwcpdu.supabase.co/storage/v1/object/public/car-images/8fb49730-40f2-4018-8029-f8c75902b6ab-IMG_2069.jpeg|https://ujfuxpqefdvwyjjwcpdu.supabase.co/storage/v1/object/public/car-images/f8ee95ef-f594-4b02-b719-1f1819928bdb-IMG_2073.jpeg|https://ujfuxpqefdvwyjjwcpdu.supabase.co/storage/v1/object/public/car-images/2d16ef7c-75c7-482e-bc1f-f27a18cec2f5-IMG_2060.jpeg|https://ujfuxpqefdvwyjjwcpdu.supabase.co/storage/v1/object/public/car-images/d884c68b-c0a6-47af-9552-4198b40a78da-IMG_2061.jpeg|https://ujfuxpqefdvwyjjwcpdu.supabase.co/storage/v1/object/public/car-images/54a84793-d65e-4fda-8f71-4cf8c0770e01-IMG_2057.jpeg|https://ujfuxpqefdvwyjjwcpdu.supabase.co/storage/v1/object/public/car-images/9af93300-ede2-4900-be02-33075df74ee1-IMG_2058.jpeg|https://ujfuxpqefdvwyjjwcpdu.supabase.co/storage/v1/object/public/car-images/719adf8b-fdd4-4cc0-9a22-fc41a78bd888-IMG_2059.jpeg|https://ujfuxpqefdvwyjjwcpdu.supabase.co/storage/v1/object/public/car-images/1dbf0a69-1b50-471a-af1c-28f11d6c7414-IMG_2062.jpeg|https://ujfuxpqefdvwyjjwcpdu.supabase.co/storage/v1/object/public/car-images/4a112156-3af8-44bf-970f-8447a648e56f-IMG_2067.jpeg|https://ujfuxpqefdvwyjjwcpdu.supabase.co/storage/v1/object/public/car-images/451b6179-143b-4392-aa30-daebb3a6f968-IMG_2068.jpeg|https://ujfuxpqefdvwyjjwcpdu.supabase.co/storage/v1/object/public/car-images/b0c0e187-d933-492e-be4d-728fddf4bff9-IMG_2070.jpeg,90-Day Warranty,false,false
2013,Tiguan,Volkswagen,,,10000,700,118311,Excellent,Gasoline,Automatic,,,,5TDYK3DC7GS693885,"For sale: a well-maintained 2013 VW Tiguan SE 4MOTION — equipped with all-wheel drive, a panoramic sunroof, and a turbocharged engine. This one-owner SUV has a clean Carfax, no accidents, and comes with both keys.",•	Engine: 2.0L Turbocharged 4-cylinder 	•	Transmission: Automatic 	•	Drivetrain: ✅ 4MOTION All-Wheel Drive 	•	Mileage: 118|311 	•	VIN: WVGBV3AXXDW625396 	•	Fuel Economy: ~20 city / 26 highway 	•	Title: Clean and in hand •Full panoramic sunroof w/ power sunshade 	• Heated front seats 	• Leatherette interior 	•Bluetooth|AUX|USB 	• Cruise control & steering wheel controls 	•Power windows|mirrors & locks 	• Alloy wheels with good tires 	• Cold A/C & strong heat,https://ujfuxpqefdvwyjjwcpdu.supabase.co/storage/v1/object/public/car-images/dc2cd74e-31ee-427b-b87f-f55d1d7a8026-IMG_2297.jpeg|https://ujfuxpqefdvwyjjwcpdu.supabase.co/storage/v1/object/public/car-images/d7d32c3a-7503-47f0-a45d-c9210d1b6d9b-IMG_2298.jpeg|https://ujfuxpqefdvwyjjwcpdu.supabase.co/storage/v1/object/public/car-images/1928b256-0ff0-4c99-8e72-db9e58ffa47e-IMG_2299.jpeg|https://ujfuxpqefdvwyjjwcpdu.supabase.co/storage/v1/object/public/car-images/cab50761-c04e-445b-b3e4-be3d9d373a83-IMG_2300.jpeg|https://ujfuxpqefdvwyjjwcpdu.supabase.co/storage/v1/object/public/car-images/7079bcad-3fc3-4237-89ec-55565d2a1b2b-IMG_2306.jpeg|https://ujfuxpqefdvwyjjwcpdu.supabase.co/storage/v1/object/public/car-images/21034f90-6e1e-4d2c-bfeb-7b7456b35448-IMG_2307.jpeg|https://ujfuxpqefdvwyjjwcpdu.supabase.co/storage/v1/object/public/car-images/2cd30a38-afea-4328-ac9e-3cb23bdf6fa6-IMG_2308.jpeg|https://ujfuxpqefdvwyjjwcpdu.supabase.co/storage/v1/object/public/car-images/729e1bc4-11d6-472c-927c-5088503d5b50-IMG_2302.jpeg|https://ujfuxpqefdvwyjjwcpdu.supabase.co/storage/v1/object/public/car-images/bb33f601-2e55-433c-851b-2c1bdd3ebd02-IMG_2303.jpeg|https://ujfuxpqefdvwyjjwcpdu.supabase.co/storage/v1/object/public/car-images/48ae77df-443b-4016-9f67-58c469d83678-IMG_2305.jpeg|https://ujfuxpqefdvwyjjwcpdu.supabase.co/storage/v1/object/public/car-images/329eb3fe-962d-422f-a4c3-555626e949ec-IMG_2304.jpeg|https://ujfuxpqefdvwyjjwcpdu.supabase.co/storage/v1/object/public/car-images/f0dc504f-752d-463f-9b2e-41c1d324e642-IMG_2301.jpeg|https://ujfuxpqefdvwyjjwcpdu.supabase.co/storage/v1/object/public/car-images/69a612ec-0e30-4863-98c9-7bd21fd35bcc-IMG_2309.jpeg,90-Day Warranty,false,false
2016,Toyota,Sienna,,,9000,700,199733,Excellent,Gasoline,Automatic,,,,5TDYK3DC7GS693885  • 3.5L V6 Engine – smooth power and excellent highway performance  • 8-Passenger Seating – versatile interior with fold-flat seats  • Leather Interior – premium comfort and easy to clean  • Power Sliding Doors & Liftgate – great for families and easy loading  • Tri-Zone Automatic Climate Control – comfort for everyone  • Touchscreen Infotainment – navigation,"Spacious, reliable, and packed with comfort features, this 2016 Toyota Sienna XLE 8-Passenger is the perfect family hauler or travel companion. Known for Toyota’s legendary durability, this van delivers a smooth ride, strong performance, and plenty of room for passengers and cargo.",Bluetooth|rearview camera  • Alloy Wheels – stylish and durable,https://ujfuxpqefdvwyjjwcpdu.supabase.co/storage/v1/object/public/car-images/435c0c07-57df-4002-bbc3-fbf89c5b5766-IMG_2279.jpeg|https://ujfuxpqefdvwyjjwcpdu.supabase.co/storage/v1/object/public/car-images/d3eb9291-259d-4a3a-9177-e33f88aa8892-IMG_2280.jpeg|https://ujfuxpqefdvwyjjwcpdu.supabase.co/storage/v1/object/public/car-images/8ce5f17a-623d-4a77-82a9-4743647401c4-IMG_2281.jpeg|https://ujfuxpqefdvwyjjwcpdu.supabase.co/storage/v1/object/public/car-images/e7a1c0a9-e9fd-4095-94e7-170c089e7f37-IMG_2282.jpeg|https://ujfuxpqefdvwyjjwcpdu.supabase.co/storage/v1/object/public/car-images/024bf03d-4fd2-4055-942c-f4866eba039e-IMG_2283.jpeg|https://ujfuxpqefdvwyjjwcpdu.supabase.co/storage/v1/object/public/car-images/cd9e72a0-3e9f-492b-9830-740832fdec64-IMG_2288.jpeg|https://ujfuxpqefdvwyjjwcpdu.supabase.co/storage/v1/object/public/car-images/71c58fa8-1730-4b52-a7c4-370f3e8dd632-IMG_2287.jpeg|https://ujfuxpqefdvwyjjwcpdu.supabase.co/storage/v1/object/public/car-images/330c7fdc-6163-4812-b405-ea13737441cb-IMG_2286.jpeg|https://ujfuxpqefdvwyjjwcpdu.supabase.co/storage/v1/object/public/car-images/275ce3b8-9503-4d5d-9d24-51deda2b6015-IMG_2285.jpeg|https://ujfuxpqefdvwyjjwcpdu.supabase.co/storage/v1/object/public/car-images/6863ee21-dc16-41e6-97e0-2f62de10ef13-IMG_2284.jpeg|https://ujfuxpqefdvwyjjwcpdu.supabase.co/storage/v1/object/public/car-images/8bed249f-0d74-43f6-8b74-b2689c4670f7-IMG_2293.jpeg|https://ujfuxpqefdvwyjjwcpdu.supabase.co/storage/v1/object/public/car-images/9cfef4c0-512e-43ae-8520-a36c10d17745-IMG_2292.jpeg|https://ujfuxpqefdvwyjjwcpdu.supabase.co/storage/v1/object/public/car-images/7b2e8822-fd9c-4b6a-8dc4-f77d96e71903-IMG_2291.jpeg|https://ujfuxpqefdvwyjjwcpdu.supabase.co/storage/v1/object/public/car-images/876c6d7a-f439-4f9c-b3a0-c83cc51bed1c-IMG_2290.jpeg|https://ujfuxpqefdvwyjjwcpdu.supabase.co/storage/v1/object/public/car-images/69606d44-4d6d-4d74-b5f0-ce85777ffa99-IMG_2289.jpeg|https://ujfuxpqefdvwyjjwcpdu.supabase.co/storage/v1/object/public/car-images/8dd7f7f1-9a65-41c1-8994-a6f1030a4888-IMG_2294.jpeg|https://ujfuxpqefdvwyjjwcpdu.supabase.co/storage/v1/object/public/car-images/6c2dc340-c4c7-4f9c-9257-09c0e7b3e693-IMG_2295.jpeg|https://ujfuxpqefdvwyjjwcpdu.supabase.co/storage/v1/object/public/car-images/bd90250c-2808-4e9d-a2aa-665d36944083-IMG_2296.jpeg,90-Day Warranty,false,false
2018,Jeep,Renegade ,,,9000,700,127243,Excellent,Gasoline,Automatic,,,,,"For sale is a reliable and fuel-efficient 2018 Jeep Renegade with a 2.4L Tigershark engine, automatic transmission, and front-wheel drive (FWD). Clean title, 127,243 miles, black exterior with a grey interior. Perfect for daily driving or weekend adventures.",• Year: 2018 • Make/Model: Jeep Renegade • Engine: 2.4L I4 MultiAir • Transmission: Automatic • Drive Type: Front-Wheel Drive (FWD) • Mileage: 127|243 miles • Exterior Color: Black • Interior Color: Grey Title: Clean VIN: ZACCJABBXJPG67829 Price: $9|000 Uconnect Touchscreen System Bluetooth Connectivity Backup Camera Cruise Control Power Windows & Locked Alloy Wheels Fold-Flat Rear Seats,https://ujfuxpqefdvwyjjwcpdu.supabase.co/storage/v1/object/public/car-images/233caf02-f3dc-4849-89b7-04f8be0d7f2b-IMG_2244.jpeg|https://ujfuxpqefdvwyjjwcpdu.supabase.co/storage/v1/object/public/car-images/7f62dd06-2d0c-4d16-b72e-66804e1d47d7-IMG_2245.jpeg|https://ujfuxpqefdvwyjjwcpdu.supabase.co/storage/v1/object/public/car-images/7bc7581f-ec78-49e9-bc0f-60119287cf6e-IMG_2246.jpeg|https://ujfuxpqefdvwyjjwcpdu.supabase.co/storage/v1/object/public/car-images/036825ac-5918-4e69-982a-d50cac4eac1e-IMG_2255.jpeg|https://ujfuxpqefdvwyjjwcpdu.supabase.co/storage/v1/object/public/car-images/72a1d064-129e-4b9a-ba0d-7fb202fc6621-IMG_2256.jpeg|https://ujfuxpqefdvwyjjwcpdu.supabase.co/storage/v1/object/public/car-images/ac0feb88-cb82-4339-b488-90956d77aa2d-IMG_2247.jpeg|https://ujfuxpqefdvwyjjwcpdu.supabase.co/storage/v1/object/public/car-images/5977a25f-4f20-46ce-a0f7-1c9007286d0e-IMG_2248.jpeg|https://ujfuxpqefdvwyjjwcpdu.supabase.co/storage/v1/object/public/car-images/ee3072c7-4303-49b6-9415-94b778f926c1-IMG_2249.jpeg|https://ujfuxpqefdvwyjjwcpdu.supabase.co/storage/v1/object/public/car-images/1c7c15b0-6051-4ca3-87ac-0b76ce53d66a-IMG_2251.jpeg|https://ujfuxpqefdvwyjjwcpdu.supabase.co/storage/v1/object/public/car-images/8791519d-4224-49bb-9f92-62408a920195-IMG_2252.jpeg|https://ujfuxpqefdvwyjjwcpdu.supabase.co/storage/v1/object/public/car-images/ac90592c-f74b-4392-966a-1aedd48d0c93-IMG_2253.jpeg|https://ujfuxpqefdvwyjjwcpdu.supabase.co/storage/v1/object/public/car-images/f430579b-7c91-4527-945d-e3a0c879d014-IMG_2257.jpeg|https://ujfuxpqefdvwyjjwcpdu.supabase.co/storage/v1/object/public/car-images/5f772a35-2ef5-42ff-9692-3b23751d5325-IMG_2258.jpeg,90-Day Warranty,false,false
2017,Volkswagen Jetta,Sedan,,Sedan,8499,700,104900,Excellent,Gasoline,Automatic,,,,,"2017 Volkswagen Jetta 1.4T S Sedan 4D – a reliable and fuel-efficient compact sedan with a turbocharged 1.4L engine and smooth automatic transmission. Offers a spacious interior, Bluetooth, touchscreen infotainment, backup camera, and great MPG. Perfect for daily commuting with comfort and style.",•	1.4-liter turbocharged inline-4 engine|~150 hp|184 lb-ft torque  ￼ 	•	Front-wheel drive  ￼ 	•	Available transmissions include 5-speed manual and automatic options  ￼ 	•	Suspension: MacPherson struts front|stabilizer bars; rear torsion beam  ￼ 	•	Electric power steering  •	Combined fuel economy ~ 32 mpg (US)  ￼ 	•	City/Highway ~ 28 / 38 mpg  ￼ 	•	Fuel tank capacity ~ 14.5 gallons  ￼  ⸻  Dimensions & Capacity 	•	Seating: 5 passengers  ￼ 	•	Trunk / cargo: ~ 15.7 cu ft  ￼ 	•	Curb weight: ~ 3|025 lbs  ￼ 	•	Exterior: 4 doors|compact sedan  ￼ 	•	Turning diameter ~ 36.4 ft  ￼  ⸻  Interior|Comfort & Convenience 	•	Air conditioning / climate control  ￼ 	•	Power windows and locks  ￼ 	•	Remote keyless entry / alarm system  ￼ 	•	Cruise control  ￼ 	•	Steering wheel controls|tilt/telescoping steering  ￼ 	•	Bluetooth wireless streaming audio  ￼ 	•	USB port|auxiliary input|CD player  ￼ 	•	Folding rear seats to expand cargo space  ￼ 	•	Rearview camera standard across all trims in 2017  ￼  ⸻  Safety & Driver Aids 	•	Stability control / traction control  ￼ 	•	Front & side airbags|curtain airbags  ￼ 	•	Child seat anchors / child safety locks  ￼ 	•	Rear cross-traffic alert|blind-spot monitoring available on lower trims  ￼ 	•	Crash ratings (NHTSA): e.g. 4 stars frontal|5 stars side barrier in many cases  ￼ VIN: 3VW2B7AJ8HM225565,https://ujfuxpqefdvwyjjwcpdu.supabase.co/storage/v1/object/public/car-images/b2e7cca6-cca4-4d9e-a451-aa902f97c987-IMG_2231.jpeg|https://ujfuxpqefdvwyjjwcpdu.supabase.co/storage/v1/object/public/car-images/0a5b2634-92de-4a1f-8a4d-e0ecd103dcd9-IMG_2232.jpeg|https://ujfuxpqefdvwyjjwcpdu.supabase.co/storage/v1/object/public/car-images/59ebdd79-3104-4aa9-9009-2540552e9207-IMG_2233.jpeg|https://ujfuxpqefdvwyjjwcpdu.supabase.co/storage/v1/object/public/car-images/ae38d204-58f3-4c2e-ae81-66f8ade01fa8-IMG_2234.jpeg|https://ujfuxpqefdvwyjjwcpdu.supabase.co/storage/v1/object/public/car-images/9968f596-0728-4e50-8ce5-fab4572d0ff7-IMG_2235.jpeg|https://ujfuxpqefdvwyjjwcpdu.supabase.co/storage/v1/object/public/car-images/683ec251-2991-4a7b-b32e-32cce3e1042b-IMG_2236.jpeg|https://ujfuxpqefdvwyjjwcpdu.supabase.co/storage/v1/object/public/car-images/01838df1-ad8b-443c-86ef-06e1f029536c-IMG_2237.jpeg|https://ujfuxpqefdvwyjjwcpdu.supabase.co/storage/v1/object/public/car-images/6beca4b6-3fe0-4a93-a88b-c00a5422e8c5-IMG_2238.jpeg|https://ujfuxpqefdvwyjjwcpdu.supabase.co/storage/v1/object/public/car-images/821d952a-9af6-46fe-b9eb-39595286f074-IMG_2241.jpeg|https://ujfuxpqefdvwyjjwcpdu.supabase.co/storage/v1/object/public/car-images/e2dd2805-c8c6-4f44-ae12-ada5b6697590-IMG_2242.jpeg|https://ujfuxpqefdvwyjjwcpdu.supabase.co/storage/v1/object/public/car-images/eed3f86b-2557-499e-bb8a-055a5519814f-IMG_2239.jpeg|https://ujfuxpqefdvwyjjwcpdu.supabase.co/storage/v1/object/public/car-images/d0585673-e471-4995-a5c6-5705c1356add-IMG_2240.jpeg,90-Day Warranty,false,false
2021,Volkswagen,SE Tiguan,,,11000,700,136948,Excellent,Gasoline,Automatic,,,,,"This Tiguan SE is in great condition and offers a stylish, comfortable ride with plenty of cargo space. It’s well-maintained, has a clean title, and comes with a verified clean CARFAX. Perfect for families or anyone looking for a reliable and fuel-efficient SUV.",Engine & Performance 	•	2.0 L turbocharged 4-cylinder engine|~184 hp & 221 lb-ft of torque  ￼ 	•	8-speed automatic transmission with Tiptronic & sport mode  ￼ 	•	All-wheel drive (VW’s 4MOTION) for better traction in varied conditions  ￼ 	•	Towing capacity up to about 1|500 lbs (≈ 680 kg)  ￼  Interior & Comfort 	•	Seating for 5 (some markets offer optional small third row)  ￼ 	•	Heated front seats  ￼ 	•	Synthetic leather (leatherette) upholstery in SE trim  ￼ 	•	Power driver’s seat adjustment  ￼ 	•	Dual-zone automatic climate control  ￼ 	•	Keyless entry / proximity key & push-button start  ￼ 	•	Fold-flat rear seats for extra cargo flexibility  ￼  Infotainment & Connectivity 	•	8-inch touchscreen system (in SE and above)  ￼ 	•	Apple CarPlay & Android Auto integration  ￼ 	•	Bluetooth streaming audio|hands-free phone  ￼ 	•	Multiple USB ports & a WiFi hotspot option  ￼  Safety & Driver Assistance 	•	Forward collision warning & automatic emergency braking  ￼ 	•	Blind spot monitoring & rear cross-traffic alert  ￼ 	•	Adaptive cruise control (on SE and above)  ￼ 	•	Backup / rearview camera  ￼ 	•	Parking sensors / reverse automatic braking  ￼  Other Specs / Miscellaneous 	•	Wheels: 17-inch wheels standard on SE  ￼ 	•	Fuel economy: ~21 mpg city / 27 mpg highway (US)  ￼ 	•	Dimensions: approx. 185.1 in length × 72.4 in width × 66.3 in height  ￼ VIN: 3VV3B7AX4MM056068,https://ujfuxpqefdvwyjjwcpdu.supabase.co/storage/v1/object/public/car-images/3c81f1de-28f4-4bce-9af7-c9bd47a55372-IMG_2203.jpeg|https://ujfuxpqefdvwyjjwcpdu.supabase.co/storage/v1/object/public/car-images/e7f421e6-e63e-4960-9ad4-ca052f8775c4-IMG_2204.jpeg|https://ujfuxpqefdvwyjjwcpdu.supabase.co/storage/v1/object/public/car-images/dd77c174-d8bf-4b78-a790-a17716596f01-IMG_2205.jpeg|https://ujfuxpqefdvwyjjwcpdu.supabase.co/storage/v1/object/public/car-images/5a92a1e2-a961-4cbc-9179-6aba750221e0-IMG_2206.jpeg|https://ujfuxpqefdvwyjjwcpdu.supabase.co/storage/v1/object/public/car-images/d1fb9eb8-a8e5-4ca9-bb07-9afb03ef6a26-IMG_2211.jpeg|https://ujfuxpqefdvwyjjwcpdu.supabase.co/storage/v1/object/public/car-images/f1bf327d-c9f3-4347-894e-216901579799-IMG_2210.jpeg|https://ujfuxpqefdvwyjjwcpdu.supabase.co/storage/v1/object/public/car-images/53933799-faa1-4dcf-9adb-fa9881d66899-IMG_2209.jpeg|https://ujfuxpqefdvwyjjwcpdu.supabase.co/storage/v1/object/public/car-images/13ba5172-369d-4929-a329-fadaeace7f28-IMG_2208.jpeg|https://ujfuxpqefdvwyjjwcpdu.supabase.co/storage/v1/object/public/car-images/bb401671-5162-455f-94d2-feefc4fc8f87-IMG_2207.jpeg|https://ujfuxpqefdvwyjjwcpdu.supabase.co/storage/v1/object/public/car-images/2b3958f7-0ee2-4710-99d1-6d0bf5e25d1c-IMG_2216.jpeg|https://ujfuxpqefdvwyjjwcpdu.supabase.co/storage/v1/object/public/car-images/a2bc86b7-77c2-46f7-b50d-4b2f1e6cd3bf-IMG_2215.jpeg|https://ujfuxpqefdvwyjjwcpdu.supabase.co/storage/v1/object/public/car-images/fba0b47a-0778-4816-9dd6-8fdef39f02da-IMG_2214.jpeg|https://ujfuxpqefdvwyjjwcpdu.supabase.co/storage/v1/object/public/car-images/ced8802f-3017-48f7-9ae2-5f4ad3549024-IMG_2213.jpeg|https://ujfuxpqefdvwyjjwcpdu.supabase.co/storage/v1/object/public/car-images/1e2ef0fd-2c98-4fb9-8803-203e26c961e8-IMG_2212.jpeg,90-Day Warranty,false,false
2014,Subaru,Forester,,,10500,800,100367,Excellent,Gasoline,Automatic,,,,,"This Forester is spacious, safe, and fuel-efficient — ideal for commuting, family use, or road trips. It’s located at 360 Auto Remarketing,",•	Mileage: 100|367 miles 	•	Engine: 2.5L H4 F DOHC 16V Gasoline 	•	Drivetrain: All-Wheel Drive (perfect for all seasons) 	•	Body Style: 4-Door Wagon/SUV 	•	VIN: JF2SJAEC4EH483775  ✅ Clean Title & Clean Carfax ✅ 3 Keys Included ✅ Premium Trim with Great Features ✅ Well-Maintained & Runs Excellent Mileage	Driven 100|367 miles Transmission	Automatic Exterior color	Silver Interior color	Black Safety rating	5/5 NHTSA safety rating Fuel type	Gasoline Fuel economy	24.0 MPG city • 32.0 MPG highway • 27.0 MPG combined Seats	5 Trim	2.5i Premium Sport Utility 4D Clean title	This vehicle has no significant damage or problems.,https://ujfuxpqefdvwyjjwcpdu.supabase.co/storage/v1/object/public/car-images/27ca606e-a3ab-4899-95a3-0f9bba5b77f6-IMG_2190.jpeg|https://ujfuxpqefdvwyjjwcpdu.supabase.co/storage/v1/object/public/car-images/a4fc185a-7e05-4c06-8196-1c9123bb6eea-IMG_2191.jpeg|https://ujfuxpqefdvwyjjwcpdu.supabase.co/storage/v1/object/public/car-images/878cce7e-7180-483b-a31a-87e29a580ff5-IMG_2196.jpeg|https://ujfuxpqefdvwyjjwcpdu.supabase.co/storage/v1/object/public/car-images/5a25f555-d9a0-49e7-8427-3c49b56e76e4-IMG_2195.jpeg|https://ujfuxpqefdvwyjjwcpdu.supabase.co/storage/v1/object/public/car-images/5b76402f-1a02-447b-8ebd-1a1501885b75-IMG_2194.jpeg|https://ujfuxpqefdvwyjjwcpdu.supabase.co/storage/v1/object/public/car-images/6b05d1bc-281d-4e07-bd47-ce0f8ec32ab4-IMG_2193.jpeg|https://ujfuxpqefdvwyjjwcpdu.supabase.co/storage/v1/object/public/car-images/e962d2d6-88df-4695-b1db-5bf6c77ac89b-IMG_2192.jpeg|https://ujfuxpqefdvwyjjwcpdu.supabase.co/storage/v1/object/public/car-images/d0944a30-bba5-4a14-8d1a-877c7fa2ac0c-IMG_2201.jpeg|https://ujfuxpqefdvwyjjwcpdu.supabase.co/storage/v1/object/public/car-images/9dcb958e-ff4b-46c2-9d64-224d132dd8bc-IMG_2200.jpeg|https://ujfuxpqefdvwyjjwcpdu.supabase.co/storage/v1/object/public/car-images/15b42049-157a-44bc-af16-d2531894a138-IMG_2199.jpeg|https://ujfuxpqefdvwyjjwcpdu.supabase.co/storage/v1/object/public/car-images/2e1254ed-f769-4aed-959c-53d068ccb312-IMG_2198.jpeg|https://ujfuxpqefdvwyjjwcpdu.supabase.co/storage/v1/object/public/car-images/3f6f84a3-165d-414a-aebc-cb30103021f9-IMG_2197.jpeg|https://ujfuxpqefdvwyjjwcpdu.supabase.co/storage/v1/object/public/car-images/1787aef2-cc2c-45f0-9b42-efea8c70f1f2-IMG_2202.jpeg,90-Day Warranty,false,false
2014,Nissan,Maxima,,,5000,499,182156,Excellent,Gasoline,Automatic,,,,,"The 2014 Nissan Maxima SV Sedan 4D is a sleek, performance-oriented four-door sedan powered by a 3.5 L V6 engine delivering 290 hp and 261 lb-ft of torque.  ￼ It drives the front wheels through a CVT automatic transmission.  ￼ It achieves about 19 mpg city / 26 mpg highway / 22 mpg combined.  ￼ Inside, it seats five comfortably, with front legroom of 43.8 in and generous shoulder width.  ￼ The trunk offers about 14.2 cu ft of cargo space.  ￼ Standard features often include leather seating, dual power front seats, heated front seats, keyless entry, Bluetooth, and stability/traction controls.  ￼ With its sporty styling, strong V6 power, and good blend of comfort and technology, the 2014 Maxima SV remains appealing for drivers who want performance in a practical sedan.",🔧 Powertrain & Performance 	•	3.5 L V6 engine|producing ~ 290 hp @ 6|400 rpm and 261 lb-ft of torque @ 4|400 rpm  ￼ 	•	Continuously Variable Transmission (CVT) with overdrive / “manual” shift mode  ￼ 	•	Front-wheel drive layout  ￼ 	•	Independent suspension (front strut|rear multi-link)  ￼  ⸻  📏 Dimensions & Capacities 	•	Passenger capacity: 5  ￼ 	•	Trunk / cargo: ~ 14.2 cubic feet  ￼ 	•	Interior volume / passenger room:   • Front headroom: 38.5 in  ￼   • Front legroom: 43.8 in  ￼   • Rear headroom: 36.4 in  ￼   • Rear legroom: 34.6 in  ￼ 	•	Wheelbase: 109.3 in  ￼ 	•	Fuel tank: 20.0 gallons (~ 75.7 L)  ￼ 	•	Turning diameter (curb-to-curb): ~ 37.4 ft  ￼  ⸻  🛋 Comfort|Convenience & Interior Features 	•	Dual-zone automatic climate control  ￼ 	•	Power front seats (driver and passenger)  ￼ 	•	Heated front seats  ￼ 	•	Heated steering wheel  ￼ 	•	Leather seating / leather-wrapped steering wheel (depending on option or package)  ￼ 	•	Keyless entry & push-button start / proximity sensing key fob  ￼ 	•	Bluetooth wireless technology / streaming audio  ￼ 	•	CD / MP3 / auxiliary input|USB port  ￼ 	•	Steering wheel-mounted audio and cruise controls  ￼ 	•	Rearview camera with 7-inch display (standard on SV in 2014)  ￼  ⸻  🛡 Safety & Driver Assistance 	•	Six airbags: front|side|curtain airbags  ￼ 	•	Anti-lock Brakes (ABS) & 4-wheel disc brakes  ￼ 	•	Electronic Stability Control & Traction Control  ￼ 	•	Child safety locks|LATCH anchors for child seats  ￼ 	•	Rearview monitor / camera standard on SV trim   • VIN: 1N4AA5AP7EC457894,https://ujfuxpqefdvwyjjwcpdu.supabase.co/storage/v1/object/public/car-images/bec21342-5e19-4140-acb1-2afda0b4a75d-IMG_2174.jpeg|https://ujfuxpqefdvwyjjwcpdu.supabase.co/storage/v1/object/public/car-images/b832101c-6d2c-409f-aa12-4afd319aa23f-IMG_2175.jpeg|https://ujfuxpqefdvwyjjwcpdu.supabase.co/storage/v1/object/public/car-images/a8983de4-3028-4498-8810-5b267a9ea528-IMG_2176.jpeg|https://ujfuxpqefdvwyjjwcpdu.supabase.co/storage/v1/object/public/car-images/816e7e49-25d4-4bb7-9357-86b29308fe44-IMG_2177.jpeg|https://ujfuxpqefdvwyjjwcpdu.supabase.co/storage/v1/object/public/car-images/3ae18a69-033f-47b7-9980-adfda6a62fbb-IMG_2178.jpeg|https://ujfuxpqefdvwyjjwcpdu.supabase.co/storage/v1/object/public/car-images/f0f39b0c-27af-480d-8ad5-db9a472cad37-IMG_2183.jpeg|https://ujfuxpqefdvwyjjwcpdu.supabase.co/storage/v1/object/public/car-images/86cea54a-2576-47b8-a542-1414570fbf06-IMG_2182.jpeg|https://ujfuxpqefdvwyjjwcpdu.supabase.co/storage/v1/object/public/car-images/5e814cf6-6d46-431f-8f45-c65ac6f94a28-IMG_2181.jpeg|https://ujfuxpqefdvwyjjwcpdu.supabase.co/storage/v1/object/public/car-images/14e85553-510d-44ac-b386-1be3ee544496-IMG_2180.jpeg|https://ujfuxpqefdvwyjjwcpdu.supabase.co/storage/v1/object/public/car-images/27cff572-79f2-4a87-ba68-dd98434fbc62-IMG_2179.jpeg|https://ujfuxpqefdvwyjjwcpdu.supabase.co/storage/v1/object/public/car-images/bdea8580-8fc8-4da2-b11b-8201d317d06c-IMG_2184.jpeg|https://ujfuxpqefdvwyjjwcpdu.supabase.co/storage/v1/object/public/car-images/9fc56c8d-dc2c-4bb5-a4a0-ab89db7fad40-IMG_2185.jpeg|https://ujfuxpqefdvwyjjwcpdu.supabase.co/storage/v1/object/public/car-images/91b3f2d1-4d58-4a43-ac9b-59c3a6129dc1-IMG_2186.jpeg,90-Day Warranty,false,false
2022,Honda ,Civic Sport,Sport Sedan 4D,,6000,800,39000,Excellent,Gasoline,Automatic,,White,Black,2HGFE2F5XNH533505,"This 2022 Honda Civic Sport combines style, performance, and practicality in one sleek package. With only 39,000 miles and a smooth 2.0L engine, it offers excellent fuel economy and a fun driving experience. The rebuilt title reflects only minor previous damage — the car has been fully repaired, inspected, and is now road-ready with zero issues.

Perfect for daily driving, commuting, or a first-time buyer who wants a modern, sporty sedan without the new-car price tag.",Title: Rebuilt|Ownership: 1 Owner|Paid Off: ✅ Yes|2.0L Inline-4 Engine – fuel-efficient & responsive|Smooth Automatic Transmission – seamless shifting and reliable performance|Sporty Exterior Styling – bold front grille|sleek profile|and athletic design|18” Alloy Wheels – enhance appearance and handling|Large Touchscreen Infotainment System – intuitive and easy to use|Apple CarPlay® & Android Auto™ – seamless smartphone integration|Bluetooth Connectivity & USB Ports – stay connected on the go|Backup Camera – added safety when parking or reversing|Lane Keep Assist & Adaptive Cruise Control – advanced driver assistance features|Push Button Start & Keyless Entry – modern convenience|LED Headlights – bright efficient illumination|Comfortable & Spacious Interior – sporty black cabin with premium materials,https://ujfuxpqefdvwyjjwcpdu.supabase.co/storage/v1/object/public/car-images/ddcade58-3a6c-432c-9e1b-e4069fd35e0e-IMG_2111.jpeg|https://ujfuxpqefdvwyjjwcpdu.supabase.co/storage/v1/object/public/car-images/f15baa36-c6cd-409e-b3ab-76d22aefc851-IMG_2112.jpeg|https://ujfuxpqefdvwyjjwcpdu.supabase.co/storage/v1/object/public/car-images/e35106f8-f366-40eb-8fb4-494b2778cee4-IMG_2110.jpeg|https://ujfuxpqefdvwyjjwcpdu.supabase.co/storage/v1/object/public/car-images/c824b891-b98a-4751-b9ca-30587591120a-IMG_2114.jpeg|https://ujfuxpqefdvwyjjwcpdu.supabase.co/storage/v1/object/public/car-images/841ab879-5ebb-4ad0-8540-ac57f1771f21-IMG_2119.jpeg|https://ujfuxpqefdvwyjjwcpdu.supabase.co/storage/v1/object/public/car-images/a3c975cd-a957-4922-9af3-5c83eec5cc52-IMG_2118.jpeg|https://ujfuxpqefdvwyjjwcpdu.supabase.co/storage/v1/object/public/car-images/99318518-be73-4b69-b23f-3d9dfc6bd973-IMG_2121.jpeg|https://ujfuxpqefdvwyjjwcpdu.supabase.co/storage/v1/object/public/car-images/9c10a0aa-c533-43e9-ae71-c12767b0879b-IMG_2122.jpeg|https://ujfuxpqefdvwyjjwcpdu.supabase.co/storage/v1/object/public/car-images/2d8e8fb3-3685-4a3b-97ed-0233954751c8-IMG_2125.jpeg|https://ujfuxpqefdvwyjjwcpdu.supabase.co/storage/v1/object/public/car-images/799ee64f-9c64-4856-b142-0d2a0f2c0d37-IMG_2126.jpeg|https://ujfuxpqefdvwyjjwcpdu.supabase.co/storage/v1/object/public/car-images/ddb733d0-ca63-4df0-aef6-3d940d267d40-IMG_2128.jpeg|https://ujfuxpqefdvwyjjwcpdu.supabase.co/storage/v1/object/public/car-images/d530e584-093b-4308-b64a-a70f8a5e2faa-IMG_2127.jpeg|https://ujfuxpqefdvwyjjwcpdu.supabase.co/storage/v1/object/public/car-images/7db7ef3d-a35e-404b-b415-4f27497c0e1b-IMG_2124.jpeg|https://ujfuxpqefdvwyjjwcpdu.supabase.co/storage/v1/object/public/car-images/34b97a5c-8565-4827-95cf-c362aa06c351-IMG_2123.jpeg|https://ujfuxpqefdvwyjjwcpdu.supabase.co/storage/v1/object/public/car-images/06e89fec-6465-4c59-bbe2-f7aecdda79bc-IMG_2120.jpeg|https://ujfuxpqefdvwyjjwcpdu.supabase.co/storage/v1/object/public/car-images/3325590b-4c4e-44c9-b5d5-27ab59d02226-IMG_2117.jpeg|https://ujfuxpqefdvwyjjwcpdu.supabase.co/storage/v1/object/public/car-images/df3a84e0-ebfb-4d52-89da-ecafb1cfb3f9-IMG_2116.jpeg|https://ujfuxpqefdvwyjjwcpdu.supabase.co/storage/v1/object/public/car-images/846ca9e2-03cc-44c9-8c45-d2f64e71aea2-IMG_2115.jpeg|https://ujfuxpqefdvwyjjwcpdu.supabase.co/storage/v1/object/public/car-images/64d81987-e309-4828-91db-257ba824407d-IMG_2113.jpeg,90-Day Warranty,false,false
2022,Toyota,Camry SE,SE Sedan 4D,4-Door Sedan,7000,800,71397,Excellent,Gasoline,Automatic,Front-Wheel Drive,Red,Black,4T1G11AK4NU028221,"This 2022 Toyota Camry SE is the perfect blend of reliability, performance, and style. With a clean title, only 71,397 miles, and Toyota’s legendary build quality, it’s ready to deliver many more miles of worry-free driving. Whether you need a dependable daily commuter or a comfortable family sedan, this Camry offers a smooth ride, advanced safety, and low maintenance costs — all at a great price.",Title: Clean|Engine: 2.5L Inline-4 – smooth|efficient|and responsive|Fuel Type: Gasoline|Paid Off: ✅ Yes|Automatic Transmission – smooth and effortless driving|Toyota Safety Sense™ Suite – includes lane departure alert adaptive cruise control|and pre-collision system|Apple CarPlay® & Android Auto™ – seamless smartphone connectivity|Backup Camera – added safety and convenience|Touchscreen Infotainment System – intuitive and user-friendly|Bluetooth & USB Ports – stay connected on the go|Sport-Tuned Suspension – dynamic and responsive handling|Premium Cloth/Sport-Trimmed Seats – comfortable and supportive|Alloy Wheels & LED Headlights – modern|sporty look|Keyless Entry & Push Button Start – added convenience|Cold A/C & Strong Heater – year-round comfort|Spacious Interior & Trunk – plenty of room for passengers and cargo,https://ujfuxpqefdvwyjjwcpdu.supabase.co/storage/v1/object/public/car-images/c4716627-3e92-4c78-bbc8-c52677879cf3-IMG_2205.jpeg|https://ujfuxpqefdvwyjjwcpdu.supabase.co/storage/v1/object/public/car-images/420e1146-aa86-42a1-8fd7-8725c6714fae-IMG_2206.jpeg|https://ujfuxpqefdvwyjjwcpdu.supabase.co/storage/v1/object/public/car-images/711585ee-0958-4c93-9fc1-ac664916d061-IMG_2207.jpeg|https://ujfuxpqefdvwyjjwcpdu.supabase.co/storage/v1/object/public/car-images/d0358be3-3dfb-49f7-9f5e-b9b6e81b923e-IMG_2208.jpeg|https://ujfuxpqefdvwyjjwcpdu.supabase.co/storage/v1/object/public/car-images/9aa14dc1-7eb4-4607-b738-c7c5df3d39c8-IMG_2209.jpeg|https://ujfuxpqefdvwyjjwcpdu.supabase.co/storage/v1/object/public/car-images/532f7354-391c-4100-8d5e-71f104fd3e47-IMG_2210.jpeg|https://ujfuxpqefdvwyjjwcpdu.supabase.co/storage/v1/object/public/car-images/54f4df0f-5949-4905-bf5c-4c6af28fe7ad-IMG_2211.jpeg|https://ujfuxpqefdvwyjjwcpdu.supabase.co/storage/v1/object/public/car-images/c01a5bd0-9521-4c60-a051-925b790f52e4-IMG_2212.jpeg|https://ujfuxpqefdvwyjjwcpdu.supabase.co/storage/v1/object/public/car-images/ea3c744f-1e7a-4d56-b1cc-bce14e9d0299-IMG_2213.jpeg|https://ujfuxpqefdvwyjjwcpdu.supabase.co/storage/v1/object/public/car-images/2705fe63-c866-49f2-acb5-8aea30b95231-IMG_2214.jpeg|https://ujfuxpqefdvwyjjwcpdu.supabase.co/storage/v1/object/public/car-images/0d7f06c8-9d71-49d9-b033-79c0a38f963e-IMG_2215.jpeg|https://ujfuxpqefdvwyjjwcpdu.supabase.co/storage/v1/object/public/car-images/9a787e3c-47f3-4e40-9aca-0afb45db6e08-IMG_2216.jpeg|https://ujfuxpqefdvwyjjwcpdu.supabase.co/storage/v1/object/public/car-images/f4b5d06f-ac82-4570-ba8a-461bfcda5558-IMG_2217.jpeg|https://ujfuxpqefdvwyjjwcpdu.supabase.co/storage/v1/object/public/car-images/153adda4-2c6e-4a65-964c-984e2768648e-IMG_2218.jpeg|https://ujfuxpqefdvwyjjwcpdu.supabase.co/storage/v1/object/public/car-images/d486a5ba-6ba8-4f7c-85ab-69113772631b-IMG_2219.jpeg|https://ujfuxpqefdvwyjjwcpdu.supabase.co/storage/v1/object/public/car-images/4ed1662e-3448-49d1-bb2b-c1f173b5f6d9-IMG_2220.jpeg|https://ujfuxpqefdvwyjjwcpdu.supabase.co/storage/v1/object/public/car-images/43fa193f-d2b4-4560-bde5-b04703dbf1cb-IMG_2221.jpeg|https://ujfuxpqefdvwyjjwcpdu.supabase.co/storage/v1/object/public/car-images/aaa3364c-1070-45b8-b442-b699400bc279-IMG_2222.jpeg|https://ujfuxpqefdvwyjjwcpdu.supabase.co/storage/v1/object/public/car-images/cca92dd5-9f47-4fef-a372-4ed42ed24229-IMG_2223.jpeg|https://ujfuxpqefdvwyjjwcpdu.supabase.co/storage/v1/object/public/car-images/0d2075a2-c437-47bb-9127-475ee8b3a06d-IMG_2224.jpeg,90-Day Warranty,false,false
2016,Lexus,ES 350 Luxury,ES 350 Sedan 4D,,8000,700,68000,Excellent,Gasoline,Automatic,,Blue,Tan,JTHBK1GG2G2221558,"Experience true luxury and reliability with this 2016 Lexus ES 350 Luxury Sedan. With only 68,000 miles, a powerful 3.5L V6, and a host of premium features, it offers an incredibly smooth and comfortable ride. The interior is crafted with high-end materials, advanced tech, and exceptional attention to detail. Despite its rebuilt title, this ES 350 has been fully inspected, repaired, and is ready to hit the road with no issues.

Perfect for those who want luxury performance and Lexus reliability without the premium price tag.",Title: Rebuilt|Engine: 3.5L V6 – powerful|smooth|and reliable|Fuel Economy: 21 MPG city / 31 MPG highway / 24 MPG combined|Seats: 5|Safety Rating: ⭐ 5/5 NHTSA|Paid Off: ✅ Yes|3.5L V6 Engine – refined power with smooth acceleration|Automatic Transmission – effortless and reliable shifting|Luxury Interior – premium leather seats and woodgrain accents|Dual-Zone Automatic Climate Control – personalized comfort|Heated & Ventilated Front Seats – year-round comfort|Power-Adjustable Front Seats with Memory – customized driving position|Sunroof / Moonroof – open up the cabin with natural light|Navigation System – built-in maps and real-time traffi|Premium Sound System – crystal-clear audio quality|Bluetooth® Connectivity & USB Ports – stay connected on the go|Backup Camera – added safety when parking|Blind Spot Monitoring & Lane Departure Alert – advanced safety support|Push Button Start & Keyless Entry – modern convenience|Alloy Wheels & LED Headlights – sleek and stylish design|Spacious|Comfortable Cabin – top-tier comfort for all passengers,https://ujfuxpqefdvwyjjwcpdu.supabase.co/storage/v1/object/public/car-images/a7d30097-440c-4e91-880e-e4cb1b85566c-IMG_2246.jpeg|https://ujfuxpqefdvwyjjwcpdu.supabase.co/storage/v1/object/public/car-images/9883b66c-2e01-4d77-8367-839aaf4bbada-IMG_2245.jpeg|https://ujfuxpqefdvwyjjwcpdu.supabase.co/storage/v1/object/public/car-images/2f9a5733-e516-48a6-9d61-eef9267bd987-IMG_2244.jpeg|https://ujfuxpqefdvwyjjwcpdu.supabase.co/storage/v1/object/public/car-images/cb1b04d8-5af5-4ab8-8c3f-17fec4ae1cb6-IMG_2249.jpeg|https://ujfuxpqefdvwyjjwcpdu.supabase.co/storage/v1/object/public/car-images/90d5b31e-5a4d-409d-b7e2-621d8d873273-IMG_2250.jpeg|https://ujfuxpqefdvwyjjwcpdu.supabase.co/storage/v1/object/public/car-images/a9457739-323c-4818-84b5-f339e539f791-IMG_2251.jpeg|https://ujfuxpqefdvwyjjwcpdu.supabase.co/storage/v1/object/public/car-images/1e95e709-8ea9-4457-a954-f36cd696fce9-IMG_2252.jpeg|https://ujfuxpqefdvwyjjwcpdu.supabase.co/storage/v1/object/public/car-images/97937792-bf08-4719-810a-7852914c9d93-IMG_2254.jpeg|https://ujfuxpqefdvwyjjwcpdu.supabase.co/storage/v1/object/public/car-images/9097b520-a53c-4f6a-aa54-5fa4aeba9987-IMG_2253.jpeg|https://ujfuxpqefdvwyjjwcpdu.supabase.co/storage/v1/object/public/car-images/b0cc2ced-6751-4460-a543-32d87533d2ce-IMG_2256.jpeg|https://ujfuxpqefdvwyjjwcpdu.supabase.co/storage/v1/object/public/car-images/a324eece-b3d9-4664-8eba-415d11451ca2-IMG_2260.jpeg|https://ujfuxpqefdvwyjjwcpdu.supabase.co/storage/v1/object/public/car-images/52df1b16-544c-4c7f-8a72-b8e20550f11a-IMG_2257.jpeg|https://ujfuxpqefdvwyjjwcpdu.supabase.co/storage/v1/object/public/car-images/d2c22862-cf09-4c86-b808-0eb178853d32-IMG_2258.jpeg|https://ujfuxpqefdvwyjjwcpdu.supabase.co/storage/v1/object/public/car-images/2649bbe5-b0a7-4b77-8fde-e0c14836a156-IMG_2259.jpeg|https://ujfuxpqefdvwyjjwcpdu.supabase.co/storage/v1/object/public/car-images/37df1ac7-ebde-4c2b-b9ec-9fcd0cf9e5e3-IMG_2255.jpeg|https://ujfuxpqefdvwyjjwcpdu.supabase.co/storage/v1/object/public/car-images/a0eb97cb-da35-4e4a-8ce5-bd8313398b29-IMG_2248.jpeg|https://ujfuxpqefdvwyjjwcpdu.supabase.co/storage/v1/object/public/car-images/12c2e62b-0fce-4af1-8575-aee7c17c8f64-IMG_2247.jpeg,90-Day Warranty,false,false
2021,Mazda,6 Touring,Grand Touring Sedan 4D,,6000,800,42000,Excellent,Gasoline,Automatic,,Red,Beige,JM1GL1VM4M1618204,"This 2021 Mazda 6 Touring offers a perfect mix of sportiness, luxury, and reliability. With only 42K miles, a rebuilt title, and no mechanical issues, it’s an excellent choice for anyone looking for a fuel-efficient, fun-to-drive sedan at a great value. The interior is clean, comfortable, and loaded with modern features like Apple CarPlay, Android Auto, and advanced safety systems.

Mazda is known for its sharp driving dynamics and upscale cabin, making this sedan stand out from the crowd.",Title: Rebuilt|Engine: 2.5L SKYACTIV-G 4-Cylinder – smooth and efficient|Paid Off: ✅ Yes|2.5L SKYACTIV-G Engine – responsive power with excellent fuel economy|Sporty Design & Driving Dynamics – signature Mazda handling for a smooth confident ride|Automatic Transmission – seamless shifting and performance|Apple CarPlay® & Android Auto™ – smartphone connectivity made simple|Large Touchscreen Infotainment System – intuitive and easy to use|Bluetooth® & USB Ports – stay connected on the go|Premium Bose® Audio System – crystal clear sound|Backup Camera – added safety and easy parking|Lane Keep Assist & Blind Spot Monitoring – advanced safety features|Push Button Start & Keyless Entry – added convenience|Dual-Zone Climate Control – personalized comfort for driver and passenger|Leather-Trimmed Interior – premium look and feel|Alloy Wheels & LED Headlights – sleek modern exterior design,https://ujfuxpqefdvwyjjwcpdu.supabase.co/storage/v1/object/public/car-images/51e3e426-8c4c-45af-a8c4-9e41e2f0d671-IMG_2271.jpeg|https://ujfuxpqefdvwyjjwcpdu.supabase.co/storage/v1/object/public/car-images/a271c658-e91c-4f71-87b9-eabfce4a325e-IMG_2273.jpeg|https://ujfuxpqefdvwyjjwcpdu.supabase.co/storage/v1/object/public/car-images/fe1dfba7-c681-45f9-979d-081d87483607-IMG_2268.jpeg|https://ujfuxpqefdvwyjjwcpdu.supabase.co/storage/v1/object/public/car-images/c283f282-3591-45c3-b8b8-7814132ab487-IMG_2270.jpeg|https://ujfuxpqefdvwyjjwcpdu.supabase.co/storage/v1/object/public/car-images/4047b751-835c-4035-9979-3ca07c33aacf-IMG_2269.jpeg|https://ujfuxpqefdvwyjjwcpdu.supabase.co/storage/v1/object/public/car-images/9f9bbd48-1fa8-4aad-aca6-a129dfcc9167-IMG_2276.jpeg|https://ujfuxpqefdvwyjjwcpdu.supabase.co/storage/v1/object/public/car-images/4233c2e6-7d72-47a1-9974-07e8a554cf90-IMG_2277.jpeg|https://ujfuxpqefdvwyjjwcpdu.supabase.co/storage/v1/object/public/car-images/f5ad6ee9-d7e9-4570-be9d-219a89ab3e9d-IMG_2279.jpeg|https://ujfuxpqefdvwyjjwcpdu.supabase.co/storage/v1/object/public/car-images/041f667e-c2a2-408f-aa49-5aafc2d7d2b4-IMG_2278.jpeg|https://ujfuxpqefdvwyjjwcpdu.supabase.co/storage/v1/object/public/car-images/632508b1-f248-496c-b94d-433718a92c28-IMG_2282.jpeg|https://ujfuxpqefdvwyjjwcpdu.supabase.co/storage/v1/object/public/car-images/e6d0f9fe-89d2-4457-ba4b-b494f8cb7538-IMG_2285.jpeg|https://ujfuxpqefdvwyjjwcpdu.supabase.co/storage/v1/object/public/car-images/55067bcc-76e4-4019-91d0-bebd17ae4825-IMG_2286.jpeg|https://ujfuxpqefdvwyjjwcpdu.supabase.co/storage/v1/object/public/car-images/9a85ded6-8fa6-4360-9191-065254c3e0d9-IMG_2284.jpeg|https://ujfuxpqefdvwyjjwcpdu.supabase.co/storage/v1/object/public/car-images/f4c5d1d4-2475-459d-a6ad-a496d5527c2b-IMG_2283.jpeg|https://ujfuxpqefdvwyjjwcpdu.supabase.co/storage/v1/object/public/car-images/fc5a224b-4965-4e3f-9060-caabe3468005-IMG_2281.jpeg|https://ujfuxpqefdvwyjjwcpdu.supabase.co/storage/v1/object/public/car-images/f78b9ce0-fa03-4c40-963e-007ff83df22a-IMG_2280.jpeg|https://ujfuxpqefdvwyjjwcpdu.supabase.co/storage/v1/object/public/car-images/4e3750cf-2b1b-4441-9b01-9dd9b5a668ee-IMG_2275.jpeg|https://ujfuxpqefdvwyjjwcpdu.supabase.co/storage/v1/object/public/car-images/8d449191-638c-4327-9126-e3bf93c2845f-IMG_2274.jpeg|https://ujfuxpqefdvwyjjwcpdu.supabase.co/storage/v1/object/public/car-images/6864e20f-12c5-4b54-a4d8-eb92b4f71ee3-IMG_2272.jpeg,90-Day Warranty,false,false
2019,Toyota,Camry SE Special Edition,SE Special Edition Sedan 4D,,7000,800,77000,Excellent,Gasoline,Automatic,,Blue,Black Leather,4T1B11HK2KU198248,"This 2019 Toyota Camry SE Special Edition is a perfect combination of sporty performance, modern technology, and Toyota reliability. With only 77K miles, it runs and drives flawlessly with no issues. The sleek blue exterior paired with a black leather interior gives it a premium, head-turning look.

The vehicle holds a rebuilt title, but has been fully repaired and inspected. It’s priced below market value, making it a smart buy for anyone looking for a stylish and dependable sedan.

Financing options are available. No trades.",Title: Rebuilt|Engine: 2.5L 4-Cylinder – smooth and fuel-efficient|Number of Owners: 1|Paid Off: ✅ Yes|Sporty SE Special Edition Package – stylish|sleek|and performance-driven|Push Button Start & Remote Start – convenience at your fingertips|Sunroof – enjoy open-air driving|Blind Spot Monitor – added safety awareness on the road|Heated Seats – comfort for all seasons|Touchscreen Infotainment System – intuitive and modern|Apple CarPlay® & Android Auto™ – seamless smartphone connection|Backup Camera – easy parking and extra safety|Bluetooth Connectivity & USB Ports|Sport-Tuned Suspension – smooth yet responsive handling|Alloy Wheels & LED Headlights – sporty and stylish design|Cold A/C & Strong Heater – ready for any weather|Super Clean Interior & Exterior – well cared for and road ready,https://ujfuxpqefdvwyjjwcpdu.supabase.co/storage/v1/object/public/car-images/d9e1b545-4f5d-4d13-a452-f9247770f7ff-IMG_2347.jpeg|https://ujfuxpqefdvwyjjwcpdu.supabase.co/storage/v1/object/public/car-images/689435d9-202b-433e-8392-4b2d9c727a2b-IMG_2348.jpeg|https://ujfuxpqefdvwyjjwcpdu.supabase.co/storage/v1/object/public/car-images/02be04ac-4c2f-4ba8-aaae-137ac3fd7401-IMG_2349.jpeg|https://ujfuxpqefdvwyjjwcpdu.supabase.co/storage/v1/object/public/car-images/615b5574-be8d-4e95-ae87-fbb311a3043d-IMG_2350.jpeg|https://ujfuxpqefdvwyjjwcpdu.supabase.co/storage/v1/object/public/car-images/eebb8d31-aa61-4fcd-8b28-569fbc7a85cc-IMG_2353.jpeg|https://ujfuxpqefdvwyjjwcpdu.supabase.co/storage/v1/object/public/car-images/b3cfbaba-fe7d-428d-bc92-d851785df818-IMG_2352.jpeg|https://ujfuxpqefdvwyjjwcpdu.supabase.co/storage/v1/object/public/car-images/46bbb2f9-19e1-4321-b8e5-d4a4f1c848c5-IMG_2351.jpeg|https://ujfuxpqefdvwyjjwcpdu.supabase.co/storage/v1/object/public/car-images/ef37c689-78bb-442d-89f5-f6f55c9002ec-IMG_2356.jpeg|https://ujfuxpqefdvwyjjwcpdu.supabase.co/storage/v1/object/public/car-images/c4405190-354a-4a67-b8f7-2db0cb20d49b-IMG_2355.jpeg|https://ujfuxpqefdvwyjjwcpdu.supabase.co/storage/v1/object/public/car-images/a3461cba-2b94-4b7c-9a74-15eb788733f5-IMG_2354.jpeg|https://ujfuxpqefdvwyjjwcpdu.supabase.co/storage/v1/object/public/car-images/5eedc89a-4dc2-43ac-a48a-5eec471959cf-IMG_2357.jpeg|https://ujfuxpqefdvwyjjwcpdu.supabase.co/storage/v1/object/public/car-images/42eab550-38c2-49d2-9cba-7af3a04f113b-IMG_2358.jpeg|https://ujfuxpqefdvwyjjwcpdu.supabase.co/storage/v1/object/public/car-images/f2d9a4fc-d422-45d9-bd41-e939e4554731-IMG_2359.jpeg|https://ujfuxpqefdvwyjjwcpdu.supabase.co/storage/v1/object/public/car-images/33a8e7f3-75e3-4cf1-94fe-1b4af18f0abb-IMG_2362.jpeg|https://ujfuxpqefdvwyjjwcpdu.supabase.co/storage/v1/object/public/car-images/03b6b4c3-e943-4d47-bb99-001e282c7803-IMG_2361.jpeg|https://ujfuxpqefdvwyjjwcpdu.supabase.co/storage/v1/object/public/car-images/c333a2c6-203e-4c98-94b8-c24a2210463b-IMG_2360.jpeg|https://ujfuxpqefdvwyjjwcpdu.supabase.co/storage/v1/object/public/car-images/0a0aaac4-c4de-4bbc-8c09-84a103894c25-IMG_2363.jpeg|https://ujfuxpqefdvwyjjwcpdu.supabase.co/storage/v1/object/public/car-images/f9cd7951-0cc3-4466-b451-855f6021b57e-IMG_2364.jpeg|https://ujfuxpqefdvwyjjwcpdu.supabase.co/storage/v1/object/public/car-images/999c7a7f-c5ea-476d-81e6-b36aaa6996af-IMG_2365.jpeg,90-Day Warranty,false,false
2018,Mazda ,3 Touring,Touring Sedan 4D,,7000,800,44000,Excellent,Gasoline,Automatic,,Blue,Black,3MZBN1V31JM231486,"This 2018 Mazda 3 Touring is a perfect blend of style, performance, and reliability. With its 2.0L SKYACTIV engine, excellent fuel economy, and low mileage, it’s ideal for daily commuting or road trips. The interior is clean and well-maintained, and the car drives smooth with no issues.

Despite its rebuilt title, the car has been fully repaired and inspected — ready for a new owner at a great price.",Title: Rebuilt|Engine: 2.0L 4-Cylinder SKYACTIV – smooth fun to drive and fuel-efficient|Fuel Economy: 27 MPG city / 36 MPG highway / 30 MPG combined|Seats: 5|Safety Rating: ⭐ 5/5 NHTSA|Number of Owners: 1|SKYACTIV Engine – great balance of power and fuel economy|Sporty Exterior Styling – clean lines and modern design|Touchscreen Infotainment System – user-friendly and modern|Apple CarPlay® & Android Auto™ Compatibility|Bluetooth® Connectivity & USB Ports|Backup Camera – easy parking and added safety|Blind Spot Monitoring & Lane Departure Warning – advanced safety features|Push Button Start & Keyless Entry – added convenience|Alloy Wheels & LED Headlights – sleek and sporty look|Premium Cloth Interior – clean and comfortable|Cold A/C & Strong Heater – ready for any season|Low Mileage – Only 44|000 Miles!,https://ujfuxpqefdvwyjjwcpdu.supabase.co/storage/v1/object/public/car-images/fa7d1f91-d495-4112-a948-360ca11fa2e6-IMG_2401.jpeg|https://ujfuxpqefdvwyjjwcpdu.supabase.co/storage/v1/object/public/car-images/39aa6a76-67d1-4558-ade2-8cd4bfd1349e-IMG_2391.jpeg|https://ujfuxpqefdvwyjjwcpdu.supabase.co/storage/v1/object/public/car-images/5a3a51bd-4bd5-4f80-b639-68d653d9ec9f-IMG_2392.jpeg|https://ujfuxpqefdvwyjjwcpdu.supabase.co/storage/v1/object/public/car-images/8798fc7d-0292-4288-9649-d89ac260f10c-IMG_2393.jpeg|https://ujfuxpqefdvwyjjwcpdu.supabase.co/storage/v1/object/public/car-images/c6d80922-b93e-4075-b2c4-7819b4ffbbba-IMG_2395.jpeg|https://ujfuxpqefdvwyjjwcpdu.supabase.co/storage/v1/object/public/car-images/c0516b79-a781-4462-a692-0ffb054ede29-IMG_2396.jpeg|https://ujfuxpqefdvwyjjwcpdu.supabase.co/storage/v1/object/public/car-images/f5d6c925-89fc-4f39-9fd1-fca1761dc0ae-IMG_2399.jpeg|https://ujfuxpqefdvwyjjwcpdu.supabase.co/storage/v1/object/public/car-images/fa10f24b-81d1-4017-8018-546e28a7d6f5-IMG_2398.jpeg|https://ujfuxpqefdvwyjjwcpdu.supabase.co/storage/v1/object/public/car-images/6d0cc60f-eb40-4140-9f93-7690af7cf158-IMG_2400.jpeg|https://ujfuxpqefdvwyjjwcpdu.supabase.co/storage/v1/object/public/car-images/92693319-6ccd-405a-9799-478e23dfdd29-IMG_2405.jpeg|https://ujfuxpqefdvwyjjwcpdu.supabase.co/storage/v1/object/public/car-images/09f0f117-1a8a-490b-a95c-fb716f82604e-IMG_2403.jpeg|https://ujfuxpqefdvwyjjwcpdu.supabase.co/storage/v1/object/public/car-images/61051ed9-befb-4e05-91a0-9e3b879a73cb-IMG_2406.jpeg|https://ujfuxpqefdvwyjjwcpdu.supabase.co/storage/v1/object/public/car-images/cef74eb2-c994-434d-92a2-68726d517266-IMG_2409.jpeg|https://ujfuxpqefdvwyjjwcpdu.supabase.co/storage/v1/object/public/car-images/a502d86b-66e3-493a-8cfc-58da967a9445-IMG_2407.jpeg|https://ujfuxpqefdvwyjjwcpdu.supabase.co/storage/v1/object/public/car-images/45329a0f-2722-4607-85a5-93b0082fbde3-IMG_2402.jpeg|https://ujfuxpqefdvwyjjwcpdu.supabase.co/storage/v1/object/public/car-images/e2c76565-98f3-4940-9241-356001278b58-IMG_2397.jpeg|https://ujfuxpqefdvwyjjwcpdu.supabase.co/storage/v1/object/public/car-images/82633ae0-daae-49ec-93bb-a514efee9758-IMG_2394.jpeg|https://ujfuxpqefdvwyjjwcpdu.supabase.co/storage/v1/object/public/car-images/991ee138-09fa-4c4e-ac82-dc795fcb7991-IMG_2408.jpeg,90-Day Warranty,false,false
2022,Honda,civic Ex,EX Sedan 4D,,8000,800,62000,Excellent,Gasoline,Automatic,,Grey,Black,2HGFE1F70NH325676,"This 2022 Honda Civic EX blends sporty style, comfort, and reliability into one of the most dependable sedans on the market. With a rebuilt title, this vehicle has been fully inspected, professionally restored, and cleared for road use offering excellent value at a competitive price.

Featuring a sleek grey exterior and clean black interior, this Civic EX comes with advanced features and smooth driving dynamics. It’s powered by a fuel-efficient 1.5L turbocharged engine that delivers both performance and economy, making it perfect for daily commuting or long drives.
Why Choose Jerry’s Auto

At Jerry’s Auto, we believe in honest deals, clear communication, and great value. Every vehicle is inspected for quality and safety, ensuring you get a dependable car you can trust. Whether you’re local or out of state, we make the buying process fast, smooth, and secure.",Title: Rebuilt|Number of Owners: 1|Vehicle Status: Paid Off|Turbocharged 1.5L Engine|Apple CarPlay & Android Auto|Power Sunroof / Moonroof|Backup Camera & Lane Assist|Keyless Entry & Push Start|Dual-Zone Climate Control|Adaptive Cruise Control|Alloy Wheels|LED Headlights & Daytime Running Lights,https://ujfuxpqefdvwyjjwcpdu.supabase.co/storage/v1/object/public/car-images/b27f30d9-cf1e-4cf2-93c2-f2b73450e43a-IMG_1725.jpeg|https://ujfuxpqefdvwyjjwcpdu.supabase.co/storage/v1/object/public/car-images/8fc27dd0-f0a4-4e33-ae85-f70176b14954-IMG_1721.jpeg|https://ujfuxpqefdvwyjjwcpdu.supabase.co/storage/v1/object/public/car-images/a9611564-7f77-43ef-8924-185724e7216b-IMG_1718.jpeg|https://ujfuxpqefdvwyjjwcpdu.supabase.co/storage/v1/object/public/car-images/fb0f774b-805f-41da-a50e-4b5abe66e52d-IMG_2926.jpeg|https://ujfuxpqefdvwyjjwcpdu.supabase.co/storage/v1/object/public/car-images/dbfa868b-b585-4471-b70c-6b377b352d1c-IMG_1717.jpeg|https://ujfuxpqefdvwyjjwcpdu.supabase.co/storage/v1/object/public/car-images/1c4a2898-ee48-49ce-9ffe-8fb3c4167fb0-IMG_1719.jpeg|https://ujfuxpqefdvwyjjwcpdu.supabase.co/storage/v1/object/public/car-images/b3eac6c0-8e08-4fd3-8845-694225cac641-IMG_1720.jpeg|https://ujfuxpqefdvwyjjwcpdu.supabase.co/storage/v1/object/public/car-images/5c8ba3d0-16d4-4ca4-aed0-c723e5e254bf-IMG_1727.jpeg|https://ujfuxpqefdvwyjjwcpdu.supabase.co/storage/v1/object/public/car-images/1db16c81-87c5-42d4-b6ef-1a9ff8ab0e29-IMG_1728.jpeg|https://ujfuxpqefdvwyjjwcpdu.supabase.co/storage/v1/object/public/car-images/600dd88c-31c1-4ecc-9757-dfcfdf6e1035-IMG_1732.jpeg|https://ujfuxpqefdvwyjjwcpdu.supabase.co/storage/v1/object/public/car-images/589e5102-b440-4edc-84e6-278983bf5738-IMG_1734.jpeg|https://ujfuxpqefdvwyjjwcpdu.supabase.co/storage/v1/object/public/car-images/9cc5f8b2-b7c9-4d34-aa9e-9efc3d106c1e-IMG_1733.jpeg|https://ujfuxpqefdvwyjjwcpdu.supabase.co/storage/v1/object/public/car-images/6b7aefed-a6f9-460f-b6d7-3ff64cd6004e-IMG_1726.jpeg|https://ujfuxpqefdvwyjjwcpdu.supabase.co/storage/v1/object/public/car-images/89c56752-8623-4cb8-9fd1-22f0548e64f2-IMG_1730.jpeg|https://ujfuxpqefdvwyjjwcpdu.supabase.co/storage/v1/object/public/car-images/138a47ee-a681-492f-82f8-7f086cd603b8-IMG_1731.jpeg|https://ujfuxpqefdvwyjjwcpdu.supabase.co/storage/v1/object/public/car-images/5d947232-5adb-4986-b4bd-ad8481860906-IMG_1723.jpeg|https://ujfuxpqefdvwyjjwcpdu.supabase.co/storage/v1/object/public/car-images/219abb8b-72e3-4697-a3b2-fb900f8dd20d-IMG_1722.jpeg|https://ujfuxpqefdvwyjjwcpdu.supabase.co/storage/v1/object/public/car-images/dd3a2d31-12f8-42c5-892e-a2742ff27743-IMG_2925.jpeg,90-Day Warranty,false,false
2016,Cadillac ,CT6 Premium Luxury,,,6000,700,116000,Excellent,Gasoline,Automatic,,Silver,Black,1G6KF5RSXGU150406,"Step into luxury with this 2016 Cadillac CT6 Premium Luxury Sedan. With its 3.6L V6 engine, smooth performance, and advanced technology, this vehicle delivers an exceptional driving experience. It’s equipped with a panoramic roof, navigation, heated & ventilated seats, entertainment system, and top-tier safety features.

The car runs and drives flawlessly, has been inspected, and is ready for its new owner. A rebuilt title means you get a luxury sedan at a fraction of the cost.

This is an ideal ride for someone who wants comfort, power, and elegance without paying the luxury brand price tag.",Title: Rebuilt|Engine: 3.6L V6 – smooth powerful and refined|Fuel Type: Gasoline|Premium Luxury Trim – loaded with comfort and advanced technology|Panoramic Roof – open|bright cabin feel|Built-in Navigation System – reliable and easy to use|Backup Camera & Parking Sensors – added safety and ease|Heated & Ventilated Seats – all-season comfort|Adaptive Cruise Control – smoother|safer driving|Blind Spot Monitoring – extra protection on the road|Bluetooth Connectivity – hands-free connection|Apple CarPlay® & Android Auto™ – seamless smartphone integration|Rear Seat Entertainment System – great for passengers|Remote Start & Keyless Entry – modern convenience|Premium Sound System – immersive audio experience|Strong A/C & Heater – ready for any weather,https://ujfuxpqefdvwyjjwcpdu.supabase.co/storage/v1/object/public/car-images/c9a6f75e-38a1-46a2-8be3-5150d5352512-IMG_2411.jpeg|https://ujfuxpqefdvwyjjwcpdu.supabase.co/storage/v1/object/public/car-images/2c81d139-580c-4a86-94b4-c0eaf420c35e-IMG_2412.jpeg|https://ujfuxpqefdvwyjjwcpdu.supabase.co/storage/v1/object/public/car-images/b5eccc40-f0d5-4538-816d-0ffadba99c15-IMG_2416.jpeg|https://ujfuxpqefdvwyjjwcpdu.supabase.co/storage/v1/object/public/car-images/3dded7a4-ebbc-40c7-9a2a-acf03f08e669-IMG_2413.jpeg|https://ujfuxpqefdvwyjjwcpdu.supabase.co/storage/v1/object/public/car-images/a5381646-55db-4914-8794-34e7d0ce6183-IMG_2417.jpeg|https://ujfuxpqefdvwyjjwcpdu.supabase.co/storage/v1/object/public/car-images/ccd13b17-f520-46e6-b5f2-03d5dac8c6b7-IMG_2414.jpeg|https://ujfuxpqefdvwyjjwcpdu.supabase.co/storage/v1/object/public/car-images/641c225d-0659-4282-a9fe-5bedd4b519a7-IMG_2418.jpeg|https://ujfuxpqefdvwyjjwcpdu.supabase.co/storage/v1/object/public/car-images/8b30e315-95c0-4bde-bb7c-9d4ddf643cd3-IMG_2415.jpeg|https://ujfuxpqefdvwyjjwcpdu.supabase.co/storage/v1/object/public/car-images/861ada33-1a5b-4b84-8bbb-45d2ba3d4bf4-IMG_2419.jpeg|https://ujfuxpqefdvwyjjwcpdu.supabase.co/storage/v1/object/public/car-images/57b65d0f-ad28-4001-8c38-2cfdc847d470-IMG_2422.jpeg|https://ujfuxpqefdvwyjjwcpdu.supabase.co/storage/v1/object/public/car-images/69dd62c7-ca3a-425e-9c17-0e53a0be4370-IMG_2424.jpeg|https://ujfuxpqefdvwyjjwcpdu.supabase.co/storage/v1/object/public/car-images/a29317a3-8491-4360-8421-feb4354fde83-IMG_2421.jpeg|https://ujfuxpqefdvwyjjwcpdu.supabase.co/storage/v1/object/public/car-images/f672138d-5716-4c7c-8ed1-28fb55fce75a-IMG_2420.jpeg|https://ujfuxpqefdvwyjjwcpdu.supabase.co/storage/v1/object/public/car-images/3c353092-d966-4c48-a933-9a8dd12864ea-IMG_2423.jpeg|https://ujfuxpqefdvwyjjwcpdu.supabase.co/storage/v1/object/public/car-images/9c35fa96-86e2-4008-9263-33683c595043-IMG_2425.jpeg|https://ujfuxpqefdvwyjjwcpdu.supabase.co/storage/v1/object/public/car-images/f703b664-e94c-4087-96f2-907c5db79993-IMG_2426.jpeg|https://ujfuxpqefdvwyjjwcpdu.supabase.co/storage/v1/object/public/car-images/f9f3f28f-4e11-4377-b94a-ff574dfa9863-IMG_2427.jpeg|https://ujfuxpqefdvwyjjwcpdu.supabase.co/storage/v1/object/public/car-images/e27fc29e-5a9c-41d5-bc02-c321d7f36895-IMG_2428.jpeg|https://ujfuxpqefdvwyjjwcpdu.supabase.co/storage/v1/object/public/car-images/6f6bc3b1-ec78-4c78-87af-60955770ef93-IMG_2429.jpeg|https://ujfuxpqefdvwyjjwcpdu.supabase.co/storage/v1/object/public/car-images/04003a7f-d186-47f5-9b25-b8e399b3092d-IMG_2430.jpeg,90-Day Warranty,false,false
2018,Honda ,Civic LX Hatchback,LX Hatchback 4D,Hatchback,5000,600,77000,Excellent,Gasoline,Automatic,,Black,Black,SHHFK7H29JU401101,"This 2018 Honda Civic LX Hatchback is a top pick for those who want style, reliability, and great gas mileage. With only 77,000 miles, this Civic runs and drives flawlessly. The turbocharged 1.5L engine gives it a fun, responsive feel while still being very efficient on fuel.

The interior is super clean, and everything works as it should. Perfect for a daily driver, first-time buyer, or anyone looking for a dependable and sporty ride.

It carries a rebuilt title — VIN is posted for full transparency — but has been fully repaired and inspected. Financing is available.",Title: Rebuilt|Engine: 1.5L I4 Turbocharged – smooth and fuel-efficient|Fuel Type: Gasoline|Seats: 5|Safety Rating: ⭐ 5/5 NHTSA|Number of Owners: 1|Paid Off: ✅ Yes|Turbocharged 1.5L Engine – sporty and excellent on gas|Hatchback Design – sleek styling with extra cargo space|Touchscreen Infotainment Display – easy access to media and settings|Bluetooth® Connectivity & USB Ports – hands-free convenience|Backup Camera – safer and easier parking|Power Windows & Locks – modern convenience|Comfortable Cloth Interior – clean and well-maintained|Alloy Wheels & LED Headlights – sporty appearance|Excellent Fuel Economy – affordable to drive and maintain|Cold A/C & Strong Heater – ready for any season|Smooth Ride & Tight Handling – drives perfectly,https://ujfuxpqefdvwyjjwcpdu.supabase.co/storage/v1/object/public/car-images/936a30d1-ec55-48f7-b6cd-45a745a7aab1-IMG_2437.jpeg|https://ujfuxpqefdvwyjjwcpdu.supabase.co/storage/v1/object/public/car-images/f5262192-81d3-464d-acfc-01a5bcb4745b-IMG_2438.jpeg|https://ujfuxpqefdvwyjjwcpdu.supabase.co/storage/v1/object/public/car-images/a7445954-11d6-403d-b443-c231399b4585-IMG_2439.jpeg|https://ujfuxpqefdvwyjjwcpdu.supabase.co/storage/v1/object/public/car-images/5db72788-3e58-43f9-bd14-b900fd2cdd44-IMG_2440.jpeg|https://ujfuxpqefdvwyjjwcpdu.supabase.co/storage/v1/object/public/car-images/193dc1ca-9ba4-4f04-ba8a-2d70aafd1052-IMG_2441.jpeg|https://ujfuxpqefdvwyjjwcpdu.supabase.co/storage/v1/object/public/car-images/59d3148e-ac5c-49ce-a5d8-0bdf1dcea638-IMG_2442.jpeg|https://ujfuxpqefdvwyjjwcpdu.supabase.co/storage/v1/object/public/car-images/35b7a6bb-c3cb-4f57-bae7-b6be5128e649-IMG_2443.jpeg|https://ujfuxpqefdvwyjjwcpdu.supabase.co/storage/v1/object/public/car-images/48642829-277b-4fe3-851c-e9a6eda2d609-IMG_2446.jpeg|https://ujfuxpqefdvwyjjwcpdu.supabase.co/storage/v1/object/public/car-images/42670564-cc87-4242-9984-6c183e2331fc-IMG_2445.jpeg|https://ujfuxpqefdvwyjjwcpdu.supabase.co/storage/v1/object/public/car-images/99a218d3-74a1-482b-9619-5a373c08a132-IMG_2444.jpeg|https://ujfuxpqefdvwyjjwcpdu.supabase.co/storage/v1/object/public/car-images/9c308cb6-ad9a-4eb2-a597-76f71b527a42-IMG_2449.jpeg|https://ujfuxpqefdvwyjjwcpdu.supabase.co/storage/v1/object/public/car-images/3e0197e0-b330-45ea-920f-96d64b21539c-IMG_2448.jpeg|https://ujfuxpqefdvwyjjwcpdu.supabase.co/storage/v1/object/public/car-images/6b247bc8-7aa8-4a34-92c8-69dd1e17234b-IMG_2447.jpeg|https://ujfuxpqefdvwyjjwcpdu.supabase.co/storage/v1/object/public/car-images/779c1a28-5573-40a3-a00a-0786c82167d8-IMG_2450.jpeg|https://ujfuxpqefdvwyjjwcpdu.supabase.co/storage/v1/object/public/car-images/5d4eeccd-8129-4bed-ac8b-393df27e32a8-IMG_2451.jpeg|https://ujfuxpqefdvwyjjwcpdu.supabase.co/storage/v1/object/public/car-images/2ba9eeac-7169-4776-a5f1-5f9ee1594963-IMG_2452.jpeg,90-Day Warranty,false,false
2021,Honda, Accord Sport 1.5,Sport Sedan 4D,,7000,800,65000,Excellent,Gasoline,Automatic,,Red,Black,1HGCV1F35MA081990,"This 2021 Honda Accord Sport 1.5 is the perfect blend of performance, comfort, and dependability. With its turbocharged engine, sport trim, and just 65K miles, this sedan drives smooth and feels solid on the road.

It comes with a rebuilt title but has been fully repaired and inspected. Everything works perfectly—making it a smart buy for someone who wants a clean, modern, and sporty ride without paying dealership prices.",Title: Rebuilt|Engine: 1.5L Turbocharged I4 – smooth|powerful|and efficient|Fuel Type: Gasoline|Number of Owners: 1|Paid Off: ✅ Yes|1.5L Turbo Engine – sporty performance with great MPG|Sport Trim Package – aggressive styling and upgraded interior|Push Button Start & Keyless Entry – modern convenience|Touchscreen Infotainment System – sleek and easy to use|Apple CarPlay® & Android Auto™ – seamless smartphone connection|Backup Camera – safer and easier parking|Bluetooth® Connectivity & USB Ports – hands-free driving|Dual-Zone Automatic Climate Control – personalized comfort|Power Driver Seat & Sport Pedals – sporty feel|Alloy Wheels & LED Headlights – bold exterior look|Cold A/C & Strong Heater – ready for any season|Smooth Handling & Comfortable Ride – Honda reliability,https://ujfuxpqefdvwyjjwcpdu.supabase.co/storage/v1/object/public/car-images/6721e2b9-8106-4399-9910-e97cdd0a9eb0-IMG_2628.jpeg|https://ujfuxpqefdvwyjjwcpdu.supabase.co/storage/v1/object/public/car-images/4e2088f5-4295-4a88-971a-8d0efbe71520-IMG_2626.jpeg|https://ujfuxpqefdvwyjjwcpdu.supabase.co/storage/v1/object/public/car-images/ec7d0983-f05e-4c85-8624-38c3485ad439-IMG_2625.jpeg|https://ujfuxpqefdvwyjjwcpdu.supabase.co/storage/v1/object/public/car-images/7b6c53e3-f262-43ec-9ace-d01ae213a35c-IMG_2627.jpeg|https://ujfuxpqefdvwyjjwcpdu.supabase.co/storage/v1/object/public/car-images/e56730cc-481f-4745-a038-3b0aa5a3348b-IMG_2622.jpeg|https://ujfuxpqefdvwyjjwcpdu.supabase.co/storage/v1/object/public/car-images/d2e35e06-94df-48f2-a16c-bcd73b878f74-IMG_2618.jpeg|https://ujfuxpqefdvwyjjwcpdu.supabase.co/storage/v1/object/public/car-images/3f344ae8-2499-4b00-8dcb-92f7dcc250bb-IMG_2620.jpeg|https://ujfuxpqefdvwyjjwcpdu.supabase.co/storage/v1/object/public/car-images/49581ce2-d184-49af-8dec-9da5158a1e06-IMG_2616.jpeg|https://ujfuxpqefdvwyjjwcpdu.supabase.co/storage/v1/object/public/car-images/ed96cf67-b413-428d-93e8-b7ea27c70254-IMG_2612.jpeg|https://ujfuxpqefdvwyjjwcpdu.supabase.co/storage/v1/object/public/car-images/766aeb67-e02d-46f6-bf9f-f2a7dee04732-IMG_2613.jpeg|https://ujfuxpqefdvwyjjwcpdu.supabase.co/storage/v1/object/public/car-images/8f5dca6d-0e6e-4782-914d-5aecd47bf3be-IMG_2611.jpeg|https://ujfuxpqefdvwyjjwcpdu.supabase.co/storage/v1/object/public/car-images/35930bfe-6894-40e0-ab2d-64e201f2ee27-IMG_2615.jpeg|https://ujfuxpqefdvwyjjwcpdu.supabase.co/storage/v1/object/public/car-images/a9502733-fe72-4e9f-a767-9ed506b89c47-IMG_2614.jpeg|https://ujfuxpqefdvwyjjwcpdu.supabase.co/storage/v1/object/public/car-images/6f8bbef7-79ad-47d7-9b20-b9f69016a2ba-IMG_2619.jpeg|https://ujfuxpqefdvwyjjwcpdu.supabase.co/storage/v1/object/public/car-images/2719c971-456e-4f55-830b-03bd03218003-IMG_2621.jpeg|https://ujfuxpqefdvwyjjwcpdu.supabase.co/storage/v1/object/public/car-images/395cc569-fcbc-4678-8c71-cdbe0dc224ec-IMG_2623.jpeg|https://ujfuxpqefdvwyjjwcpdu.supabase.co/storage/v1/object/public/car-images/b07feed7-7253-4d4b-83a9-77859e2aec84-IMG_2617.jpeg|https://ujfuxpqefdvwyjjwcpdu.supabase.co/storage/v1/object/public/car-images/38ff5825-58cf-4e22-889e-c5280529e6af-IMG_2624.jpeg,90-Day Warranty,false,false
2021,KIA ,K5 GT-LINE,,,8000,700,58000,Excellent,Gasoline,Automatic,,,,,"The 2021 Kia K5 GT-Line delivers a perfect mix of sportiness, comfort, and advanced technology — offering premium quality at an affordable price. With its sleek exterior design and bold red interior, this model stands out wherever you go. It’s powered by a fuel-efficient engine paired with a smooth automatic transmission, ensuring a confident and enjoyable drive every time.

This particular K5 has only 58,000 miles and comes with a rebuilt title, meaning it’s been professionally restored and inspected to meet all road-worthy standards. The car runs perfectly, with no mechanical or performance issues, and is ready for its next owner.

Financing & Purchase Options

Flexible financing is available — no credit check required. You only need to provide a valid ID and make the required down payment.
💰 Monthly payments start as low as $300–$1,000, depending on your budget.
Nationwide shipping and delivery options are available at affordable rates.",Push-to-start ignition|Backup camera|Sport-tuned suspension|Dual-zone climate control|Apple CarPlay & Android Auto|Leather-wrapped steering wheel|LED headlights & fog lights|Alloy wheels,https://ujfuxpqefdvwyjjwcpdu.supabase.co/storage/v1/object/public/car-images/a87ba025-6bdb-43d8-a2f4-e5bb658896a9-IMG_2709.jpeg|https://ujfuxpqefdvwyjjwcpdu.supabase.co/storage/v1/object/public/car-images/3fb4bead-3950-4c14-9b5f-efad2fbc7d63-IMG_2708.jpeg|https://ujfuxpqefdvwyjjwcpdu.supabase.co/storage/v1/object/public/car-images/da67a34b-4833-4c8d-80d9-002b696826c3-IMG_2707.jpeg|https://ujfuxpqefdvwyjjwcpdu.supabase.co/storage/v1/object/public/car-images/c7246260-1746-4226-95ee-95586a4534df-IMG_2704.jpeg|https://ujfuxpqefdvwyjjwcpdu.supabase.co/storage/v1/object/public/car-images/e3cc8cbb-d42e-4d0e-b7c3-93a443ae5d1b-IMG_2705.jpeg|https://ujfuxpqefdvwyjjwcpdu.supabase.co/storage/v1/object/public/car-images/dfb05201-836a-4ff0-bd92-6020a8f05bfd-IMG_2700.jpeg|https://ujfuxpqefdvwyjjwcpdu.supabase.co/storage/v1/object/public/car-images/316ea17f-2299-40dc-80a8-0c03675766dc-IMG_2699.jpeg|https://ujfuxpqefdvwyjjwcpdu.supabase.co/storage/v1/object/public/car-images/992138e8-9e27-4451-af58-6cf20c0cd16b-IMG_2698.jpeg|https://ujfuxpqefdvwyjjwcpdu.supabase.co/storage/v1/object/public/car-images/5f16b26b-ceea-4dac-a3e0-99d8e7e55bd8-IMG_2697.jpeg|https://ujfuxpqefdvwyjjwcpdu.supabase.co/storage/v1/object/public/car-images/f40c8b2f-2d72-4219-8b34-cbfe8c39ed76-IMG_2693.jpeg|https://ujfuxpqefdvwyjjwcpdu.supabase.co/storage/v1/object/public/car-images/99afb1d2-d963-486d-ad0c-7331ab767678-IMG_2692.jpeg|https://ujfuxpqefdvwyjjwcpdu.supabase.co/storage/v1/object/public/car-images/f23b7382-8075-491e-b4c9-9673f47b7704-IMG_2691.jpeg|https://ujfuxpqefdvwyjjwcpdu.supabase.co/storage/v1/object/public/car-images/256021e2-0fbe-481d-a866-e169ef72a9a2-IMG_2695.jpeg|https://ujfuxpqefdvwyjjwcpdu.supabase.co/storage/v1/object/public/car-images/cd352a6a-d88e-4bcc-bb9e-2a702c9279db-IMG_2696.jpeg|https://ujfuxpqefdvwyjjwcpdu.supabase.co/storage/v1/object/public/car-images/d3c523a0-bd66-4d7c-bf62-6da0c864a8df-IMG_2694.jpeg|https://ujfuxpqefdvwyjjwcpdu.supabase.co/storage/v1/object/public/car-images/d23b7ced-8dfa-4fbd-bf56-0c3fe2b470aa-IMG_2701.jpeg|https://ujfuxpqefdvwyjjwcpdu.supabase.co/storage/v1/object/public/car-images/4a49b4ee-c6a4-4a01-bd74-e8b26666cc6b-IMG_2702.jpeg|https://ujfuxpqefdvwyjjwcpdu.supabase.co/storage/v1/object/public/car-images/d114195d-a802-4b29-9fad-33e731a91106-IMG_2703.jpeg|https://ujfuxpqefdvwyjjwcpdu.supabase.co/storage/v1/object/public/car-images/49b6a254-282b-4157-b150-b06ce85f0183-IMG_2706.jpeg,90-Day Warranty,false,false
2021,Hyundai Sonata,Limited 1.6T,,,6800,800,58000,Excellent,Gasoline,Automatic,,,,,"The 2021 Hyundai Sonata Limited 1.6T combines modern design, advanced safety, and luxurious comfort — all in one stylish sedan. Powered by a turbocharged 1.6L engine, it delivers a smooth yet efficient performance, perfect for daily commuting or long drives.

With only 58,000 miles, this Sonata has been well-maintained and fully restored with a rebuilt title, meaning it has passed all inspections and is road-ready. Its silver exterior and premium black leather interior give it a clean, professional look that feels like new.

Financing & Payment Options

✅ No credit check required
✅ Guaranteed approval with valid ID
✅ Down payment starts at $800
✅ Monthly payments from $300–$1,000 based on your budget
✅ Nationwide delivery available at low rates

Why Choose Jerry’s Auto

We specialize in clean, reliable, and affordable vehicles each one inspected for performance and safety. Our financing is simple, flexible, and stress-free, so you can drive away with confidence.",Turbocharged 1.6L Engine|Panoramic Sunroof|Smart Cruise Control|Blind-Spot Monitoring|Heated & Ventilated Front Seats|Large Touchscreen Display|Apple CarPlay & Android Auto|Rear-View Camera|Keyless Entry & Push Start,https://ujfuxpqefdvwyjjwcpdu.supabase.co/storage/v1/object/public/car-images/3cfdba56-10a8-4907-ad63-dcff2e576c84-IMG_2714.jpeg|https://ujfuxpqefdvwyjjwcpdu.supabase.co/storage/v1/object/public/car-images/cb066a72-506a-4216-9152-c9d2155e81c2-IMG_2713.jpeg|https://ujfuxpqefdvwyjjwcpdu.supabase.co/storage/v1/object/public/car-images/bd3e7f66-177d-4505-acd9-b11473a9c376-IMG_2715.jpeg|https://ujfuxpqefdvwyjjwcpdu.supabase.co/storage/v1/object/public/car-images/daab9a75-1f4c-4828-a112-af4ec373fb8a-IMG_2716.jpeg|https://ujfuxpqefdvwyjjwcpdu.supabase.co/storage/v1/object/public/car-images/70e370f6-3f2e-4a3e-8dd3-6f494aa17d89-IMG_2717.jpeg|https://ujfuxpqefdvwyjjwcpdu.supabase.co/storage/v1/object/public/car-images/57c9efba-43bd-41c0-845a-29c569fb77fd-IMG_2718.jpeg|https://ujfuxpqefdvwyjjwcpdu.supabase.co/storage/v1/object/public/car-images/a29dd38c-cf61-4f3a-bc82-5e75bcfaad32-IMG_2719.jpeg|https://ujfuxpqefdvwyjjwcpdu.supabase.co/storage/v1/object/public/car-images/c1ff40cc-9686-48f2-b768-fc5ef186ec87-IMG_2720.jpeg|https://ujfuxpqefdvwyjjwcpdu.supabase.co/storage/v1/object/public/car-images/9aabb419-1f0a-4d75-9ba1-89b60e77c596-IMG_2721.jpeg|https://ujfuxpqefdvwyjjwcpdu.supabase.co/storage/v1/object/public/car-images/162f2121-f90f-4723-8a81-987a40067123-IMG_2722.jpeg|https://ujfuxpqefdvwyjjwcpdu.supabase.co/storage/v1/object/public/car-images/60487295-8eb6-460f-b463-ac5ab5efaf18-IMG_2725.jpeg|https://ujfuxpqefdvwyjjwcpdu.supabase.co/storage/v1/object/public/car-images/fd5701b3-5364-4ff1-9453-b7506c918dd7-IMG_2728.jpeg|https://ujfuxpqefdvwyjjwcpdu.supabase.co/storage/v1/object/public/car-images/b3da7bae-8688-4b49-b53b-98e7f50e1b0f-IMG_2727.jpeg|https://ujfuxpqefdvwyjjwcpdu.supabase.co/storage/v1/object/public/car-images/482f777d-bfc2-468c-9d04-5360f665e8be-IMG_2726.jpeg|https://ujfuxpqefdvwyjjwcpdu.supabase.co/storage/v1/object/public/car-images/79d13d0b-d5ce-4ad7-8b20-ed0aaa18b065-IMG_2724.jpeg|https://ujfuxpqefdvwyjjwcpdu.supabase.co/storage/v1/object/public/car-images/61cc6c99-bdff-48bc-bbeb-bf0153a9c95b-IMG_2723.jpeg,90-Day Warranty,false,false
2022,Honda,Civic Sport,,,7000,800,39000,Excellent,Gasoline,Automatic,,,,,"The 2022 Honda Civic Sport blends performance, comfort, and modern technology in one of the most trusted compact sedans on the market. With its sleek white finish and stylish black interior, this Civic stands out for its clean look and sporty attitude.

Powered by a fuel-efficient yet responsive engine, it offers a smooth drive and excellent handling perfect for both city commuting and highway cruising. This unit comes with a rebuilt title, meaning it has been fully inspected, professionally restored, and cleared for everyday use.

Financing & Purchase Options

💰 Down Payment: $800
💳 Monthly Payments: $300–$1,000 (based on your budget)
✅ No credit check required — approval guaranteed with valid ID
🚗 Nationwide delivery available at affordable shipping rates

Why Choose Jerry’s Auto

At Jerry’s Auto, every vehicle is carefully inspected and sold with honesty and transparency. Whether you’re financing or buying outright, we make the process smooth, secure, and fast.",2.0L 4-Cylinder Engine|Sport-Tuned Suspension|18” Alloy Wheels|Backup Camera & Lane Assist|Apple CarPlay / Android Auto|Push-to-Start & Keyless Entry|LED Headlights & Daytime Running Lights|Cloth-Trimmed Sport Interior|Cruise Control & Bluetooth Connectivity,https://ujfuxpqefdvwyjjwcpdu.supabase.co/storage/v1/object/public/car-images/d31ab40e-c3af-4b02-820d-b9164a0263cb-IMG_2748.jpeg|https://ujfuxpqefdvwyjjwcpdu.supabase.co/storage/v1/object/public/car-images/6506482a-c298-40c7-b097-0e742a313e1c-IMG_2746.jpeg|https://ujfuxpqefdvwyjjwcpdu.supabase.co/storage/v1/object/public/car-images/232601b2-09e5-4c89-a800-68a0eba48789-IMG_2745.jpeg|https://ujfuxpqefdvwyjjwcpdu.supabase.co/storage/v1/object/public/car-images/1f48fc96-5586-460f-bcc8-4aa5fb2c0e0e-IMG_2747.jpeg|https://ujfuxpqefdvwyjjwcpdu.supabase.co/storage/v1/object/public/car-images/9e832ff0-b13c-43cb-8907-b82611b27cf2-IMG_2741.jpeg|https://ujfuxpqefdvwyjjwcpdu.supabase.co/storage/v1/object/public/car-images/270a2cf4-cda0-42d4-820a-98a712a2e505-IMG_2740.jpeg|https://ujfuxpqefdvwyjjwcpdu.supabase.co/storage/v1/object/public/car-images/55e7b366-f99c-4f92-b1a4-6ba60649cf77-IMG_2739.jpeg|https://ujfuxpqefdvwyjjwcpdu.supabase.co/storage/v1/object/public/car-images/5baf0f31-5167-416e-a3de-730fe01b45ae-IMG_2738.jpeg|https://ujfuxpqefdvwyjjwcpdu.supabase.co/storage/v1/object/public/car-images/8dad67c8-2f15-45ff-ab3e-7faa0cce8ca1-IMG_2737.jpeg|https://ujfuxpqefdvwyjjwcpdu.supabase.co/storage/v1/object/public/car-images/7f83205c-1acd-48cf-b2e8-2d48f7330b87-IMG_2730.jpeg|https://ujfuxpqefdvwyjjwcpdu.supabase.co/storage/v1/object/public/car-images/34bcecbc-1d6d-410b-8a69-5b2e46a0960d-IMG_2733.jpeg|https://ujfuxpqefdvwyjjwcpdu.supabase.co/storage/v1/object/public/car-images/41331b4a-40c1-45b5-8b75-945f93bd7677-IMG_2731.jpeg|https://ujfuxpqefdvwyjjwcpdu.supabase.co/storage/v1/object/public/car-images/ed9dbc80-4eee-4619-a1fb-a773ba9c41a6-IMG_2732.jpeg|https://ujfuxpqefdvwyjjwcpdu.supabase.co/storage/v1/object/public/car-images/406be58c-ba12-4e67-877b-69697c28a923-IMG_2734.jpeg|https://ujfuxpqefdvwyjjwcpdu.supabase.co/storage/v1/object/public/car-images/b156b4f4-1ee8-4fbd-8616-9de225efa364-IMG_2735.jpeg|https://ujfuxpqefdvwyjjwcpdu.supabase.co/storage/v1/object/public/car-images/7d16d7c0-a00d-42cd-ac1b-42aee354ff4a-IMG_2736.jpeg|https://ujfuxpqefdvwyjjwcpdu.supabase.co/storage/v1/object/public/car-images/8056dd29-b4c0-4d3a-ae33-f27a7b44b946-IMG_2742.jpeg|https://ujfuxpqefdvwyjjwcpdu.supabase.co/storage/v1/object/public/car-images/da351703-ceeb-4816-975a-54f263e2f970-IMG_2744.jpeg|https://ujfuxpqefdvwyjjwcpdu.supabase.co/storage/v1/object/public/car-images/a26806c4-4fd9-43d7-8589-84d92958497a-IMG_2743.jpeg,90-Day Warranty,false,false
2023,Toyota,Camry XLE Hybrid ,XLE Sedan 4D,,10000,800,62000,Excellent,Gasoline,Automatic,,Silver,Silver,4T1F31AK6PU608742,"Experience efficiency, comfort, and luxury in this 2023 Toyota Camry XLE Hybrid — a sedan designed for those who want performance without sacrificing fuel economy. With its sleek silver exterior and matching premium silver interior, this Camry offers a sophisticated, executive look inside and out.

Powered by Toyota’s proven Hybrid Synergy Drive, it delivers smooth acceleration, impressive gas mileage, and reliability you can trust. With just 62,000 miles, this vehicle drives like new and has been carefully restored to meet all safety and performance standards under its rebuilt title.

Why Choose Jerry’s Auto

At Jerry’s Auto, every vehicle is inspected, restored, and sold with transparency. We specialize in quality rebuilt-title vehicles that look and drive like new — offering customers unbeatable prices, fast approval, and friendly service you can trust.",Title: Rebuilt|Fuel Type: Hybrid (Gas/Electric)|Number of Owners: 1|Vehicle Status: Paid Off|2.5L 4-Cylinder Hybrid Engine|Excellent Fuel Economy|Heated Leather Seats|Apple CarPlay & Android Auto|Smart Key with Push-Button Start|Dual-Zone Automatic Climate Control|Blind Spot Monitor & Rear Cross-Traffic Alert|Backup Camera|LED Headlights & Daytime Running Lights|Alloy Wheels,https://ujfuxpqefdvwyjjwcpdu.supabase.co/storage/v1/object/public/car-images/bcce6b10-0c8b-4829-b5b6-31aba3a1d169-IMG_2815.jpeg|https://ujfuxpqefdvwyjjwcpdu.supabase.co/storage/v1/object/public/car-images/735c95d2-da73-4271-bdf3-7bf0c6982143-IMG_2814.jpeg|https://ujfuxpqefdvwyjjwcpdu.supabase.co/storage/v1/object/public/car-images/7d872514-de94-4bf8-974d-091aae7bdf08-IMG_2817.jpeg|https://ujfuxpqefdvwyjjwcpdu.supabase.co/storage/v1/object/public/car-images/36fe1c77-a09a-4a78-aefc-4974b07693dd-IMG_2818.jpeg|https://ujfuxpqefdvwyjjwcpdu.supabase.co/storage/v1/object/public/car-images/100c9b7b-c4e2-4743-94ad-8c9f3456125a-IMG_2819.jpeg|https://ujfuxpqefdvwyjjwcpdu.supabase.co/storage/v1/object/public/car-images/0cee7cfb-74ed-4b97-b92b-15a76cd9b546-IMG_2823.jpeg|https://ujfuxpqefdvwyjjwcpdu.supabase.co/storage/v1/object/public/car-images/30ccfece-561b-4964-a9a0-c0d26f0d7d82-IMG_2822.jpeg|https://ujfuxpqefdvwyjjwcpdu.supabase.co/storage/v1/object/public/car-images/217fe7e3-ca92-48a1-9bec-0bab077544c3-IMG_2821.jpeg|https://ujfuxpqefdvwyjjwcpdu.supabase.co/storage/v1/object/public/car-images/128ab82f-8ab9-49d4-b4db-ccf365c7d0ee-IMG_2824.jpeg|https://ujfuxpqefdvwyjjwcpdu.supabase.co/storage/v1/object/public/car-images/bcbf4b75-df8d-4cee-b6a8-96a4af587e0f-IMG_2828.jpeg|https://ujfuxpqefdvwyjjwcpdu.supabase.co/storage/v1/object/public/car-images/095c8e14-c774-417e-ab26-3fa24acf8689-IMG_2830.jpeg|https://ujfuxpqefdvwyjjwcpdu.supabase.co/storage/v1/object/public/car-images/37837d27-a067-4e83-9e1a-f803f0d7151b-IMG_2816.jpeg|https://ujfuxpqefdvwyjjwcpdu.supabase.co/storage/v1/object/public/car-images/b8835107-cd66-47dd-823a-0ae027861663-IMG_2820.jpeg|https://ujfuxpqefdvwyjjwcpdu.supabase.co/storage/v1/object/public/car-images/2d8cfedd-638e-458d-9b78-2ad6a4a6bc3d-IMG_2825.jpeg|https://ujfuxpqefdvwyjjwcpdu.supabase.co/storage/v1/object/public/car-images/179f4f84-d6b2-4c46-97cc-c21eabda1a6e-IMG_2826.jpeg|https://ujfuxpqefdvwyjjwcpdu.supabase.co/storage/v1/object/public/car-images/f7289c01-06fc-4d0f-9007-feec2975c9b6-IMG_2827.jpeg|https://ujfuxpqefdvwyjjwcpdu.supabase.co/storage/v1/object/public/car-images/ca02544e-6cd0-40b1-b829-6b3619d120c0-IMG_2829.jpeg,90-Day Warranty,false,false
2024,Honda,Camry SE Nightshade Edition,SE Nightshade Edition Sedan 4D,,7000,800,28000,Excellent,Gasoline,Automatic,,Black,Black,4T1G11AK8RU848307,"The 2024 Toyota Camry SE Nightshade Edition delivers aggressive styling, smooth performance, and Toyota’s unbeatable reliability. With its black-on-black finish, bronze 19” alloy wheels, and sport-tuned suspension, this Camry makes a bold statement on the road while providing a comfortable and refined ride.

Driven only 28,000 miles, it’s practically new — offering you luxury, sportiness, and long-term dependability at an affordable price. This model is well maintained and fully paid off, ready for its next proud owner.

Why Choose Jerry’s Auto

At Jerry’s Auto, we bring reliability, affordability, and honesty together. Each vehicle is hand-picked, inspected, and ready for the road. We make car ownership simple — with low down payments, easy financing, and nationwide delivery.",Fuel Type: Gasoline|Number of Owners: 1|Vehicle Status: Paid Off|Title: Clean / Rebuilt (if needed|specify Rebuilt)|2.5L 4-Cylinder Engine|Sport-Tuned Suspension|19” Bronze Alloy Wheels|Apple CarPlay & Android Auto|Backup Camera & Blind Spot Monitor|Dual-Zone Climate Control|Push-to-Start Ignition|Premium Black Interior|LED Headlights & Fog Lights|Toyota Safety Sense 2.5+,https://ujfuxpqefdvwyjjwcpdu.supabase.co/storage/v1/object/public/car-images/da4576b0-1bd4-4055-a556-c959954d22f4-IMG_2843.jpeg|https://ujfuxpqefdvwyjjwcpdu.supabase.co/storage/v1/object/public/car-images/9546c635-466c-48f1-a20d-a5511984b64c-IMG_2842.jpeg|https://ujfuxpqefdvwyjjwcpdu.supabase.co/storage/v1/object/public/car-images/30580d53-f569-4d65-a9d1-e9ef1be73d42-IMG_2844.jpeg|https://ujfuxpqefdvwyjjwcpdu.supabase.co/storage/v1/object/public/car-images/d3e0c43b-3c80-49f4-b695-9e408e34b050-IMG_2846.jpeg|https://ujfuxpqefdvwyjjwcpdu.supabase.co/storage/v1/object/public/car-images/5959fffa-9e5f-4365-bfce-8fbfa87a5003-IMG_2845.jpeg|https://ujfuxpqefdvwyjjwcpdu.supabase.co/storage/v1/object/public/car-images/b496017f-2a4b-42c0-95aa-85a22f3702cb-IMG_2847.jpeg|https://ujfuxpqefdvwyjjwcpdu.supabase.co/storage/v1/object/public/car-images/dff6f077-840e-4e55-b74e-167218b68214-IMG_2848.jpeg|https://ujfuxpqefdvwyjjwcpdu.supabase.co/storage/v1/object/public/car-images/90026aff-2cfd-4a47-bcd8-c94c8200909e-IMG_2849.jpeg|https://ujfuxpqefdvwyjjwcpdu.supabase.co/storage/v1/object/public/car-images/5525f9b8-44ec-4b65-abff-2ec14d81e816-IMG_2850.jpeg|https://ujfuxpqefdvwyjjwcpdu.supabase.co/storage/v1/object/public/car-images/11fa8335-eb68-40fc-a825-3964a920e49f-IMG_2851.jpeg|https://ujfuxpqefdvwyjjwcpdu.supabase.co/storage/v1/object/public/car-images/3f2c1eb9-2fd5-496d-82c4-0eb6462a25c4-IMG_2852.jpeg|https://ujfuxpqefdvwyjjwcpdu.supabase.co/storage/v1/object/public/car-images/5926094d-8097-423a-8a8a-15f7422f9d07-IMG_2854.jpeg|https://ujfuxpqefdvwyjjwcpdu.supabase.co/storage/v1/object/public/car-images/62200bbf-11e9-418c-b94d-b22cadeb5ed3-IMG_2855.jpeg|https://ujfuxpqefdvwyjjwcpdu.supabase.co/storage/v1/object/public/car-images/c7a51f6e-f995-4f26-8c5e-392531380303-IMG_2853.jpeg|https://ujfuxpqefdvwyjjwcpdu.supabase.co/storage/v1/object/public/car-images/91c21e2f-4527-4209-9f22-7756a9424e9f-IMG_2856.jpeg|https://ujfuxpqefdvwyjjwcpdu.supabase.co/storage/v1/object/public/car-images/26fa74d5-754e-4a27-97cf-04855ca2c1cc-IMG_2857.jpeg|https://ujfuxpqefdvwyjjwcpdu.supabase.co/storage/v1/object/public/car-images/93d065fd-b59f-49d9-bb03-e983a28669f3-IMG_2858.jpeg|https://ujfuxpqefdvwyjjwcpdu.supabase.co/storage/v1/object/public/car-images/a726a5a4-a16e-495d-84ce-b2a35b6afd34-IMG_2860.jpeg,90-Day Warranty,false,false
2020,Chevrolet ,Silverado 1500 Custom,Custom 1500,,15000,1000,46000,Good,Diesel,Automatic,,Red,Black,1GCUYBEF4LZ305150,"The 2020 Chevrolet Silverado 1500 Custom is a rugged and dependable full-size pickup designed to handle work, play, and everything in between. With its bold red exterior, strong presence, and comfortable black interior, this truck combines modern styling with classic Silverado toughness.

Equipped with a powerful V8 engine and smooth automatic transmission, it delivers solid towing capability, strong performance, and a confident driving experience on and off the road. This truck carries a rebuilt title, meaning it has been professionally restored and fully inspected to meet road and safety standards.

With only 46,000 miles, it’s a low-mileage, high-value choice for anyone looking for a reliable truck at a great price.


Why Choose Jerry’s Auto

At Jerry’s Auto, we specialize in high-quality rebuilt-title vehicles that deliver unbeatable value. Every truck is hand-selected, inspected, and restored for reliability and performance. We make buying easy, honest, and stress-free  no dealership games, just great vehicles and straightforward service.",Title: Rebuilt|Fuel Type: Gasoline|Number of Owners: 1|Vehicle Status: Paid Off|5.3L V8 Engine|4x4 Drivetrain|Touchscreen Infotainment System|Bluetooth & Apple CarPlay / Android Auto|Backup Camera|Keyless Entry & Power Locks|Alloy Wheels|Towing Package|Crew Cab with Spacious Interior|Excellent Condition – Runs & Drives Smooth,https://ujfuxpqefdvwyjjwcpdu.supabase.co/storage/v1/object/public/car-images/304c2de7-aacc-4b64-ae7b-9089541d341d-IMG_2885.jpeg|https://ujfuxpqefdvwyjjwcpdu.supabase.co/storage/v1/object/public/car-images/cdabc14f-9b7b-4f45-895d-645d38006d40-IMG_2886.jpeg|https://ujfuxpqefdvwyjjwcpdu.supabase.co/storage/v1/object/public/car-images/7ad623bc-0251-4bb7-81dc-7cffabd9c722-IMG_2887.jpeg|https://ujfuxpqefdvwyjjwcpdu.supabase.co/storage/v1/object/public/car-images/95cb1c66-a8f3-4de4-a9e2-de49e04cc00d-IMG_2884.jpeg|https://ujfuxpqefdvwyjjwcpdu.supabase.co/storage/v1/object/public/car-images/ab3d5c80-5761-428d-bcdb-b2f60f9c5c17-IMG_2883.jpeg|https://ujfuxpqefdvwyjjwcpdu.supabase.co/storage/v1/object/public/car-images/bb417c2e-1196-421c-9278-20fec049d4d6-IMG_2882.jpeg|https://ujfuxpqefdvwyjjwcpdu.supabase.co/storage/v1/object/public/car-images/39dc1a22-2ec4-47b4-80f6-3b15152b8158-IMG_2878.jpeg|https://ujfuxpqefdvwyjjwcpdu.supabase.co/storage/v1/object/public/car-images/bab1285b-5200-467d-a7e3-7d65e61e756c-IMG_2877.jpeg|https://ujfuxpqefdvwyjjwcpdu.supabase.co/storage/v1/object/public/car-images/03566a35-e515-415b-9d33-8e2b8e555f36-IMG_2875.jpeg|https://ujfuxpqefdvwyjjwcpdu.supabase.co/storage/v1/object/public/car-images/1f3d15f7-4203-49b2-8367-b94995d120c0-IMG_2876.jpeg|https://ujfuxpqefdvwyjjwcpdu.supabase.co/storage/v1/object/public/car-images/b501c6c8-7cae-40cb-a6f7-5c7479c3c3ff-IMG_2870.jpeg|https://ujfuxpqefdvwyjjwcpdu.supabase.co/storage/v1/object/public/car-images/6328d275-1648-4c99-b259-576557aa19db-IMG_2869.jpeg|https://ujfuxpqefdvwyjjwcpdu.supabase.co/storage/v1/object/public/car-images/ef630ff4-dda1-4aef-b44c-eafc098b5c74-IMG_2871.jpeg|https://ujfuxpqefdvwyjjwcpdu.supabase.co/storage/v1/object/public/car-images/03e36623-19d7-4f30-9172-f3a09f514009-IMG_2873.jpeg|https://ujfuxpqefdvwyjjwcpdu.supabase.co/storage/v1/object/public/car-images/bc4dc628-627d-4cf0-b1ac-770e17cc7a3c-IMG_2874.jpeg|https://ujfuxpqefdvwyjjwcpdu.supabase.co/storage/v1/object/public/car-images/a35c9dd0-e115-4b3c-9957-2a48c622991a-IMG_2872.jpeg|https://ujfuxpqefdvwyjjwcpdu.supabase.co/storage/v1/object/public/car-images/6a438c7c-3fe8-4e42-8295-1dd41c614410-IMG_2879.jpeg|https://ujfuxpqefdvwyjjwcpdu.supabase.co/storage/v1/object/public/car-images/2833d569-9c9d-4a9e-a58a-0dec967d5d5a-IMG_2880.jpeg|https://ujfuxpqefdvwyjjwcpdu.supabase.co/storage/v1/object/public/car-images/5fd8b3d3-f0d5-4504-af47-01bae54ca70b-IMG_2881.jpeg,90-Day Warranty,false,false
2022,Honda,Civic Sport,Sport Sedan 4D,,8000,800,49000,Excellent,Gasoline,Automatic,,Grey,Black,2HGFE2F57NH606443,"The 2022 Honda Civic Sport delivers the perfect balance of modern design, sporty performance, and Honda’s legendary reliability. With its sleek grey exterior and stylish black interior, this sedan looks sharp, feels premium, and drives beautifully.

Powered by a responsive 2.0L 4-cylinder engine, it offers smooth acceleration, great fuel efficiency, and an enjoyable ride every time. With only 49,000 miles, this Civic has plenty of life ahead and has been carefully restored to meet full road and safety standards under its rebuilt title making it a smart buy for anyone looking for a dependable, sporty car without the high price tag.
At Jerry’s Auto, we focus on honesty, transparency, and quality. Every vehicle is fully inspected and restored for performance and safety. We offer flexible financing, no credit checks, and nationwide delivery, so you can buy confidently wherever you are.",Title: Rebuilt|Number of Owners: 1|Vehicle Status: Paid Off|2.0L 4-Cylinder Engine|Apple CarPlay & Android Auto|Backup Camera & Lane Assist|Push-to-Start & Keyless Entry|LED Headlights & Fog Lights|Cloth Sport Interior|18” Alloy Wheels|Adaptive Cruise Control|Bluetooth Audio & USB Ports,https://ujfuxpqefdvwyjjwcpdu.supabase.co/storage/v1/object/public/car-images/99ebfe02-201c-45cb-beb5-e63119d0b4a6-IMG_2922.jpeg|https://ujfuxpqefdvwyjjwcpdu.supabase.co/storage/v1/object/public/car-images/36ccb206-b506-4170-bf8e-34378e05ebbe-IMG_2921.jpeg|https://ujfuxpqefdvwyjjwcpdu.supabase.co/storage/v1/object/public/car-images/c8c450ad-74bd-4211-98fb-6a8b2c9a8499-IMG_2923.jpeg|https://ujfuxpqefdvwyjjwcpdu.supabase.co/storage/v1/object/public/car-images/54ceb9f0-eb28-4cbb-9b8c-f8583d368179-IMG_2920.jpeg|https://ujfuxpqefdvwyjjwcpdu.supabase.co/storage/v1/object/public/car-images/b95d7d38-c9ca-4b24-9797-383fe626266b-IMG_2917.jpeg|https://ujfuxpqefdvwyjjwcpdu.supabase.co/storage/v1/object/public/car-images/0280977d-1a93-4333-9aea-3f71a6c68f46-IMG_2914.jpeg|https://ujfuxpqefdvwyjjwcpdu.supabase.co/storage/v1/object/public/car-images/4ed4b697-994e-4d5c-a4ab-3d9f7ea34b20-IMG_2913.jpeg|https://ujfuxpqefdvwyjjwcpdu.supabase.co/storage/v1/object/public/car-images/c73f0f74-a943-4c8b-afa2-b9c7ead69094-IMG_2912.jpeg|https://ujfuxpqefdvwyjjwcpdu.supabase.co/storage/v1/object/public/car-images/10d1f7b4-f788-4c2c-8a6a-afd710e7db5d-IMG_2911.jpeg|https://ujfuxpqefdvwyjjwcpdu.supabase.co/storage/v1/object/public/car-images/5052293a-c27e-4c88-ac46-b2a921a81ba1-IMG_2908.jpeg|https://ujfuxpqefdvwyjjwcpdu.supabase.co/storage/v1/object/public/car-images/6c7e55e8-e326-4d1e-8c62-3ffa2f4881c3-IMG_2906.jpeg|https://ujfuxpqefdvwyjjwcpdu.supabase.co/storage/v1/object/public/car-images/e50cb50a-a9ec-44fa-a19a-b0dee14b1c79-IMG_2905.jpeg|https://ujfuxpqefdvwyjjwcpdu.supabase.co/storage/v1/object/public/car-images/ef55a6cf-ca10-47ee-ab76-43300fe8c366-IMG_2907.jpeg|https://ujfuxpqefdvwyjjwcpdu.supabase.co/storage/v1/object/public/car-images/1e5f86d7-edda-4c2f-96ba-f5d0ba71238d-IMG_2909.jpeg|https://ujfuxpqefdvwyjjwcpdu.supabase.co/storage/v1/object/public/car-images/c4638028-ba9a-4d4a-9fe1-34cdddba1b26-IMG_2910.jpeg|https://ujfuxpqefdvwyjjwcpdu.supabase.co/storage/v1/object/public/car-images/37bad616-844c-46c6-893c-60f758035ca5-IMG_2915.jpeg|https://ujfuxpqefdvwyjjwcpdu.supabase.co/storage/v1/object/public/car-images/0ce01839-b72a-4481-b2ef-b5757ffefc05-IMG_2916.jpeg|https://ujfuxpqefdvwyjjwcpdu.supabase.co/storage/v1/object/public/car-images/0bd41e38-6476-4739-9d9f-fd57ca024b0a-IMG_2918.jpeg|https://ujfuxpqefdvwyjjwcpdu.supabase.co/storage/v1/object/public/car-images/40e79020-6ee7-4e39-bddd-b39a9e055335-IMG_2919.jpeg,90-Day Warranty,false,false
2018,Honda,Accord LX,LX Sedan 4D,,7000,800,76000,Excellent,Gasoline,Automatic,,White,Grey,1HGCV1F1XJA041334,"The 2018 Honda Accord LX is one of the most trusted sedans in the market known for reliability, comfort, fuel efficiency, and long term value. This particular unit features a clean white exterior with a grey interior, giving it a sharp and modern look.

With 76,000 miles, it has been well-maintained and drives smooth with no issues. The vehicle holds a rebuilt blue title, meaning it has been fully restored and inspected to meet all safety and performance standards.

If you’re looking for a dependable, stylish, and fuel-efficient sedan for everyday use, this Accord is a must-see.

Fuel Efficiency
	•	30 MPG City
	•	38 MPG Highway
	•	33 MPG Combined

Excellent gas saver perfect for commuting or long trips.


Why Choose Jerry’s Auto

At Jerry’s Auto, every vehicle is carefully inspected and restored for quality, reliability, and long-term performance. We offer honest pricing, smooth communication, and fast processing making your car-buying experience simple and stress-free.",Title: Rebuilt (Blue Title)|Engine: 1.5L I4 Turbo|Fuel Type: Gasoline|Seats: 5|Rearview Camera|Lane Departure Warning|Power Windows|Power Locks|Bluetooth Audio|Automatic Climate Control|Push Button Start|Excellent Safety Rating (5/5 NHTSA)|Very Clean Interior & Exterior|Fuel Efficiency|30 MPG City|38 MPG Highway|33 MPG Combined,https://ujfuxpqefdvwyjjwcpdu.supabase.co/storage/v1/object/public/car-images/baaf0380-1fc2-46f2-a163-5881bf8030ab-IMG_3113.jpeg|https://ujfuxpqefdvwyjjwcpdu.supabase.co/storage/v1/object/public/car-images/86de8e7a-0535-4b6c-9ef7-8a565b1d4df5-IMG_3112.jpeg|https://ujfuxpqefdvwyjjwcpdu.supabase.co/storage/v1/object/public/car-images/2d738965-9124-4397-bdc8-75ce684a556b-IMG_3111.jpeg|https://ujfuxpqefdvwyjjwcpdu.supabase.co/storage/v1/object/public/car-images/0529eff7-b039-43fd-abef-fdb069bdbfbf-IMG_3114.jpeg|https://ujfuxpqefdvwyjjwcpdu.supabase.co/storage/v1/object/public/car-images/f771830b-d92c-4e00-a945-a6be6f07d9a8-IMG_3115.jpeg|https://ujfuxpqefdvwyjjwcpdu.supabase.co/storage/v1/object/public/car-images/f196a956-1e75-4f6c-8189-c8a154d95cb1-IMG_3116.jpeg|https://ujfuxpqefdvwyjjwcpdu.supabase.co/storage/v1/object/public/car-images/4ef6353c-1d7a-4461-8e59-2c75a5be58c0-IMG_3117.jpeg|https://ujfuxpqefdvwyjjwcpdu.supabase.co/storage/v1/object/public/car-images/e06a5858-4d25-4b7f-ac4e-e1a6677ef428-IMG_3118.jpeg|https://ujfuxpqefdvwyjjwcpdu.supabase.co/storage/v1/object/public/car-images/5444c70b-c1a2-4c9e-a6d5-f42479f03cdb-IMG_3119.jpeg|https://ujfuxpqefdvwyjjwcpdu.supabase.co/storage/v1/object/public/car-images/6e9d72cb-9d56-435e-b4c5-58bcaa544338-IMG_3122.jpeg|https://ujfuxpqefdvwyjjwcpdu.supabase.co/storage/v1/object/public/car-images/53a7a084-12a8-473c-9fd3-9bd8b60a1bb2-IMG_3121.jpeg|https://ujfuxpqefdvwyjjwcpdu.supabase.co/storage/v1/object/public/car-images/1d5a38db-372e-4eb7-b461-89a071fa76b2-IMG_3120.jpeg|https://ujfuxpqefdvwyjjwcpdu.supabase.co/storage/v1/object/public/car-images/6819ea0c-cf10-4f2f-b29e-22918b3bf493-IMG_3123.jpeg|https://ujfuxpqefdvwyjjwcpdu.supabase.co/storage/v1/object/public/car-images/3c10581f-cd5f-453d-ad09-48d62948a157-IMG_3124.jpeg|https://ujfuxpqefdvwyjjwcpdu.supabase.co/storage/v1/object/public/car-images/056ed719-d5d2-4785-81c7-f593bc51d03e-IMG_3128.jpeg|https://ujfuxpqefdvwyjjwcpdu.supabase.co/storage/v1/object/public/car-images/6436fce5-041c-443b-92b2-422047a68585-IMG_3127.jpeg|https://ujfuxpqefdvwyjjwcpdu.supabase.co/storage/v1/object/public/car-images/99a2b748-35b8-4110-93f5-10441cbaee30-IMG_3126.jpeg|https://ujfuxpqefdvwyjjwcpdu.supabase.co/storage/v1/object/public/car-images/df55369d-c0ed-49fb-9bb1-479f856fd4e4-IMG_3125.jpeg|https://ujfuxpqefdvwyjjwcpdu.supabase.co/storage/v1/object/public/car-images/5e9cc6b2-afd4-4d8f-9046-40274eef448c-IMG_3129.jpeg,90-Day Warranty,false,false
2017,Mazda ,6 Touring Plus,i Touring Plus Sedan 4D,4-Door Sedan,8000,700,57000,Excellent,Gasoline,Automatic,,Red,Black,JM1GL1V51H1147112,"The 2017 Mazda 6 Touring Plus is a sleek, stylish, and sporty sedan known for its reliability, comfort, and sharp handling. With a clean red exterior and black leather interior, this Mazda 6 stands out with a premium look and smooth driving experience.

This sedan has only 57,000 low miles, making it an excellent option for someone looking for a dependable, fuel-efficient, and well-maintained vehicle. It comes with a rebuilt blue title, fully inspected and restored to meet safety and performance standards.

If you want something sporty, clean, and packed with features this is a must-see.

Why This Car Is a Great Choice

The Mazda 6 Touring Plus offers an excellent blend of comfort, style, and performance. The 2.5L engine provides a smooth drive while keeping fuel costs low. It’s perfect for commuting, long trips, or daily driving with confidence and style.

Why Choose Jerry’s Auto

At Jerry’s Auto, every vehicle is carefully inspected and restored to ensure quality, safety, and long-term reliability. We focus on honest pricing, fast service, and clean vehicles that you can trust.",Title: Rebuilt (Blue Title)|Engine: 2.5L I4|Leather Seats|Heated Front Seats|Rearview Camera|Blind Spot Monitoring|Power Windows|Power Locks|Bluetooth Audio|Alloy Wheels|Push-to-Start|Very Clean Interior & Exterior,https://ujfuxpqefdvwyjjwcpdu.supabase.co/storage/v1/object/public/car-images/4f3c1eff-2f2a-4cb5-92c7-6afc68f18506-IMG_3134.jpeg|https://ujfuxpqefdvwyjjwcpdu.supabase.co/storage/v1/object/public/car-images/0f7382c3-745c-4079-b2b2-5b2ff08ab78b-IMG_3132.jpeg|https://ujfuxpqefdvwyjjwcpdu.supabase.co/storage/v1/object/public/car-images/7021c7d4-34a2-4145-b60a-2c8b04327eb2-IMG_3133.jpeg|https://ujfuxpqefdvwyjjwcpdu.supabase.co/storage/v1/object/public/car-images/a1eb2125-8414-466e-a9eb-d98390445d2f-IMG_3135.jpeg|https://ujfuxpqefdvwyjjwcpdu.supabase.co/storage/v1/object/public/car-images/0c20f9a9-1260-491d-9b38-6afe945ba5c1-IMG_3136.jpeg|https://ujfuxpqefdvwyjjwcpdu.supabase.co/storage/v1/object/public/car-images/f460f3de-12f1-46aa-ba2e-9ad8e7d9df6a-IMG_3137.jpeg|https://ujfuxpqefdvwyjjwcpdu.supabase.co/storage/v1/object/public/car-images/419c444f-c0e0-43cd-9cd1-1ccc81c8f60e-IMG_3138.jpeg|https://ujfuxpqefdvwyjjwcpdu.supabase.co/storage/v1/object/public/car-images/0e4d57c8-52f3-41da-a7bd-d8b3a7d04a48-IMG_3139.jpeg|https://ujfuxpqefdvwyjjwcpdu.supabase.co/storage/v1/object/public/car-images/fc78c55e-d30b-4156-a1d7-fb94e5763e85-IMG_3142.jpeg|https://ujfuxpqefdvwyjjwcpdu.supabase.co/storage/v1/object/public/car-images/84634bac-1208-4c12-9341-cb71482158e8-IMG_3141.jpeg|https://ujfuxpqefdvwyjjwcpdu.supabase.co/storage/v1/object/public/car-images/0e4b305a-18e6-45c8-9910-341e09adbad4-IMG_3140.jpeg|https://ujfuxpqefdvwyjjwcpdu.supabase.co/storage/v1/object/public/car-images/509dd640-6bca-426d-8ff0-07a6dbfba002-IMG_3143.jpeg|https://ujfuxpqefdvwyjjwcpdu.supabase.co/storage/v1/object/public/car-images/21f4e97a-7b64-4b72-b988-4b474faae347-IMG_3144.jpeg|https://ujfuxpqefdvwyjjwcpdu.supabase.co/storage/v1/object/public/car-images/e974318c-c79c-4a1e-9bd5-07a8c673a1af-IMG_3145.jpeg|https://ujfuxpqefdvwyjjwcpdu.supabase.co/storage/v1/object/public/car-images/36d8d255-c241-4b6c-8750-69fd897b5c75-IMG_3146.jpeg|https://ujfuxpqefdvwyjjwcpdu.supabase.co/storage/v1/object/public/car-images/a18ae4c7-d11f-49aa-8ac3-dae4462ccce1-IMG_3147.jpeg|https://ujfuxpqefdvwyjjwcpdu.supabase.co/storage/v1/object/public/car-images/6486e572-6def-45d0-9402-5b19fa1ef2f4-IMG_3148.jpeg,90-Day Warranty,false,false
2020,MAZDA ,6 TOURING ,Grand Touring Sedan 4D,,6000,800,44000,Excellent,Gasoline,Automatic,,Black,Black,JM1GL1VM8L1524275,"This Mazda 6 is the perfect mix of luxury, reliability, and sporty style. Super clean inside and out, low miles, and drives smooth with zero issues. A sleek black-on-black combo that always turns heads. 👌🏽

Perfect for daily driving, long trips, or anyone wanting a modern sedan that’s reliable, stylish, and affordable.",Rebuilt Title – Full Transparency|Financing Available|Only 44k miles extremely low for a 2020|Smooth|fuel-efficient|and sporty drive|Black exterior + black interior = clean and classy|Everything works perfectly|Rebuilt title – well taken care of|Paid off and ready for a new owner|Mileage: 44|000 miles|Transmission: Automatic|Fuel Type: Gasoline|Paid Off: Yes,https://ujfuxpqefdvwyjjwcpdu.supabase.co/storage/v1/object/public/car-images/3692bf9d-6ecc-44bd-9587-ebb5889bfb85-IMG_3304.jpeg|https://ujfuxpqefdvwyjjwcpdu.supabase.co/storage/v1/object/public/car-images/fb28bad0-c519-42af-8f6b-ec6e79e182b6-IMG_3301.jpeg|https://ujfuxpqefdvwyjjwcpdu.supabase.co/storage/v1/object/public/car-images/e983e6f2-20f8-4a30-a3bb-13f262c61e3c-IMG_3302.jpeg|https://ujfuxpqefdvwyjjwcpdu.supabase.co/storage/v1/object/public/car-images/e353ac05-127b-419e-b26a-01de454a49a8-IMG_3303.jpeg|https://ujfuxpqefdvwyjjwcpdu.supabase.co/storage/v1/object/public/car-images/0b7435ea-308b-42cf-9823-788834fb02ff-IMG_3300.jpeg|https://ujfuxpqefdvwyjjwcpdu.supabase.co/storage/v1/object/public/car-images/819fcc71-ef8d-467a-ac69-af8682d0d75a-IMG_3305.jpeg|https://ujfuxpqefdvwyjjwcpdu.supabase.co/storage/v1/object/public/car-images/c3bca2a6-25cd-4d2a-b365-b512109feb40-IMG_3306.jpeg|https://ujfuxpqefdvwyjjwcpdu.supabase.co/storage/v1/object/public/car-images/4ff190ab-2e0f-485c-b914-d2e139a2ae3c-IMG_3309.jpeg|https://ujfuxpqefdvwyjjwcpdu.supabase.co/storage/v1/object/public/car-images/f34129a1-2114-4138-b661-126b686137c2-IMG_3308.jpeg|https://ujfuxpqefdvwyjjwcpdu.supabase.co/storage/v1/object/public/car-images/cae53b11-36d1-436e-9f65-1f1cce4056da-IMG_3307.jpeg|https://ujfuxpqefdvwyjjwcpdu.supabase.co/storage/v1/object/public/car-images/613c8fa1-7288-41bf-b9e7-e741e8ade346-IMG_3310.jpeg|https://ujfuxpqefdvwyjjwcpdu.supabase.co/storage/v1/object/public/car-images/203a517d-ce20-41ba-87cc-5ac7f1d92e15-IMG_3311.jpeg|https://ujfuxpqefdvwyjjwcpdu.supabase.co/storage/v1/object/public/car-images/2f5f3075-ccd2-4afc-ac4a-af0ff30162f5-IMG_3314.jpeg|https://ujfuxpqefdvwyjjwcpdu.supabase.co/storage/v1/object/public/car-images/7ce969d2-13e4-47ac-8c11-1677d5487017-IMG_3313.jpeg|https://ujfuxpqefdvwyjjwcpdu.supabase.co/storage/v1/object/public/car-images/63389688-f8f8-45ea-8830-2ada45c17e5e-IMG_3312.jpeg|https://ujfuxpqefdvwyjjwcpdu.supabase.co/storage/v1/object/public/car-images/9b618856-984e-4507-a05a-893c9f78433a-IMG_3315.jpeg|https://ujfuxpqefdvwyjjwcpdu.supabase.co/storage/v1/object/public/car-images/babc15d4-557e-4037-b0d6-5429ec066333-IMG_3316.jpeg,90-Day Warranty,false,false
2018,Honda,Accord Sport,,,8000,1000,77000,Good,Gasoline,Automatic,,,,1HGCV2F38JA014303,"This 2018 Honda Accord Sport offers the perfect balance of style, efficiency, and dependability. With its sporty appearance, excellent gas mileage, and strong safety rating, it’s an ideal choice for anyone looking for a reliable and stylish sedan at an affordable price.",2.0L Turbocharged 4-Cylinder Engine|Front-Wheel Drive|Sport-Tuned Suspension|Eco Assist™️ System|Drive-By-Wire Throttle System|Sport-Style Body Kit|17- or 19-Inch Alloy Wheels|LED Daytime Running Lights|Fog Lights|Power-Adjustable Side Mirrors|Chrome Trim Accents|Tire Pressure Monitoring System|Seating for 5|Cloth Sport Seats|Leather-Wrapped Steering Wheel|Dual-Zone Automatic Climate Control|Power Windows & Door Locks|Remote Keyless Entry|Tilt & Telescoping Steering Column|7-Inch Display Audio Screen|Apple CarPlay™️ & Android Auto™️ Compatibility|Bluetooth Hands-Free Phone & Audio Streaming|USB Audio Interface|Multi-Angle Rearview Camera|Anti-Lock Braking System (ABS)|Electronic Brake-Force Distribution (EBD)|Vehicle Stability Assist (VSA)|Advanced Airbag System|Tire Pressure Monitoring System|5-Star NHTSA Crash Safety Rating|Sport Seats with Enhanced Bolstering|Aluminum Pedals|Sport-Designed Front Fascia & Rear Bumper|Upgraded Wheels / Tires,https://ujfuxpqefdvwyjjwcpdu.supabase.co/storage/v1/object/public/car-images/86398bca-91d8-42d7-b6fc-17b7042b6f2e-IMG_3964.jpeg|https://ujfuxpqefdvwyjjwcpdu.supabase.co/storage/v1/object/public/car-images/0a3aa2c3-c0d3-40e0-8b5a-f7c3dcc24aad-IMG_3963.jpeg|https://ujfuxpqefdvwyjjwcpdu.supabase.co/storage/v1/object/public/car-images/1d59d9f7-67b7-47fa-9135-7b154903db42-IMG_3965.jpeg|https://ujfuxpqefdvwyjjwcpdu.supabase.co/storage/v1/object/public/car-images/19971b46-c731-40f8-bf8e-588138f34119-IMG_3968.jpeg|https://ujfuxpqefdvwyjjwcpdu.supabase.co/storage/v1/object/public/car-images/a5ac0e9c-27db-432e-8647-04ffca6584eb-IMG_3970.jpeg|https://ujfuxpqefdvwyjjwcpdu.supabase.co/storage/v1/object/public/car-images/75f0ad35-9f90-48fc-90af-474ffe0bb053-IMG_3971.jpeg|https://ujfuxpqefdvwyjjwcpdu.supabase.co/storage/v1/object/public/car-images/2fe8db00-6bc7-48e3-9e4e-003a239ebab7-IMG_3972.jpeg|https://ujfuxpqefdvwyjjwcpdu.supabase.co/storage/v1/object/public/car-images/9442c5fe-05bb-4daa-99ca-ddb3edf67da0-IMG_3976.jpeg|https://ujfuxpqefdvwyjjwcpdu.supabase.co/storage/v1/object/public/car-images/6c80716f-e0b3-4971-a6a8-37b82aedcc01-IMG_3979.jpeg|https://ujfuxpqefdvwyjjwcpdu.supabase.co/storage/v1/object/public/car-images/0e319010-e07b-461f-9d0a-3ac7cde115f0-IMG_3978.jpeg|https://ujfuxpqefdvwyjjwcpdu.supabase.co/storage/v1/object/public/car-images/cf96ccfa-086a-4ed9-a968-d3f246138755-IMG_3977.jpeg|https://ujfuxpqefdvwyjjwcpdu.supabase.co/storage/v1/object/public/car-images/94f10703-8dad-43bc-bee0-b4c3eb038fff-IMG_3980.jpeg|https://ujfuxpqefdvwyjjwcpdu.supabase.co/storage/v1/object/public/car-images/3ab0b06f-3992-40ec-95d0-a371ed28cfe1-IMG_3975.jpeg|https://ujfuxpqefdvwyjjwcpdu.supabase.co/storage/v1/object/public/car-images/6da1fa53-d06e-4108-8af8-fa64e80f24a6-IMG_3974.jpeg|https://ujfuxpqefdvwyjjwcpdu.supabase.co/storage/v1/object/public/car-images/6bb7fbd5-9358-499e-8069-f2dfef4a29be-IMG_3973.jpeg|https://ujfuxpqefdvwyjjwcpdu.supabase.co/storage/v1/object/public/car-images/89b88789-9287-4d03-9c22-0268caa28f41-IMG_3969.jpeg|https://ujfuxpqefdvwyjjwcpdu.supabase.co/storage/v1/object/public/car-images/b5fdd996-88a0-4469-a4d4-5c7dfb66afff-IMG_3966.jpeg|https://ujfuxpqefdvwyjjwcpdu.supabase.co/storage/v1/object/public/car-images/d3d519fd-e309-47e1-a607-4c472f5d7861-IMG_3967.jpeg,90-Day Warranty,false,false
2021,TOYOTA,CAMRY XSE,XSE Sedan 4D,,7000,600,59000,Excellent,Gasoline,Automatic,,Black,Red,4T1K61AK7MU533700,"This Camry XSE is the perfect blend of luxury, sport, and reliability. With its black exterior and rare red interior, it stands out everywhere you go. Smooth ride, powerful performance, and Toyota’s unmatched dependability  all in one.
This is a premium, sporty sedan at a price you won’t find anywhere else perfect for someone who wants style, comfort, and performance in one package.",Sporty XSE trim – top-of-the-line features|Eye-catching black exterior with red interior|Smooth|powerful|and fuel-efficient|Clean and well-maintained|1 Owner – very well kept|Fully paid off and ready for a new owner|Fuel Type: Gasoline|Owners: 1|Paid Off: Yes,https://ujfuxpqefdvwyjjwcpdu.supabase.co/storage/v1/object/public/car-images/d5b4d09d-871a-4580-8705-dc6330931650-IMG_3319.jpeg|https://ujfuxpqefdvwyjjwcpdu.supabase.co/storage/v1/object/public/car-images/39307f13-49a4-4bf9-bc74-475f5f6dfeef-IMG_3318.jpeg|https://ujfuxpqefdvwyjjwcpdu.supabase.co/storage/v1/object/public/car-images/c128a071-1ac1-4879-bd88-a44e4519a07c-IMG_3320.jpeg|https://ujfuxpqefdvwyjjwcpdu.supabase.co/storage/v1/object/public/car-images/18507aa6-5cc2-4d07-8645-3c03b4287a6f-IMG_3323.jpeg|https://ujfuxpqefdvwyjjwcpdu.supabase.co/storage/v1/object/public/car-images/2eb0af2a-df3f-4ea9-aced-ab70ee48b21e-IMG_3321.jpeg|https://ujfuxpqefdvwyjjwcpdu.supabase.co/storage/v1/object/public/car-images/37c13b62-22a4-419e-bbd2-34b571e3e9a3-IMG_3322.jpeg|https://ujfuxpqefdvwyjjwcpdu.supabase.co/storage/v1/object/public/car-images/3a692e38-9c9d-485d-95eb-68df8e8e611d-IMG_3324.jpeg|https://ujfuxpqefdvwyjjwcpdu.supabase.co/storage/v1/object/public/car-images/7fc1c219-01ea-4f26-a0aa-a2fe3784854d-IMG_3325.jpeg|https://ujfuxpqefdvwyjjwcpdu.supabase.co/storage/v1/object/public/car-images/32348a6b-82ce-422f-b935-605d9a5878c6-IMG_3326.jpeg|https://ujfuxpqefdvwyjjwcpdu.supabase.co/storage/v1/object/public/car-images/8da14f76-a4c3-4876-94e5-97111dde26ec-IMG_3327.jpeg|https://ujfuxpqefdvwyjjwcpdu.supabase.co/storage/v1/object/public/car-images/7bcb8613-9ff8-4c95-84ee-533f5974e6a8-IMG_3328.jpeg|https://ujfuxpqefdvwyjjwcpdu.supabase.co/storage/v1/object/public/car-images/45a2563f-bfaf-4e5c-b7d2-480d42eb7466-IMG_3329.jpeg|https://ujfuxpqefdvwyjjwcpdu.supabase.co/storage/v1/object/public/car-images/9c6f6726-b7ff-4d87-a4ab-7625e0bbb355-IMG_3330.jpeg|https://ujfuxpqefdvwyjjwcpdu.supabase.co/storage/v1/object/public/car-images/b9c5ce2c-bfbd-41d6-aefc-0ad150d7db25-IMG_3331.jpeg|https://ujfuxpqefdvwyjjwcpdu.supabase.co/storage/v1/object/public/car-images/f37c1c5b-ec57-4cc6-9116-e00414e6809d-IMG_3332.jpeg|https://ujfuxpqefdvwyjjwcpdu.supabase.co/storage/v1/object/public/car-images/13d73418-239d-494a-b0ce-43e878868aa2-IMG_3333.jpeg|https://ujfuxpqefdvwyjjwcpdu.supabase.co/storage/v1/object/public/car-images/6d61ea4c-de15-4303-bbc0-7d2134c560f1-IMG_3334.jpeg|https://ujfuxpqefdvwyjjwcpdu.supabase.co/storage/v1/object/public/car-images/b70be00c-a59f-43f7-8db0-2aff54d2adee-IMG_3335.jpeg|https://ujfuxpqefdvwyjjwcpdu.supabase.co/storage/v1/object/public/car-images/9dfa4fd0-de10-4d62-b702-3f489a7dd469-IMG_3336.jpeg|https://ujfuxpqefdvwyjjwcpdu.supabase.co/storage/v1/object/public/car-images/2962e13b-d3b4-4ead-9057-089adaeeb083-IMG_3337.jpeg,90-Day Warranty,false,false
2025,HONDA ,CIVIC SPORT HATCHBACK ,Sport Hatchback 4D,Hatchback,10000,800,600,Excellent,Gasoline,Automatic,,Grey,Grey,19XFL2H89SE021835,"This 2025 Civic Sport Hatchback is basically FRESH off the lot only 600 miles driven. It looks new, drives new, and still feels like it just left the showroom. Sporty, efficient, and extremely clean. This is perfect for anyone who wants a brand-new 2025 Civic experience without paying dealership prices. Clean, sharp, and ready to hit the road.",Rebuilt Title – Practically Brand New|Sport Hatchback body — stylish & modern|Smooth automatic transmission|Grey exterior with matching grey interior|Everything functions perfectly|Rebuilt title | Fully paid off|1 owner|very well maintained|Mileage: 600 miles|Transmission: Automatic|Fuel Type: Gasoline|Owners: 1|Paid Off: Yes,https://ujfuxpqefdvwyjjwcpdu.supabase.co/storage/v1/object/public/car-images/0777780a-1ce5-4b73-b8cd-ab791ac80966-IMG_3367.jpeg|https://ujfuxpqefdvwyjjwcpdu.supabase.co/storage/v1/object/public/car-images/61ed64ab-1d3c-4647-a3e0-341666f82fd0-IMG_3357.jpeg|https://ujfuxpqefdvwyjjwcpdu.supabase.co/storage/v1/object/public/car-images/4aa2e2d9-be00-422d-9824-370b3fe19daf-IMG_3358.jpeg|https://ujfuxpqefdvwyjjwcpdu.supabase.co/storage/v1/object/public/car-images/f0e9ddab-418e-438c-a1b1-0589261b72c4-IMG_3359.jpeg|https://ujfuxpqefdvwyjjwcpdu.supabase.co/storage/v1/object/public/car-images/ab2a7549-f190-4000-aef0-d1ce4e42d3b8-IMG_3365.jpeg|https://ujfuxpqefdvwyjjwcpdu.supabase.co/storage/v1/object/public/car-images/f07cba88-2647-4608-9b44-ef89ef69c11f-IMG_3362.jpeg|https://ujfuxpqefdvwyjjwcpdu.supabase.co/storage/v1/object/public/car-images/1fc696f7-427f-4169-86d2-6327bd207d8c-IMG_3366.jpeg|https://ujfuxpqefdvwyjjwcpdu.supabase.co/storage/v1/object/public/car-images/39db971d-94cf-4df6-9d71-bb55462eb737-IMG_3363.jpeg|https://ujfuxpqefdvwyjjwcpdu.supabase.co/storage/v1/object/public/car-images/67f9fd29-0906-427c-b39b-a59bbbdfd0d6-IMG_3360.jpeg|https://ujfuxpqefdvwyjjwcpdu.supabase.co/storage/v1/object/public/car-images/17e58772-c789-484e-af6c-48453e028cc6-IMG_3361.jpeg|https://ujfuxpqefdvwyjjwcpdu.supabase.co/storage/v1/object/public/car-images/b1b79ca5-12e2-4d0a-a397-3f8faba2b3a5-IMG_3364.jpeg|https://ujfuxpqefdvwyjjwcpdu.supabase.co/storage/v1/object/public/car-images/1f7e8cb3-ceb8-43a3-b480-a2ddd7427320-IMG_3368.jpeg|https://ujfuxpqefdvwyjjwcpdu.supabase.co/storage/v1/object/public/car-images/c4d121a4-5b8f-4100-95df-994e8b4711a9-IMG_3370.jpeg|https://ujfuxpqefdvwyjjwcpdu.supabase.co/storage/v1/object/public/car-images/e7f0e426-5372-403a-adc2-137e72e5f210-IMG_3371.jpeg|https://ujfuxpqefdvwyjjwcpdu.supabase.co/storage/v1/object/public/car-images/c50c7d13-3f2f-470e-8152-f4ec6a5442bf-IMG_3372.jpeg|https://ujfuxpqefdvwyjjwcpdu.supabase.co/storage/v1/object/public/car-images/05e318e7-7988-457f-9d24-7a1df1a11678-IMG_3373.jpeg|https://ujfuxpqefdvwyjjwcpdu.supabase.co/storage/v1/object/public/car-images/753e8477-a176-4ba7-b9b8-b60bca8ddc7f-IMG_3374.jpeg|https://ujfuxpqefdvwyjjwcpdu.supabase.co/storage/v1/object/public/car-images/a182fc90-94eb-4957-98b0-ac0016978c80-IMG_3375.jpeg,90-Day Warranty,false,false
2002,BMW,M3,Coupe 2D. Owners: 3+,,5000,800,115000,Good,Gasoline,Automatic,,Silver,Imola Red,WBSBL93452JR15208,"A true classic M3 with the iconic Imola Red interior — only 1 of 3 available like this. Clean title, clean Carfax, well kept, and ready for any BMW enthusiast. This is a collector’s piece at an unbeatable price. This M3 is perfect for anyone who appreciates rare build specs, classic BMW performance, and a clean example of one of the most respected sports coupes ever made.",Clean Carfax – NO Accidents|Financing Available|1 of 3 with Imola Red interior|Clean Carfax ✔ No accidents|Strong engine & smooth automatic transmission|Silver exterior + rare red interior combo|Well-maintained|solid condition|Clean title – no major issues|Mileage: 115|000 miles|Transmission: Automatic|Fuel Economy|14 MPG city|20 MPG highway|16 MPG combined|Seats: 5|Paid Off: Yes,https://ujfuxpqefdvwyjjwcpdu.supabase.co/storage/v1/object/public/car-images/14f2f433-305c-40e4-9b73-be1d5c334f53-IMG_3385.jpeg|https://ujfuxpqefdvwyjjwcpdu.supabase.co/storage/v1/object/public/car-images/31811c86-1004-4b62-a086-fab72a27ec5f-IMG_3384.jpeg|https://ujfuxpqefdvwyjjwcpdu.supabase.co/storage/v1/object/public/car-images/41c0310a-4cdb-4d2b-b165-c1b12c52db1a-IMG_3383.jpeg|https://ujfuxpqefdvwyjjwcpdu.supabase.co/storage/v1/object/public/car-images/e97f15ca-6631-46d7-8504-c994fe336463-IMG_3386.jpeg|https://ujfuxpqefdvwyjjwcpdu.supabase.co/storage/v1/object/public/car-images/b66b360f-1f1d-4641-b536-9fa963e07724-IMG_3387.jpeg|https://ujfuxpqefdvwyjjwcpdu.supabase.co/storage/v1/object/public/car-images/30e92ecb-bb83-448e-8833-8b544bd9833e-IMG_3388.jpeg|https://ujfuxpqefdvwyjjwcpdu.supabase.co/storage/v1/object/public/car-images/1b3e07e3-3150-4747-a570-3bc1fd928760-IMG_3389.jpeg|https://ujfuxpqefdvwyjjwcpdu.supabase.co/storage/v1/object/public/car-images/5ab65701-bf5b-4e91-8a79-2ce3cfbfa14d-IMG_3390.jpeg|https://ujfuxpqefdvwyjjwcpdu.supabase.co/storage/v1/object/public/car-images/c02ab6e6-b385-4a6d-9a43-969b996216be-IMG_3391.jpeg|https://ujfuxpqefdvwyjjwcpdu.supabase.co/storage/v1/object/public/car-images/9337df65-55e6-44e1-bbf9-d2d92a4afc08-IMG_3392.jpeg|https://ujfuxpqefdvwyjjwcpdu.supabase.co/storage/v1/object/public/car-images/fa9317e2-e8a1-4efc-beb3-abe507c66289-IMG_3393.jpeg|https://ujfuxpqefdvwyjjwcpdu.supabase.co/storage/v1/object/public/car-images/3458b466-5aa5-4b41-b261-1578fc51ed19-IMG_3394.jpeg|https://ujfuxpqefdvwyjjwcpdu.supabase.co/storage/v1/object/public/car-images/9e136719-3e9f-447d-a6c7-2456ab8d13f7-IMG_3395.jpeg|https://ujfuxpqefdvwyjjwcpdu.supabase.co/storage/v1/object/public/car-images/4dc7f932-2eab-4447-951c-8b1929c362aa-IMG_3396.jpeg|https://ujfuxpqefdvwyjjwcpdu.supabase.co/storage/v1/object/public/car-images/a2fde753-2416-4e1b-a0bd-0de08e936939-IMG_3398.jpeg,90-Day Warranty,false,false
2016,AUDI,A3 Premium,1.8T Premium Sedan 4D,,5500,800,103000,Very Good,Gasoline,Automatic,,White,Black,WAUA7GFF1G1069592,"This 2016 Audi A3 1.8T Premium Sedan 4D delivers German engineering, comfort, and efficiency at an affordable price point perfect for someone looking for a reliable luxury sedan. This Audi A3 is comfortable, fuel-efficient, and fun to drive, offering premium quality without the premium price. If this vehicle fits what you’re looking for, let me know and I’ll help you secure it.",Title: Rebuilt|Make / Model: Audi A3 Premium|Engine: 1.8L Turbocharged|Seating: 5 passengers|Safety: ⭐ 5/5 NHTSA safety rating|Clean interior and exterior|Well maintained and road-ready,https://ujfuxpqefdvwyjjwcpdu.supabase.co/storage/v1/object/public/car-images/29462067-5827-473f-b700-0bf21b2a3545-IMG_3579.jpeg|https://ujfuxpqefdvwyjjwcpdu.supabase.co/storage/v1/object/public/car-images/b78a5825-fa06-4f22-9d94-3c57fde7404a-IMG_3572.jpeg|https://ujfuxpqefdvwyjjwcpdu.supabase.co/storage/v1/object/public/car-images/6f6e9de1-db05-4ecb-b04a-f7e79f17e46d-IMG_3578.jpeg|https://ujfuxpqefdvwyjjwcpdu.supabase.co/storage/v1/object/public/car-images/80b31bba-f05d-4521-9175-5de828ca24a1-IMG_3577.jpeg|https://ujfuxpqefdvwyjjwcpdu.supabase.co/storage/v1/object/public/car-images/47eedaa5-7930-4ed1-b196-7da9b619ace6-IMG_3576.jpeg|https://ujfuxpqefdvwyjjwcpdu.supabase.co/storage/v1/object/public/car-images/3a58550f-0eb3-42d6-9d53-8abe4ed67980-IMG_3575.jpeg|https://ujfuxpqefdvwyjjwcpdu.supabase.co/storage/v1/object/public/car-images/d0b7b6a8-b7bc-4f0a-9e3e-8394ec9523f0-IMG_3574.jpeg|https://ujfuxpqefdvwyjjwcpdu.supabase.co/storage/v1/object/public/car-images/e0f24bde-45ae-4404-b795-0afa05a1b02b-IMG_3573.jpeg|https://ujfuxpqefdvwyjjwcpdu.supabase.co/storage/v1/object/public/car-images/86009688-8b16-4238-8d77-f49c8d762d97-IMG_3580.jpeg|https://ujfuxpqefdvwyjjwcpdu.supabase.co/storage/v1/object/public/car-images/419fe0ce-cf97-4a29-aea2-7a1671b3215c-IMG_3581.jpeg|https://ujfuxpqefdvwyjjwcpdu.supabase.co/storage/v1/object/public/car-images/55485d68-cf21-4f79-9f24-1771f18900d2-IMG_3582.jpeg|https://ujfuxpqefdvwyjjwcpdu.supabase.co/storage/v1/object/public/car-images/b555a522-b8f7-4845-a73f-f47ced1cf7b0-IMG_3583.jpeg|https://ujfuxpqefdvwyjjwcpdu.supabase.co/storage/v1/object/public/car-images/f8a2f6b5-848d-4327-bf63-50eb9024828b-IMG_3584.jpeg|https://ujfuxpqefdvwyjjwcpdu.supabase.co/storage/v1/object/public/car-images/70693846-46f5-4917-bf7d-e3a6374e0611-IMG_3585.jpeg|https://ujfuxpqefdvwyjjwcpdu.supabase.co/storage/v1/object/public/car-images/1da6c97c-c239-427f-86b8-5e6146a4f390-IMG_3586.jpeg,90-Day Warranty,false,false
2023,Honda,Civic Sport ,Sport Sedan 4D,,6000,800,53000,Excellent,Gasoline,Automatic,Front-Wheel Drive,Grey,Black,2HGFE2F58PH514163,"This 2023 Honda Civic Sport Sedan 4D is a dependable and fuel-efficient vehicle with a sporty look and smooth performance perfect for daily driving. This Civic is well maintained, reliable, and economical, offering the quality Honda is known for at an affordable price point.
If this vehicle fits what you’re looking for, let me know and I’ll walk you through the next steps to secure it.",Paid off|Runs and drives perfectly|No mechanical issues|Title Status: Rebuilt|Mileage: 53|000 original miles|Vehicle Status: Fully paid off and ready for transfer,https://ujfuxpqefdvwyjjwcpdu.supabase.co/storage/v1/object/public/car-images/98e23914-6aa8-4c94-a483-7d757873b508-IMG_3592.jpeg|https://ujfuxpqefdvwyjjwcpdu.supabase.co/storage/v1/object/public/car-images/bb13ce28-7fc3-4624-a662-1cac2fed2452-IMG_3591.jpeg|https://ujfuxpqefdvwyjjwcpdu.supabase.co/storage/v1/object/public/car-images/94051795-e0fc-4003-93da-6ea9c838f97c-IMG_3588.jpeg|https://ujfuxpqefdvwyjjwcpdu.supabase.co/storage/v1/object/public/car-images/c3dd61e5-9b3b-4e58-9d6a-49fae8844dcf-IMG_3589.jpeg|https://ujfuxpqefdvwyjjwcpdu.supabase.co/storage/v1/object/public/car-images/767e35b3-cd1d-4b16-9e54-71c2f420a659-IMG_3590.jpeg|https://ujfuxpqefdvwyjjwcpdu.supabase.co/storage/v1/object/public/car-images/c62fdbb0-af4d-4eeb-942d-c488d7e60f05-IMG_3587.jpeg|https://ujfuxpqefdvwyjjwcpdu.supabase.co/storage/v1/object/public/car-images/b631e216-134b-431b-9341-2d1a6889e75e-IMG_3596.jpeg|https://ujfuxpqefdvwyjjwcpdu.supabase.co/storage/v1/object/public/car-images/37cee403-45cf-455a-af30-827adadbfb3f-IMG_3597.jpeg|https://ujfuxpqefdvwyjjwcpdu.supabase.co/storage/v1/object/public/car-images/acaf5cc7-d2c4-44f9-9e1c-c4d899675833-IMG_3600.jpeg|https://ujfuxpqefdvwyjjwcpdu.supabase.co/storage/v1/object/public/car-images/26d9babc-e50d-4585-b460-c2afbe38186a-IMG_3602.jpeg|https://ujfuxpqefdvwyjjwcpdu.supabase.co/storage/v1/object/public/car-images/f189b736-5b18-4b3e-8fd6-55d2eb0e0564-IMG_3603.jpeg|https://ujfuxpqefdvwyjjwcpdu.supabase.co/storage/v1/object/public/car-images/28e647e8-d45a-4dd3-b4fb-7fb5dbed4c10-IMG_3594.jpeg|https://ujfuxpqefdvwyjjwcpdu.supabase.co/storage/v1/object/public/car-images/2072d494-344a-4f13-8b16-68cbdb9187d3-IMG_3595.jpeg|https://ujfuxpqefdvwyjjwcpdu.supabase.co/storage/v1/object/public/car-images/23a3be91-2c13-4af9-8a2b-31aded479c15-IMG_3598.jpeg|https://ujfuxpqefdvwyjjwcpdu.supabase.co/storage/v1/object/public/car-images/e42efed4-190a-4520-a1ed-0297ea5b69ee-IMG_3599.jpeg|https://ujfuxpqefdvwyjjwcpdu.supabase.co/storage/v1/object/public/car-images/778f9bc6-1b4a-46be-a5d6-576bea664850-IMG_3601.jpeg|https://ujfuxpqefdvwyjjwcpdu.supabase.co/storage/v1/object/public/car-images/fef264df-17e0-4f28-843b-d768a1e5c028-IMG_3602.jpeg|https://ujfuxpqefdvwyjjwcpdu.supabase.co/storage/v1/object/public/car-images/e2d5ef94-776d-4cd4-9128-e7031ad9488f-IMG_3605.jpeg,90-Day Warranty,false,false
2020,Honda,Accord Sport Sedan 4D,,4-Door Sedan,7000,800,71000,Excellent,Gasoline,Automatic,Front-Wheel Drive,White,Black,1HGCV1F32LA142405,"This 2020 Honda Accord Sport Sedan 4D offers a perfect balance of style, comfort, and reliability, making it an excellent choice for daily driving or long-term ownership. This Accord Sport is well maintained, fuel-efficient, and ready for the road. A must-see vehicle at this price point.

If this fits what you’re looking for, let me know and I’ll help you with the next steps to secure it.",Title: Rebuilt (Blue Title)|Finance available|Very clean interior & exterior|Engine: 1.5L 4-Cylinder|Transmission: Automatic|Leather interior|Push-to-start & keyless entry|Apple CarPlay|Rear backup camera|Lane departure assist|Power windows & power locks|Sport trim styling|Smooth|comfortable ride|Ownership: 1 owner|Runs and drives great — everything works as it should,https://ujfuxpqefdvwyjjwcpdu.supabase.co/storage/v1/object/public/car-images/3eccc413-46fa-4a6e-bbcd-82e5f8657087-IMG_3610.jpeg|https://ujfuxpqefdvwyjjwcpdu.supabase.co/storage/v1/object/public/car-images/d5550516-14be-48dd-a99f-6922d51c2ddb-IMG_3608.jpeg|https://ujfuxpqefdvwyjjwcpdu.supabase.co/storage/v1/object/public/car-images/2bfe4132-b7d9-4443-acc9-c322840edbfc-IMG_3609.jpeg|https://ujfuxpqefdvwyjjwcpdu.supabase.co/storage/v1/object/public/car-images/22c0c8d1-e46b-481a-b509-6483284c86b1-IMG_3611.jpeg|https://ujfuxpqefdvwyjjwcpdu.supabase.co/storage/v1/object/public/car-images/9bb32622-c8e4-4e70-877e-8f988cc0e175-IMG_3612.jpeg|https://ujfuxpqefdvwyjjwcpdu.supabase.co/storage/v1/object/public/car-images/f2d2080d-10dd-4e05-8a12-2ec5e62a2d25-IMG_3613.jpeg|https://ujfuxpqefdvwyjjwcpdu.supabase.co/storage/v1/object/public/car-images/7ebc585a-8847-4c3e-8f3e-6c3656fb943b-IMG_3614.jpeg|https://ujfuxpqefdvwyjjwcpdu.supabase.co/storage/v1/object/public/car-images/f03b9e18-8540-46c7-980c-1d7f0e142f7f-IMG_3615.jpeg|https://ujfuxpqefdvwyjjwcpdu.supabase.co/storage/v1/object/public/car-images/a9cbf19a-522b-41d5-b063-2abbb1472b9d-IMG_3616.jpeg|https://ujfuxpqefdvwyjjwcpdu.supabase.co/storage/v1/object/public/car-images/88166e13-8457-433d-a199-7eb19bcdd035-IMG_3617.jpeg|https://ujfuxpqefdvwyjjwcpdu.supabase.co/storage/v1/object/public/car-images/c4f1b62f-8f67-4599-a27d-902ced3024df-IMG_3618.jpeg|https://ujfuxpqefdvwyjjwcpdu.supabase.co/storage/v1/object/public/car-images/6585c700-b52d-4605-ae4f-af948f9aa0c7-IMG_3619.jpeg|https://ujfuxpqefdvwyjjwcpdu.supabase.co/storage/v1/object/public/car-images/c2d88ef2-012e-46d9-9fc7-5a2c76df563a-IMG_3620.jpeg|https://ujfuxpqefdvwyjjwcpdu.supabase.co/storage/v1/object/public/car-images/083ded40-f798-4901-a531-69d0af385086-IMG_3621.jpeg|https://ujfuxpqefdvwyjjwcpdu.supabase.co/storage/v1/object/public/car-images/c30a9a8d-b9ff-4172-9eed-fbb4d9b226d5-IMG_3622.jpeg|https://ujfuxpqefdvwyjjwcpdu.supabase.co/storage/v1/object/public/car-images/0772b291-0e7c-4ec9-8cb4-06fe19b5236b-IMG_3623.jpeg|https://ujfuxpqefdvwyjjwcpdu.supabase.co/storage/v1/object/public/car-images/aa44ecdd-7e55-43be-9140-f39edd9ebd54-IMG_3624.jpeg|https://ujfuxpqefdvwyjjwcpdu.supabase.co/storage/v1/object/public/car-images/e8efbfa8-507a-465b-8cee-b84a3beeaac7-IMG_3625.jpeg,90-Day Warranty,false,false
2023,Honda,Civic Sport,Sport Sedan 4D,,7000,800,17000,Excellent,Gasoline,Automatic,,Grey,Black,2HGFE2F51PH551491,"This 2023 Honda Civic Sport Sedan 4D is a low-mileage, well-maintained vehicle offering excellent fuel economy, sporty styling, and dependable performance.

✅ Runs and drives perfectly
✅ No mechanical issues
✅ Fully paid off and ready for transfer
This Civic is very clean inside and out and an excellent option for anyone looking for a modern, reliable sedan at a great price.",Ownership: 1 owner|Vehicle Status: Paid off|Title: Rebuilt|Fuel Type: Gasoline,https://ujfuxpqefdvwyjjwcpdu.supabase.co/storage/v1/object/public/car-images/a121c252-895b-40cc-a780-57527a490520-IMG_3654.jpeg|https://ujfuxpqefdvwyjjwcpdu.supabase.co/storage/v1/object/public/car-images/bf435a69-90e5-4d11-b33e-af1cb3982e3d-IMG_3653.jpeg|https://ujfuxpqefdvwyjjwcpdu.supabase.co/storage/v1/object/public/car-images/7150e309-065c-4fb9-897b-3c8c0be36f0a-IMG_3655.jpeg|https://ujfuxpqefdvwyjjwcpdu.supabase.co/storage/v1/object/public/car-images/ab64de50-c589-4803-a4d0-2b2325017086-IMG_3657.jpeg|https://ujfuxpqefdvwyjjwcpdu.supabase.co/storage/v1/object/public/car-images/363a3b05-311a-47fc-a2a8-0c7c120def9f-IMG_3656.jpeg|https://ujfuxpqefdvwyjjwcpdu.supabase.co/storage/v1/object/public/car-images/28f6b23b-4362-4e59-a09c-6574022a57d3-IMG_3658.jpeg|https://ujfuxpqefdvwyjjwcpdu.supabase.co/storage/v1/object/public/car-images/788ba982-6bce-4304-9cad-2e49719f2127-IMG_3659.jpeg|https://ujfuxpqefdvwyjjwcpdu.supabase.co/storage/v1/object/public/car-images/e5b1bc9a-31be-4b60-8c86-15d3604744cb-IMG_3660.jpeg|https://ujfuxpqefdvwyjjwcpdu.supabase.co/storage/v1/object/public/car-images/3c7bf31d-bec9-46f0-8be4-c8b20fa2a040-IMG_3661.jpeg|https://ujfuxpqefdvwyjjwcpdu.supabase.co/storage/v1/object/public/car-images/c5118c09-2e0d-4ff8-9e28-76b6e8c4e679-IMG_3662.jpeg|https://ujfuxpqefdvwyjjwcpdu.supabase.co/storage/v1/object/public/car-images/d6e00596-d0a6-4659-a94b-371e00c6018d-IMG_3663.jpeg|https://ujfuxpqefdvwyjjwcpdu.supabase.co/storage/v1/object/public/car-images/3d232b7e-6fda-46a9-8b55-4c68c690f212-IMG_3664.jpeg|https://ujfuxpqefdvwyjjwcpdu.supabase.co/storage/v1/object/public/car-images/94ae5277-9185-4dae-b0ad-b7dd6f2b8ada-IMG_3665.jpeg|https://ujfuxpqefdvwyjjwcpdu.supabase.co/storage/v1/object/public/car-images/c809ebd5-ebbe-48a2-81a0-11ef82b1a947-IMG_3666.jpeg,90-Day Warranty,false,false
2021,Mazda 6,Grand Touring Reserve,,,7000,800,49000,Excellent,Gasoline,Automatic,,Grey,Red,JM1GL1WY9M1614862,"This 2021 Mazda 6 Grand Touring Reserve offers a stylish design and a sporty feel, with a sleek grey exterior complemented by a luxurious red interior. It comes fully paid off and is ready for a smooth transaction. A reliable choice for anyone looking for a comfortable, well-maintained sedan with premium features.


Why you’ll love it: Sleek, stylish, fully loaded, and ready to drive! DM us or visit our website to grab it today!",Fuel Type: Gasoline|Title: Rebuilt|Paid Off: Yes|Leather-trimmed seats|Heated front seats|Sunroof / Moonroof|Navigation system|Bose premium audio|Apple CarPlay & Android Auto|Blind-spot monitoring & rear cross-traffic alert 👀,https://ujfuxpqefdvwyjjwcpdu.supabase.co/storage/v1/object/public/car-images/2c09bd54-f8d6-4b2f-920d-bc3c5a835582-IMG_3686.jpeg|https://ujfuxpqefdvwyjjwcpdu.supabase.co/storage/v1/object/public/car-images/cbbc6022-7976-4f45-b2ed-130a95ad5436-IMG_3675.jpeg|https://ujfuxpqefdvwyjjwcpdu.supabase.co/storage/v1/object/public/car-images/3370e96e-fb7a-4aa5-84de-895227cfe5d1-IMG_3676.jpeg|https://ujfuxpqefdvwyjjwcpdu.supabase.co/storage/v1/object/public/car-images/2825c99d-d0c7-4bef-bcba-c4cdb94d2111-IMG_3677.jpeg|https://ujfuxpqefdvwyjjwcpdu.supabase.co/storage/v1/object/public/car-images/b9e40600-c7f9-4a20-9dcb-a8a5c9765af7-IMG_3680.jpeg|https://ujfuxpqefdvwyjjwcpdu.supabase.co/storage/v1/object/public/car-images/e7039b6a-d6d0-465a-9325-662c734fc928-IMG_3683.jpeg|https://ujfuxpqefdvwyjjwcpdu.supabase.co/storage/v1/object/public/car-images/257c3628-a967-4801-9ea3-036f29a56207-IMG_3684.jpeg|https://ujfuxpqefdvwyjjwcpdu.supabase.co/storage/v1/object/public/car-images/a64d9980-6a27-4a2f-b710-96112c9fa75b-IMG_3688.jpeg|https://ujfuxpqefdvwyjjwcpdu.supabase.co/storage/v1/object/public/car-images/55855212-0f90-4205-afa6-7dba730942ea-IMG_3689.jpeg|https://ujfuxpqefdvwyjjwcpdu.supabase.co/storage/v1/object/public/car-images/6aa40e7e-2c5e-46c8-90e3-06f95d177d40-IMG_3690.jpeg|https://ujfuxpqefdvwyjjwcpdu.supabase.co/storage/v1/object/public/car-images/6074793c-44e6-4b2a-892e-e312bdd638a3-IMG_3691.jpeg|https://ujfuxpqefdvwyjjwcpdu.supabase.co/storage/v1/object/public/car-images/541c41ab-68a3-44c7-ada1-9c4cdcab373c-IMG_3692.jpeg|https://ujfuxpqefdvwyjjwcpdu.supabase.co/storage/v1/object/public/car-images/1b786084-a13c-4741-b740-e5b01c3e79ee-IMG_3687.jpeg|https://ujfuxpqefdvwyjjwcpdu.supabase.co/storage/v1/object/public/car-images/c2362f34-950f-42da-b662-9b2d66035156-IMG_3685.jpeg|https://ujfuxpqefdvwyjjwcpdu.supabase.co/storage/v1/object/public/car-images/70af4166-f98d-4bc5-a8c3-beb870e9e66a-IMG_3681.jpeg|https://ujfuxpqefdvwyjjwcpdu.supabase.co/storage/v1/object/public/car-images/2f1bc8c3-59dc-476f-8a9a-1f375ac97e66-IMG_3682.jpeg|https://ujfuxpqefdvwyjjwcpdu.supabase.co/storage/v1/object/public/car-images/1b3ca508-144f-458c-a831-14a3b44e6ffc-IMG_3679.jpeg|https://ujfuxpqefdvwyjjwcpdu.supabase.co/storage/v1/object/public/car-images/79bec554-e71e-4909-8ff6-dd03b4fab446-IMG_3678.jpeg,90-Day Warranty,false,false
2020,Mazda 6,Touring Sedan 4D,,Sedan,6000,700,44000,Excellent,Gasoline,Automatic,,Black,Black,JM1GL1VM8L1524275,"Why you’ll love it: Sleek, reliable, and ready to drive! DM us or visit our website to grab it today!",Fuel Type: Gasoline|Title: Rebuilt|Paid Off: Yes|Leather-trimmed seats|Heated front seats|Sunroof / Moonroof|Navigation system|Bose premium audio|Apple CarPlay & Android Auto|Blind-spot monitoring & rear cross-traffic alert|Comfortable interior|Premium audio system|Blind-spot & rear cross-traffic alert,https://ujfuxpqefdvwyjjwcpdu.supabase.co/storage/v1/object/public/car-images/12dcbd13-9724-43bd-9fb7-ad21dd80f7e8-IMG_3699.jpeg|https://ujfuxpqefdvwyjjwcpdu.supabase.co/storage/v1/object/public/car-images/7701d6c1-bda5-444e-8a31-8669acb819a3-IMG_3702.jpeg|https://ujfuxpqefdvwyjjwcpdu.supabase.co/storage/v1/object/public/car-images/30a4b062-431a-4edc-8294-3db3a61b28cd-IMG_3703.jpeg|https://ujfuxpqefdvwyjjwcpdu.supabase.co/storage/v1/object/public/car-images/ec69fbe3-3f5b-4f8c-a109-82239ed30a1d-IMG_3704.jpeg|https://ujfuxpqefdvwyjjwcpdu.supabase.co/storage/v1/object/public/car-images/19c1ca46-0983-4a5d-a087-65903144d64b-IMG_3706.jpeg|https://ujfuxpqefdvwyjjwcpdu.supabase.co/storage/v1/object/public/car-images/9580947a-c920-4187-b05d-cbcdbbd8abe0-IMG_3707.jpeg|https://ujfuxpqefdvwyjjwcpdu.supabase.co/storage/v1/object/public/car-images/7c1c9f05-18db-46d9-9222-6002ba9af583-IMG_3709.jpeg|https://ujfuxpqefdvwyjjwcpdu.supabase.co/storage/v1/object/public/car-images/b58ef5c9-5b7b-4577-9c0c-defe2c4b075d-IMG_3710.jpeg|https://ujfuxpqefdvwyjjwcpdu.supabase.co/storage/v1/object/public/car-images/9fe19b5a-6c32-48d3-9825-98da1d841fc8-IMG_3708.jpeg|https://ujfuxpqefdvwyjjwcpdu.supabase.co/storage/v1/object/public/car-images/91692d7a-1e86-4e59-8e0c-c61289fcebc5-IMG_3705.jpeg|https://ujfuxpqefdvwyjjwcpdu.supabase.co/storage/v1/object/public/car-images/76afe3e1-91ff-440d-88f9-505cb22cdeb1-IMG_3701.jpeg|https://ujfuxpqefdvwyjjwcpdu.supabase.co/storage/v1/object/public/car-images/15d80dac-7c7c-49de-bddb-260171b56ab3-IMG_3694.jpeg|https://ujfuxpqefdvwyjjwcpdu.supabase.co/storage/v1/object/public/car-images/aed5efea-5c50-41e0-b6a4-35abfa9bd065-IMG_3695.jpeg|https://ujfuxpqefdvwyjjwcpdu.supabase.co/storage/v1/object/public/car-images/882cc904-4116-4295-a62a-bf35a0977300-IMG_3698.jpeg|https://ujfuxpqefdvwyjjwcpdu.supabase.co/storage/v1/object/public/car-images/92a2bcc4-17c1-4bae-a111-c2593e9bf45c-IMG_3697.jpeg|https://ujfuxpqefdvwyjjwcpdu.supabase.co/storage/v1/object/public/car-images/fc1430de-eb15-4008-b261-a19c73b53dc2-IMG_3700.jpeg,90-Day Warranty,false,false
2024,Hyundai ,Elantra SEL ,,,12000,800,5117,Excellent,Gasoline,Automatic,FWD,,,KMHLS4DG5RU793903,"The 2024 Hyundai Elantra SEL Sedan is a stylish, efficient, and well-equipped compact sedan designed for everyday driving and long-distance comfort. With its modern exterior lines and thoughtful interior features, the Elantra SEL strikes an ideal balance between practicality and advanced technology. Interior & Comfort
Inside, the Elantra offers a comfortable, driver-focused cabin with quality materials and intuitive controls. Key interior features include:
	•	Seating for five passengers with generous legroom and headroom
	•	Dual-zone automatic climate control
	•	Power windows and driver’s one-touch up/down function
	•	Spacious 14.2 cu. ft. trunk for daily cargo and travel gear
	•	Cloth seating surfaces with supportive cushioning
	•	Available technology upgrades with package options",Engine: 4-Cylinder 2.0L|Transmission: Automatic|Color: Gray exterior|Doors: 4|Runs & drives perfectly|Side airbags & dual front airbags|Blind-spot detection|Lane departure warning system|Backup camera|ABS (4-wheel)|traction & stability control|Hill start assist|Air conditioning|Navigation system|Bluetooth wireless|AM/FM/HD Radio & SiriusXM|Keyless entry & alarm system|LED headlamps & daytime running lights|Alloy wheels|Tilt & telescoping steering wheel|Power door locks & remote trunk release|Vehicle runs very well|Smooth & quiet ride|Drives great|Spotless interior|Family-friendly|Excellent first car or daily driver,https://ujfuxpqefdvwyjjwcpdu.supabase.co/storage/v1/object/public/car-images/94c7b258-c62b-4afa-b1e9-cef7da2c967b-IMG_4038.jpeg|https://ujfuxpqefdvwyjjwcpdu.supabase.co/storage/v1/object/public/car-images/d707bbd3-901c-4862-9c0c-94adf645359c-IMG_4039.jpeg|https://ujfuxpqefdvwyjjwcpdu.supabase.co/storage/v1/object/public/car-images/117295f7-7dc1-4bf4-93ff-0cc40f003e88-IMG_4036.jpeg|https://ujfuxpqefdvwyjjwcpdu.supabase.co/storage/v1/object/public/car-images/94ab64fd-9a99-42e2-92a1-1fe5bf8c670a-IMG_4033.jpeg|https://ujfuxpqefdvwyjjwcpdu.supabase.co/storage/v1/object/public/car-images/c87dbdc2-806c-4c91-8a88-001ec1f20b9c-IMG_4035.jpeg|https://ujfuxpqefdvwyjjwcpdu.supabase.co/storage/v1/object/public/car-images/72363b30-d5b3-45f9-a6ce-21abbca786c8-IMG_4030.jpeg|https://ujfuxpqefdvwyjjwcpdu.supabase.co/storage/v1/object/public/car-images/21604d35-8d8f-40d4-b987-09a64e89295d-IMG_4032.jpeg|https://ujfuxpqefdvwyjjwcpdu.supabase.co/storage/v1/object/public/car-images/49349fd6-67e4-4fd6-8f1d-37636e7ae3e6-IMG_4029.jpeg|https://ujfuxpqefdvwyjjwcpdu.supabase.co/storage/v1/object/public/car-images/855c9d77-bb9a-44b9-b5f9-2fe06e18ecd8-IMG_4027.jpeg|https://ujfuxpqefdvwyjjwcpdu.supabase.co/storage/v1/object/public/car-images/4fcd7729-eaf9-43c7-acc3-dc564b08cc90-IMG_4028.jpeg|https://ujfuxpqefdvwyjjwcpdu.supabase.co/storage/v1/object/public/car-images/e14b70d5-db97-4c45-8be3-00b576962c95-IMG_4048.jpeg|https://ujfuxpqefdvwyjjwcpdu.supabase.co/storage/v1/object/public/car-images/9ea8f351-a431-4e8e-b841-3b028f5a4400-IMG_4031.jpeg|https://ujfuxpqefdvwyjjwcpdu.supabase.co/storage/v1/object/public/car-images/b45569c1-6aa0-48d2-b954-1efc3848e036-IMG_4034.jpeg|https://ujfuxpqefdvwyjjwcpdu.supabase.co/storage/v1/object/public/car-images/8133b3d6-4ecd-4aba-892a-4251d195194a-IMG_4037.jpeg|https://ujfuxpqefdvwyjjwcpdu.supabase.co/storage/v1/object/public/car-images/23d69b2c-7ebf-4426-9c3e-b474d15f56e7-IMG_4040.jpeg|https://ujfuxpqefdvwyjjwcpdu.supabase.co/storage/v1/object/public/car-images/a3e42a0e-7281-4e27-9a92-045f55aaf44c-IMG_4042.jpeg|https://ujfuxpqefdvwyjjwcpdu.supabase.co/storage/v1/object/public/car-images/32d3552a-ca23-4a45-98ec-fb5b6a503d2a-IMG_4045.jpeg|https://ujfuxpqefdvwyjjwcpdu.supabase.co/storage/v1/object/public/car-images/f0b2653e-c09e-43ad-b74a-a4cf0eb64220-IMG_4043.jpeg|https://ujfuxpqefdvwyjjwcpdu.supabase.co/storage/v1/object/public/car-images/fe668265-f01f-4593-973c-4cd38879cec2-IMG_4041.jpeg|https://ujfuxpqefdvwyjjwcpdu.supabase.co/storage/v1/object/public/car-images/3d72da9d-afbb-4fab-b9c2-d5bd36be61d7-IMG_4044.jpeg,90-Day Warranty,false,false
2021,INFINITI ,QX50 AWD LUXE ,,,10000,800,57000,Excellent,Gasoline,Automatic,AWD,White,Black,3PCAJ5BB3MF118984,"The 2021 INFINITI QX50 AWD Luxe is a refined luxury compact SUV that blends elegant styling, everyday practicality, and advanced comfort features. Designed for drivers who want premium quality without compromise, the QX50 Luxe delivers confident all-weather capability and spirited performance. Performance & Capability
Under the hood, the QX50 Luxe is powered by a 2.0-liter turbocharged 4-cylinder engine producing 268 horsepower and 280 lb-ft of torque, paired with a smooth Continuously Variable Transmission (CVT) and All-Wheel Drive (AWD) for enhanced traction in varied road conditions. Exterior & Design
The QX50 Luxe features a striking exterior with refined lines and premium accents. Standard elements often include stylish alloy wheels, LED lighting, roof rails, and a panoramic sunroof (depending on options), making a bold statement on any road.  ￼

Interior Comfort & Luxury
Inside, the QX50 Luxe offers a quiet, upscale cabin with seating for five and thoughtfully designed space. Premium materials, power-adjustable seats, and dual-zone climate control ensure comfort on every journey. Cargo capacity is practical for daily errands or weekend getaways.  ￼

Technology & Connectivity
Enjoy modern connectivity with features like:
	•	Apple CarPlay® and Android Auto™ integration
	•	Bluetooth® and USB audio inputs
	•	Satellite radio ready infotainment setup
	•	Voice recognition controls
These conveniences keep you connected and entertained whether you’re on the daily commute or a long drive.",Rebuilt title | Fully Paid Off|Leather interior|Heated front seats|Panoramic sunroof|Apple CarPlay & Android Auto|Premium sound system|Blind-spot monitoring|Rear cross-traffic alert|Backup camera|Alloy wheels|Runs and drives great|Smooth & comfortable ride|Well maintained|No mechanical issues,https://ujfuxpqefdvwyjjwcpdu.supabase.co/storage/v1/object/public/car-images/7f785be6-4bc1-4518-92fe-eafba7856282-IMG_4099.jpeg|https://ujfuxpqefdvwyjjwcpdu.supabase.co/storage/v1/object/public/car-images/c4ab5181-c708-4f89-8a69-92481c62d96b-IMG_4096.jpeg|https://ujfuxpqefdvwyjjwcpdu.supabase.co/storage/v1/object/public/car-images/820ff5c8-4ea5-4fb8-83bd-93e2c2b0a1b1-IMG_4093.jpeg|https://ujfuxpqefdvwyjjwcpdu.supabase.co/storage/v1/object/public/car-images/0d464f59-07e1-4e64-b67f-568acf5fd280-IMG_4094.jpeg|https://ujfuxpqefdvwyjjwcpdu.supabase.co/storage/v1/object/public/car-images/bf2a88ad-0563-40d5-961f-8015f6a749c9-IMG_4095.jpeg|https://ujfuxpqefdvwyjjwcpdu.supabase.co/storage/v1/object/public/car-images/6520a876-093a-47d8-bc8a-f25d132f3a3e-IMG_4092.jpeg|https://ujfuxpqefdvwyjjwcpdu.supabase.co/storage/v1/object/public/car-images/95d18359-f281-486d-b369-7910fe2d5965-IMG_4098.jpeg|https://ujfuxpqefdvwyjjwcpdu.supabase.co/storage/v1/object/public/car-images/42a60413-24a4-4ea3-914c-2be1c82336d8-IMG_4102.jpeg|https://ujfuxpqefdvwyjjwcpdu.supabase.co/storage/v1/object/public/car-images/06f2ccb0-2546-4085-924f-6bdfc87fe042-IMG_4101.jpeg|https://ujfuxpqefdvwyjjwcpdu.supabase.co/storage/v1/object/public/car-images/3345db47-3523-4267-9764-1205ae43aebd-IMG_4105.jpeg|https://ujfuxpqefdvwyjjwcpdu.supabase.co/storage/v1/object/public/car-images/0bd6d3ab-debb-415a-8969-5d5d5fbc8fd2-IMG_4107.jpeg|https://ujfuxpqefdvwyjjwcpdu.supabase.co/storage/v1/object/public/car-images/f8c647c2-a675-4c92-a22e-127c585a1071-IMG_4091.jpeg|https://ujfuxpqefdvwyjjwcpdu.supabase.co/storage/v1/object/public/car-images/2485e64f-78f3-46a3-897a-a25324cdd615-IMG_4097.jpeg|https://ujfuxpqefdvwyjjwcpdu.supabase.co/storage/v1/object/public/car-images/4176f148-927b-4047-9801-0c02e9f7db36-IMG_4100.jpeg|https://ujfuxpqefdvwyjjwcpdu.supabase.co/storage/v1/object/public/car-images/0e4cb1b0-c71f-40a9-b825-de606e4c8964-IMG_4103.jpeg|https://ujfuxpqefdvwyjjwcpdu.supabase.co/storage/v1/object/public/car-images/a94656a0-3f8d-40b4-ad6a-92723add256b-IMG_4104.jpeg|https://ujfuxpqefdvwyjjwcpdu.supabase.co/storage/v1/object/public/car-images/a1f86c13-7755-43ab-912f-3966c7a1eefc-IMG_4106.jpeg|https://ujfuxpqefdvwyjjwcpdu.supabase.co/storage/v1/object/public/car-images/45f64b68-553c-4c75-9928-21dfb64c456b-IMG_4108.jpeg|https://ujfuxpqefdvwyjjwcpdu.supabase.co/storage/v1/object/public/car-images/b2b2713e-d184-4bf9-b358-e9bf5ef78d5d-IMG_4109.jpeg,90-Day Warranty,false,false
2025,Honda,HR-V Sport AWD,,,12000,1000,2000,Excellent,Gasoline,Automatic,,White,Black,3CZRZ2H39SM778895,"2025 Honda HR-V Sport AWD – Practically New, Ultra-Low Miles, Priced to Move

If you’re looking for a like-new SUV without paying new-car prices, this 2025 Honda HR-V Sport AWD is a rare find. With only 2,000 original miles, this vehicle is practically brand new, clean inside and out, and ready for immediate delivery.

Finished in a white exterior with a black interior, this HR-V features Honda’s Sport trim, advanced safety technology, and All-Wheel Drive (AWD) for confident driving in all conditions. It comes with a rebuilt title, has been properly inspected, and runs and drives perfectly with no mechanical issues.

Why This 2025 Honda HR-V Is a Smart Buy

Only 2,000 miles – nearly brand new
Sport trim with AWD
Loaded with modern technology and safety features
Fuel-efficient and dependable
Financing available
Only $1,000 down secures this vehicle

Inventory is limited and demand is high.
Apply online, reserve it today, or contact us before it’s gone.",Title: Rebuilt|Financing: Available|All-Wheel Drive (AWD)|2.0L 4-Cylinder Engine|Automatic Transmission|Sport-Tuned Suspension|Electric Power Steering|Sport exterior styling package|LED headlights and LED daytime running lights|Sport alloy wheels|Rear spoiler|Heated power side mirrors|Rear privacy glass|Black sport cloth seats|Push-button start|Keyless entry|Automatic climate control|Multi-function steering wheel|Cruise control|Power windows and power door locks|60/40 split-folding rear seats|Spacious cargo area|Touchscreen display|Apple CarPlay® and Android Auto™|Bluetooth® hands-free calling and audio streaming|USB charging ports Voice command system|AM/FM audio system|Honda Sensing® safety suite|Collision mitigation braking system|Lane keeping assist|Road departure mitigation|Adaptive cruise control|Blind spot monitoring|Rearview backup camera|ABS traction control and stability control|Multiple airbags,https://ujfuxpqefdvwyjjwcpdu.supabase.co/storage/v1/object/public/car-images/320f605f-f869-4042-801c-0127b88c275a-IMG_4212.jpeg|https://ujfuxpqefdvwyjjwcpdu.supabase.co/storage/v1/object/public/car-images/ea3ffa10-7cf0-416d-a125-9f677d0b402c-IMG_4210.jpeg|https://ujfuxpqefdvwyjjwcpdu.supabase.co/storage/v1/object/public/car-images/2cf0c360-38f6-4188-a326-e37497f7fd7d-IMG_4218.jpeg|https://ujfuxpqefdvwyjjwcpdu.supabase.co/storage/v1/object/public/car-images/f38fae47-9616-40a4-af13-8a15326b6a03-IMG_4214.jpeg|https://ujfuxpqefdvwyjjwcpdu.supabase.co/storage/v1/object/public/car-images/0356657f-222b-48f5-ae2f-2472c2916015-IMG_4216.jpeg|https://ujfuxpqefdvwyjjwcpdu.supabase.co/storage/v1/object/public/car-images/29d45af7-7586-44fc-9759-922ff76ea050-IMG_4213.jpeg|https://ujfuxpqefdvwyjjwcpdu.supabase.co/storage/v1/object/public/car-images/a66c3d7e-6c9e-4377-9b25-3d664784609f-IMG_4215.jpeg|https://ujfuxpqefdvwyjjwcpdu.supabase.co/storage/v1/object/public/car-images/11d9cd29-7441-4ceb-b5d6-da1276bde338-IMG_4217.jpeg|https://ujfuxpqefdvwyjjwcpdu.supabase.co/storage/v1/object/public/car-images/38bd4578-f2d8-4060-99b5-a865d12a97ea-IMG_4219.jpeg|https://ujfuxpqefdvwyjjwcpdu.supabase.co/storage/v1/object/public/car-images/8addb5d7-66fe-444c-9997-678e9b5b1576-IMG_4220.jpeg|https://ujfuxpqefdvwyjjwcpdu.supabase.co/storage/v1/object/public/car-images/ecea0669-4113-476b-9bbc-b9295bd080c3-IMG_4221.jpeg|https://ujfuxpqefdvwyjjwcpdu.supabase.co/storage/v1/object/public/car-images/1b07ca9d-fecb-47d2-895c-ff812f697aac-IMG_4222.jpeg|https://ujfuxpqefdvwyjjwcpdu.supabase.co/storage/v1/object/public/car-images/cd2da98e-ed1c-4268-b549-166374f4a70c-IMG_4223.jpeg|https://ujfuxpqefdvwyjjwcpdu.supabase.co/storage/v1/object/public/car-images/46a9a813-588e-4f67-84c3-88255c9a8f9c-IMG_4226.jpeg|https://ujfuxpqefdvwyjjwcpdu.supabase.co/storage/v1/object/public/car-images/545ca75e-48a0-44bd-8763-5710280444fc-IMG_4227.jpeg|https://ujfuxpqefdvwyjjwcpdu.supabase.co/storage/v1/object/public/car-images/d3c9718e-2947-4b25-8223-5406b94262bb-IMG_4225.jpeg|https://ujfuxpqefdvwyjjwcpdu.supabase.co/storage/v1/object/public/car-images/dea70ad2-d955-4321-8ceb-a7c05153956b-IMG_4224.jpeg|https://ujfuxpqefdvwyjjwcpdu.supabase.co/storage/v1/object/public/car-images/7bd1b06a-8573-4f3b-9f92-8bb7da3bad26-IMG_4228.jpeg,90-Day Warranty,false,false
2021,Lexus ,IS 300,,,7000,800,70000,Excellent,Gasoline,Automatic,,Beige,Black,JTHAA1D2XM5109835,"2021 Lexus IS 300 – Luxury Sedan, Priced to Sell Fast

Experience Lexus luxury, performance, and reliability at an unbeatable price. This 2021 Lexus IS 300 is a stylish and dependable sedan with 70,000 miles, a smooth automatic transmission, and a refined interior built for comfort and performance.

Finished in a beige exterior with a black interior, this vehicle is clean, well-kept, and runs perfectly with no mechanical issues. It is a one-owner vehicle, fully paid off, and comes with a rebuilt title, allowing you to save thousands compared to market value.


Why This Lexus IS 300 Is a Smart Buy

Luxury sedan at an affordable price
Reliable Lexus engineering
One-owner vehicle
Smooth, comfortable daily driver
Low down payment option
Ready for immediate delivery

🚨 Deals like this do not last.",Title: Rebuilt|Fully Paid Off|One Owner|Rear-Wheel Drive (RWD)|2.0L Turbocharged 4-Cylinder Engine|Automatic Transmission|Sport-tuned suspension|Electric power steering|Lexus signature exterior styling|LED headlights and LED daytime running lights|Alloy wheels|Body-color mirrors and door handles|Power-adjustable side mirrors|Black premium interior|Power-adjustable front seats|Push-button start|Keyless entry|Dual-zone automatic climate control|Leather-wrapped steering wheel|Multi-function steering wheel|Cruise control|Power windows and power door locks|Fold-down rear seats|Touchscreen infotainment display|Bluetooth® hands-free calling and audio streaming|USB connectivity|AM/FM audio system|Steering-wheel-mounted audio controls|Backup camera|Stability control and traction control|ABS braking system|Multiple airbags.,https://ujfuxpqefdvwyjjwcpdu.supabase.co/storage/v1/object/public/car-images/947c47f7-d9d7-48ca-95f8-7049c14f3d33-IMG_4240.jpeg|https://ujfuxpqefdvwyjjwcpdu.supabase.co/storage/v1/object/public/car-images/a2d87126-ce86-49d2-b744-9806d6daea4d-IMG_4231.jpeg|https://ujfuxpqefdvwyjjwcpdu.supabase.co/storage/v1/object/public/car-images/12d8f34e-e797-43cb-9c2b-f7f5e421d2bd-IMG_4233.jpeg|https://ujfuxpqefdvwyjjwcpdu.supabase.co/storage/v1/object/public/car-images/1fbb9174-926e-48ed-a1bc-290fd84dc4ee-IMG_4232.jpeg|https://ujfuxpqefdvwyjjwcpdu.supabase.co/storage/v1/object/public/car-images/cf837f87-9eac-483a-80ce-c509dab0e07e-IMG_4234.jpeg|https://ujfuxpqefdvwyjjwcpdu.supabase.co/storage/v1/object/public/car-images/81da8bc7-f92c-41bb-9293-05fd5b8296e9-IMG_4235.jpeg|https://ujfuxpqefdvwyjjwcpdu.supabase.co/storage/v1/object/public/car-images/6b938cf7-e32f-44d1-8124-7a140749b5a0-IMG_4236.jpeg|https://ujfuxpqefdvwyjjwcpdu.supabase.co/storage/v1/object/public/car-images/15321f09-bb65-4ff3-9113-a278e74474d8-IMG_4237.jpeg|https://ujfuxpqefdvwyjjwcpdu.supabase.co/storage/v1/object/public/car-images/b84c791d-13f9-4e68-a7bb-9e83a50bb6f8-IMG_4238.jpeg|https://ujfuxpqefdvwyjjwcpdu.supabase.co/storage/v1/object/public/car-images/2882d6de-a94b-4f3f-be7f-f610973cae2c-IMG_4241.jpeg|https://ujfuxpqefdvwyjjwcpdu.supabase.co/storage/v1/object/public/car-images/cc4b932a-c3c5-497a-8d0d-3616431998ab-IMG_4242.jpeg|https://ujfuxpqefdvwyjjwcpdu.supabase.co/storage/v1/object/public/car-images/c68a7589-2f40-40f1-a9a3-6248fa30d8e9-IMG_4244.jpeg|https://ujfuxpqefdvwyjjwcpdu.supabase.co/storage/v1/object/public/car-images/dc497975-2fcc-42bd-b939-1d864b28c865-IMG_4243.jpeg|https://ujfuxpqefdvwyjjwcpdu.supabase.co/storage/v1/object/public/car-images/020e225d-e02c-462c-a81d-b9597628cf6c-IMG_4246.jpeg|https://ujfuxpqefdvwyjjwcpdu.supabase.co/storage/v1/object/public/car-images/b79f6577-c86f-443f-a19d-9a4ab720f0ea-IMG_4248.jpeg|https://ujfuxpqefdvwyjjwcpdu.supabase.co/storage/v1/object/public/car-images/538158c2-c193-463d-a13b-b4db9889da96-IMG_4245.jpeg|https://ujfuxpqefdvwyjjwcpdu.supabase.co/storage/v1/object/public/car-images/642bd374-0fd9-4769-b2b2-d765b42b00bb-IMG_4247.jpeg|https://ujfuxpqefdvwyjjwcpdu.supabase.co/storage/v1/object/public/car-images/05c98e79-b3f9-4e77-a619-9c88e6d43d24-IMG_4230.jpeg|https://ujfuxpqefdvwyjjwcpdu.supabase.co/storage/v1/object/public/car-images/785661fd-4ffb-4844-9dfd-813fdea24032-IMG_4239.jpeg,90-Day Warranty,false,false
2018,Hyundai,Sonata Sport,,,6000,800,6000,Excellent,Gasoline,Automatic,,Silver,Black,5NPE34AF6JH667635,"2018 Hyundai Sonata Sport – Reliable, Sporty Sedan, Priced to Move

This 2018 Hyundai Sonata Sport delivers the perfect balance of style, comfort, safety, and affordability. With 60,000 miles, a smooth automatic transmission, and a sporty design, this sedan is an excellent choice for a daily driver or first-time buyer.

Finished in a silver exterior with a black interior, this vehicle is clean inside and out, runs and drives great, and has no mechanical issues. It is a one-owner vehicle, fully paid off, and comes with a rebuilt title with no airbags deployed and no frame damage, giving you peace of mind while saving thousands off retail value.

Why This Hyundai Sonata Sport Is a Smart Buy

Affordable sporty sedan
Low mileage for the year
Strong safety ratings
Comfort-loaded with leather, heated seats, and sunroof
Low down payment option
Ready for immediate delivery

🚨 Clean units at this price do not last.",Title: Rebuilt (No Airbags Deployed|No Frame Damage)|Paid Off|One Owner|5/5 NHTSA Safety Rating|Front-Wheel Drive (FWD)|2.4L 4-Cylinder Engine|Automatic Transmission|Sport suspension tuning|Electric power steering|Sport exterior styling package|Alloy wheels|LED daytime running lights|Power sunroof|Heated side mirrors|Rear spoiler|Leather seats|Heated front seats|Power-adjustable driver seat|Push-button start|Keyless entry|Dual-zone automatic climate control|Multi-function steering wheel|Cruise control|Power windows and power door locks|Split-folding rear seats|Touchscreen display|Bluetooth® hands-free calling and audio streaming|USB charging ports|AM/FM audio system|Blind-spot monitoring|Rearview backup camera|ABS|traction control and stability control|Multiple airbags.,https://ujfuxpqefdvwyjjwcpdu.supabase.co/storage/v1/object/public/car-images/e260f2df-0d5a-4df7-9554-dd3617824305-IMG_4250.jpeg|https://ujfuxpqefdvwyjjwcpdu.supabase.co/storage/v1/object/public/car-images/e1b7d91b-5036-4ad0-bdc7-9e7dab4dc42d-IMG_4251.jpeg|https://ujfuxpqefdvwyjjwcpdu.supabase.co/storage/v1/object/public/car-images/1245618f-e298-4ea2-ad50-e714a3eb59c0-IMG_4252.jpeg|https://ujfuxpqefdvwyjjwcpdu.supabase.co/storage/v1/object/public/car-images/0285093e-6088-4ac0-9fd3-8236226d4fee-IMG_4253.jpeg|https://ujfuxpqefdvwyjjwcpdu.supabase.co/storage/v1/object/public/car-images/bc60130c-0939-4d23-8d3b-ea13677e50a0-IMG_4254.jpeg|https://ujfuxpqefdvwyjjwcpdu.supabase.co/storage/v1/object/public/car-images/3433e232-2941-45ab-b030-46d7ececd0a7-IMG_4255.jpeg|https://ujfuxpqefdvwyjjwcpdu.supabase.co/storage/v1/object/public/car-images/a5386853-0665-4dcd-946d-62fa7468348f-IMG_4256.jpeg|https://ujfuxpqefdvwyjjwcpdu.supabase.co/storage/v1/object/public/car-images/55e55483-5a8f-45cb-b5f9-3eb0c3719721-IMG_4258.jpeg|https://ujfuxpqefdvwyjjwcpdu.supabase.co/storage/v1/object/public/car-images/9d3ac958-4e41-4176-bd0b-42925bd7de29-IMG_4259.jpeg|https://ujfuxpqefdvwyjjwcpdu.supabase.co/storage/v1/object/public/car-images/9dae1347-df89-484e-ae1a-6dca348b9f06-IMG_4257.jpeg|https://ujfuxpqefdvwyjjwcpdu.supabase.co/storage/v1/object/public/car-images/28d87dc4-7352-4ca6-bc0b-6a169126bffe-IMG_4260.jpeg|https://ujfuxpqefdvwyjjwcpdu.supabase.co/storage/v1/object/public/car-images/122ce5d7-d418-4c13-b5e8-a09b79af3ef5-IMG_4261.jpeg|https://ujfuxpqefdvwyjjwcpdu.supabase.co/storage/v1/object/public/car-images/912d4faa-fc8e-4be4-89bf-6f6b53d8cee5-IMG_4262.jpeg|https://ujfuxpqefdvwyjjwcpdu.supabase.co/storage/v1/object/public/car-images/3c9c729e-ce26-4f34-a76c-9664a35127d0-IMG_4263.jpeg|https://ujfuxpqefdvwyjjwcpdu.supabase.co/storage/v1/object/public/car-images/441e34a0-798c-40a0-85b3-2852b925c5f8-IMG_4264.jpeg|https://ujfuxpqefdvwyjjwcpdu.supabase.co/storage/v1/object/public/car-images/f01ef2a4-7b70-45f5-aae6-d93ff7bd6c5b-IMG_4265.jpeg|https://ujfuxpqefdvwyjjwcpdu.supabase.co/storage/v1/object/public/car-images/fe12606d-c365-4261-8146-43b69dca6867-IMG_4266.jpeg,90-Day Warranty,false,false
2024,Honda,Civic Si,,,8000,700,33000,Excellent,Gasoline,Automatic,,White,Black,2HGFE1E5XRH474327,"2024 Honda Civic Si – Sport Sedan, Low Miles, Priced to Sell

This 2024 Honda Civic Si delivers the perfect mix of sporty performance, fuel efficiency, and everyday reliability. With 33,000 miles, a smooth automatic transmission, and Honda’s legendary build quality, this sedan is an excellent choice for a daily driver with a performance feel.

Finished in a white exterior with a black interior, this Civic Si is clean, well-kept, and runs and drives great. It is a one-owner vehicle, fully paid off, and ready for immediate delivery. If you’re looking for a sporty sedan that’s affordable and dependable, this is it.

Why This 2024 Honda Civic Si Is a Smart Buy

Sporty Si trim with everyday practicality
Low mileage 2024 model
One-owner and fully paid off
Fuel-efficient and reliable
Low down payment option
Ready for immediate delivery",Fully Paid Off|One Owner|Front-Wheel Drive (FWD)|Turbocharged 4-Cylinder Engine|Automatic Transmission|Sport-tuned suspension|Electric power steering|Si sport exterior styling package|LED headlights and LED daytime running lights|Sport alloy wheels|Body-color mirrors and door handles|Rear spoiler|Black sport interior|Sport seats|Push-button start|Keyless entry|Dual-zone automatic climate control|Leather-wrapped steering wheel|Multi-function steering wheel|Cruise control|Power windows and power door locks|Split-folding rear seats|Touchscreen infotainment display|Apple CarPlay® and Android Auto™|Bluetooth® hands-free calling and audio streaming|USB charging ports|AM/FM audio system|Honda Sensing® safety suite|Collision mitigation braking system|Lane keeping assist|Road departure mitigation|Adaptive cruise control|Rearview backup camera|ABS|traction control and stability control|Multiple airbags.,https://ujfuxpqefdvwyjjwcpdu.supabase.co/storage/v1/object/public/car-images/825f8b5b-9b18-4f2e-8dfc-4724a8db9beb-IMG_4270.jpeg|https://ujfuxpqefdvwyjjwcpdu.supabase.co/storage/v1/object/public/car-images/79266dd9-630e-4b71-a595-a31d1bbe9aac-IMG_4269.jpeg|https://ujfuxpqefdvwyjjwcpdu.supabase.co/storage/v1/object/public/car-images/b953a58b-c7ca-4844-988b-3186f10f8b4f-IMG_4271.jpeg|https://ujfuxpqefdvwyjjwcpdu.supabase.co/storage/v1/object/public/car-images/444344d8-cdfc-4491-8440-8e306791f491-IMG_4272.jpeg|https://ujfuxpqefdvwyjjwcpdu.supabase.co/storage/v1/object/public/car-images/1cc7c408-d4df-4d5f-8a21-eb61c0aaf4c1-IMG_4273.jpeg|https://ujfuxpqefdvwyjjwcpdu.supabase.co/storage/v1/object/public/car-images/695ccfac-9508-4a39-a1c1-ad0c1587ce7b-IMG_4274.jpeg|https://ujfuxpqefdvwyjjwcpdu.supabase.co/storage/v1/object/public/car-images/b86e55b0-8dc6-4dc6-a879-87d5f91fc076-IMG_4275.jpeg|https://ujfuxpqefdvwyjjwcpdu.supabase.co/storage/v1/object/public/car-images/9c2d8c8a-e780-41b1-bc51-7a8838d14574-IMG_4276.jpeg|https://ujfuxpqefdvwyjjwcpdu.supabase.co/storage/v1/object/public/car-images/f659b003-6906-4b51-837a-215cd6fe5f62-IMG_4277.jpeg|https://ujfuxpqefdvwyjjwcpdu.supabase.co/storage/v1/object/public/car-images/76069e15-d81b-4a62-8dda-7ab216154e47-IMG_4278.jpeg|https://ujfuxpqefdvwyjjwcpdu.supabase.co/storage/v1/object/public/car-images/37c1e29b-ad48-48bf-a6bb-5a23632b8706-IMG_4279.jpeg|https://ujfuxpqefdvwyjjwcpdu.supabase.co/storage/v1/object/public/car-images/309a02bf-eda9-44d8-a3bc-5b7001999522-IMG_4280.jpeg|https://ujfuxpqefdvwyjjwcpdu.supabase.co/storage/v1/object/public/car-images/9d6ed31d-4c6a-4d4a-8f10-45256c4e02e7-IMG_4281.jpeg|https://ujfuxpqefdvwyjjwcpdu.supabase.co/storage/v1/object/public/car-images/6c1207d0-a39a-44e7-803e-ead4676865cc-IMG_4282.jpeg|https://ujfuxpqefdvwyjjwcpdu.supabase.co/storage/v1/object/public/car-images/bf944e82-9ff3-42a0-a57e-ee2e59838e85-IMG_4283.jpeg|https://ujfuxpqefdvwyjjwcpdu.supabase.co/storage/v1/object/public/car-images/4c0abe9b-c4d5-4143-8ea0-bea475440877-IMG_4284.jpeg|https://ujfuxpqefdvwyjjwcpdu.supabase.co/storage/v1/object/public/car-images/a11bd05f-a219-4eba-af50-e93329a4640a-IMG_4285.jpeg|https://ujfuxpqefdvwyjjwcpdu.supabase.co/storage/v1/object/public/car-images/722a14f2-659c-4243-a27e-ed90ae0a4258-IMG_4286.jpeg|https://ujfuxpqefdvwyjjwcpdu.supabase.co/storage/v1/object/public/car-images/a3f31833-d0ed-4696-a578-9175e44bd32e-IMG_4287.jpeg|https://ujfuxpqefdvwyjjwcpdu.supabase.co/storage/v1/object/public/car-images/7cc568c2-43e1-4ad6-b73d-7727c8e71819-IMG_4288.jpeg,90-Day Warranty,false,false
2025,Honda,Civic Sport,,,9000,800,12000,Excellent,Gasoline,Automatic,,Blue,Black,2HGFE2F56SH525770,"2025 Honda Civic Sport – Low Mileage, Sporty Sedan, Priced to Move

This 2025 Honda Civic Sport offers the perfect combination of modern styling, fuel efficiency, and Honda reliability. With only 12,000 miles, this sedan is clean, well-kept, and ready for immediate delivery.

Finished in a blue exterior with a black interior, this Civic is a one-owner vehicle, fully paid off, and runs and drives great with no mechanical issues. Whether you’re looking for a dependable daily driver or a sporty sedan with low mileage, this Civic checks all the boxes.

Why This 2025 Honda Civic Sport Is a Smart Buy

Low-mileage 2025 model
Sport trim with modern design
One-owner and fully paid off
Fuel-efficient and reliable
Low down payment option
Ready for immediate delivery

🚨 Low-mile Civics at this price do not last.",Fully Paid Off|One Owner|Front-Wheel Drive (FWD)|2.0L 4-Cylinder Engine|Automatic Transmission|Sport-tuned suspension|Electric power steering|Sport exterior styling package|LED headlights and LED daytime running lights|Sport alloy wheels|Body-color mirrors and door handles|Black sport interior|Sport cloth seats|Push-button start|Keyless entry|Automatic climate control|Multi-function steering wheel|Cruise control|Power windows and power door locks|Split-folding rear seats|Touchscreen infotainment display|Apple CarPlay® and Android Auto™|Bluetooth® hands-free calling and audio streaming|USB charging ports|AM/FM audio system|Honda Sensing® safety suite|Collision mitigation braking system|Lane keeping assist|Road departure mitigation|Adaptive cruise control|Rearview backup camera|ABS|traction control and stability control|Multiple airbags.,https://ujfuxpqefdvwyjjwcpdu.supabase.co/storage/v1/object/public/car-images/7cddb247-5b3f-423e-9c6f-9f3c1d956d61-IMG_4291.jpeg|https://ujfuxpqefdvwyjjwcpdu.supabase.co/storage/v1/object/public/car-images/3a55d309-ee14-4d15-9c52-bdbccb127ab7-IMG_4290.jpeg|https://ujfuxpqefdvwyjjwcpdu.supabase.co/storage/v1/object/public/car-images/6d270ef8-5be3-432c-9952-5e95e880b6c0-IMG_4292.jpeg|https://ujfuxpqefdvwyjjwcpdu.supabase.co/storage/v1/object/public/car-images/00850a44-f2c2-4a35-9c1c-b56d8dbabe18-IMG_4293.jpeg|https://ujfuxpqefdvwyjjwcpdu.supabase.co/storage/v1/object/public/car-images/0e2b1054-d179-4692-8190-1caf9d7fb175-IMG_4294.jpeg|https://ujfuxpqefdvwyjjwcpdu.supabase.co/storage/v1/object/public/car-images/1a5c4e9f-df53-4a04-9078-77cf758bd90f-IMG_4295.jpeg|https://ujfuxpqefdvwyjjwcpdu.supabase.co/storage/v1/object/public/car-images/4fd81c8c-e42d-4044-b479-45a2d914551b-IMG_4296.jpeg|https://ujfuxpqefdvwyjjwcpdu.supabase.co/storage/v1/object/public/car-images/3606e279-5fe4-44ac-9cbb-e53ddc72b859-IMG_4297.jpeg|https://ujfuxpqefdvwyjjwcpdu.supabase.co/storage/v1/object/public/car-images/e1663d54-d7e0-4326-9fd7-cc2b5a11f8fc-IMG_4298.jpeg|https://ujfuxpqefdvwyjjwcpdu.supabase.co/storage/v1/object/public/car-images/a4f05cca-32c7-4ce7-b092-391b2170aa02-IMG_4299.jpeg|https://ujfuxpqefdvwyjjwcpdu.supabase.co/storage/v1/object/public/car-images/f9176519-5fd3-4052-851f-937e7b3f22d5-IMG_4300.jpeg|https://ujfuxpqefdvwyjjwcpdu.supabase.co/storage/v1/object/public/car-images/039eb858-5ff0-4aa8-b6a0-309a65b4022b-IMG_4301.jpeg|https://ujfuxpqefdvwyjjwcpdu.supabase.co/storage/v1/object/public/car-images/4b587924-906d-4289-a685-be572258d331-IMG_4302.jpeg|https://ujfuxpqefdvwyjjwcpdu.supabase.co/storage/v1/object/public/car-images/030acba8-ad49-458b-b0ca-65fe385c0935-IMG_4303.jpeg|https://ujfuxpqefdvwyjjwcpdu.supabase.co/storage/v1/object/public/car-images/515a2a36-e753-4936-8e38-ede882968e5c-IMG_4304.jpeg|https://ujfuxpqefdvwyjjwcpdu.supabase.co/storage/v1/object/public/car-images/5d27876a-a401-4157-859f-875dbf415987-IMG_4305.jpeg|https://ujfuxpqefdvwyjjwcpdu.supabase.co/storage/v1/object/public/car-images/9c37d5bf-ad73-4e3e-9abe-00310f4570c1-IMG_4306.jpeg,90-Day Warranty,false,false
2015,Toyota ,Camry LE ,,,6000,700,32000,Excellent,Gasoline,Automatic,,Very clean,Very clean,4T1BF1FK4FU988158,"2015 Toyota Camry LE – Low-Mileage Sedan, Reliable and Affordable

This 2015 Toyota Camry LE is a well-maintained, reliable, and fuel-efficient sedan with only 32,000 miles — extremely low for its year. With a smooth ride, clean interior and exterior, and Toyota’s legendary reliability, this Camry is perfect for a dependable daily driver.

Finished in a very clean exterior and interior, this vehicle is a one-owner car, comes with financing available, and has a rebuilt blue title, allowing you to save thousands compared to market value. Runs and drives great and is ready for immediate delivery.

Why This 2015 Toyota Camry LE Is a Smart Buy

Extremely low mileage for a 2015 model
Well-maintained and clean inside and out
Reliable Toyota engineering
Smooth and dependable daily driver
Financing available for qualified buyers
Ready for immediate delivery

🚨 Camrys with this mileage and condition at this price do not last.",Rebuilt Blue Title|Financing Available|One Previous Owner|Front-Wheel Drive (FWD)|2.5L I4 Engine|Automatic Transmission|Smooth suspension|Electric power steering|Toyota LE exterior styling|Alloy wheels|LED daytime running lights|Leather interior|Power windows|Power door locks|Rear backup camera|Cruise control|Multi-function steering wheel|Split-folding rear seats|AM/FM audio system|Bluetooth® hands-free calling and audio streaming|USB charging ports|ABS|traction control and stability control|Multiple airbags.,https://ujfuxpqefdvwyjjwcpdu.supabase.co/storage/v1/object/public/car-images/81969c3c-88f8-40c1-949b-be54eccbce36-IMG_4310.jpeg|https://ujfuxpqefdvwyjjwcpdu.supabase.co/storage/v1/object/public/car-images/f72f7976-5c22-4a4b-b3de-74841d410e00-IMG_4308.jpeg|https://ujfuxpqefdvwyjjwcpdu.supabase.co/storage/v1/object/public/car-images/9e11764c-ec6f-49f9-abe0-35b332945274-IMG_4309.jpeg|https://ujfuxpqefdvwyjjwcpdu.supabase.co/storage/v1/object/public/car-images/2abe421b-f279-4594-b1ad-922f81278b1f-IMG_4311.jpeg|https://ujfuxpqefdvwyjjwcpdu.supabase.co/storage/v1/object/public/car-images/d1b959bb-d529-41c1-98cd-5bc238e7e350-IMG_4312.jpeg|https://ujfuxpqefdvwyjjwcpdu.supabase.co/storage/v1/object/public/car-images/817ea074-6500-403c-bb6c-cafde1325a35-IMG_4313.jpeg|https://ujfuxpqefdvwyjjwcpdu.supabase.co/storage/v1/object/public/car-images/fedd91bf-d646-451a-8fc4-293f064fa6bf-IMG_4314.jpeg|https://ujfuxpqefdvwyjjwcpdu.supabase.co/storage/v1/object/public/car-images/aa70c64e-1ad7-4822-b645-3e57fc01c901-IMG_4315.jpeg|https://ujfuxpqefdvwyjjwcpdu.supabase.co/storage/v1/object/public/car-images/3a99c830-b923-48e8-82cb-ddc3ab484d55-IMG_4316.jpeg|https://ujfuxpqefdvwyjjwcpdu.supabase.co/storage/v1/object/public/car-images/399c6f3b-1fd4-4a7a-81d2-b3347686d855-IMG_4317.jpeg|https://ujfuxpqefdvwyjjwcpdu.supabase.co/storage/v1/object/public/car-images/1c7f8911-037d-44ee-b594-496418ff57f3-IMG_4318.jpeg|https://ujfuxpqefdvwyjjwcpdu.supabase.co/storage/v1/object/public/car-images/0beae297-d556-4ea5-b6ee-2af08bbf8f2f-IMG_4319.jpeg|https://ujfuxpqefdvwyjjwcpdu.supabase.co/storage/v1/object/public/car-images/65d46a19-9e57-4d82-ae06-5ac8e5830088-IMG_4320.jpeg|https://ujfuxpqefdvwyjjwcpdu.supabase.co/storage/v1/object/public/car-images/2c8d709e-fb86-44d7-858f-922ce027431b-IMG_4321.jpeg|https://ujfuxpqefdvwyjjwcpdu.supabase.co/storage/v1/object/public/car-images/61de8306-e0d1-4387-8fd1-770b598f65a1-IMG_4322.jpeg|https://ujfuxpqefdvwyjjwcpdu.supabase.co/storage/v1/object/public/car-images/cc1eb876-9994-40c1-b81d-c4e4531a1a61-IMG_4323.jpeg|https://ujfuxpqefdvwyjjwcpdu.supabase.co/storage/v1/object/public/car-images/bf57fa35-5128-44d4-8550-ea22a955920f-IMG_4324.jpeg|https://ujfuxpqefdvwyjjwcpdu.supabase.co/storage/v1/object/public/car-images/76c200e3-c165-429b-b224-daea451e9344-IMG_4325.jpeg|https://ujfuxpqefdvwyjjwcpdu.supabase.co/storage/v1/object/public/car-images/fa69f943-697c-4632-b76f-4f52e535b52f-IMG_4326.jpeg|https://ujfuxpqefdvwyjjwcpdu.supabase.co/storage/v1/object/public/car-images/ff3866f7-b6b3-426d-9649-712c14d191a3-IMG_4327.jpeg,90-Day Warranty,false,false
2014,Mazda,3 Touring,,,4000,600,125000,Excellent,Gasoline,Automatic,,Red,Black,JM1BM1V76E1114577,"2014 Mazda 3 Touring • Affordable • Reliable Daily Driver

This 2014 Mazda 3 Touring Sedan is a perfect mix of reliability, fuel efficiency, and sporty styling. With 125,000 miles, it still runs strong and drives smooth, making it a great budget-friendly daily driver.

Finished in a bold red exterior with black interior, this vehicle has been well maintained and is ready for its next owner. Mazda is known for long-lasting engines and low maintenance costs, making this a smart choice for anyone looking for an affordable and dependable car.

This Mazda 3 Touring is known for its sporty handling, great gas mileage, and long-term reliability. The engine and transmission are strong, and the car drives comfortably with no major issues. The interior is clean, and the exterior still looks great for its year. If you’re looking for a cheap, dependable and fuel efficient car, this Mazda is a solid option that will get you from point A to point B with no stress.",125k miles|Automatic transmission|Touring trim package|Alloy wheels|LED daytime running lights|Sport styling|Cloth interior|Push-button start|Keyless entry|Bluetooth connectivity|USB ports|Touchscreen display|Backup camera|Multi-function steering wheel|Cruise control|Power windows|Power door locks|Fold-down rear seats|Excellent fuel economy|Smooth driving performance|Well maintained|2 owners|Fully paid off.,https://ujfuxpqefdvwyjjwcpdu.supabase.co/storage/v1/object/public/car-images/03038ec9-c01c-48d3-94a1-00cb6a34bc32-IMG_1280.jpeg|https://ujfuxpqefdvwyjjwcpdu.supabase.co/storage/v1/object/public/car-images/a69062b4-7ed8-4e05-8e8c-8f20a4ad0a9a-IMG_1273.jpeg|https://ujfuxpqefdvwyjjwcpdu.supabase.co/storage/v1/object/public/car-images/994c63df-c2a0-4413-b50d-dfd3169fb1fe-IMG_1279.jpeg|https://ujfuxpqefdvwyjjwcpdu.supabase.co/storage/v1/object/public/car-images/417146c1-878e-45fe-9ce7-a336831c0136-IMG_1277.jpeg|https://ujfuxpqefdvwyjjwcpdu.supabase.co/storage/v1/object/public/car-images/f584584e-a4db-466c-9ce5-e339ad1cc37f-IMG_1278.jpeg|https://ujfuxpqefdvwyjjwcpdu.supabase.co/storage/v1/object/public/car-images/cc6426f8-5834-4acd-9793-726b38aa28ab-IMG_1275.jpeg|https://ujfuxpqefdvwyjjwcpdu.supabase.co/storage/v1/object/public/car-images/b3599136-1914-490f-ae04-b9624413a65b-IMG_1274.jpeg|https://ujfuxpqefdvwyjjwcpdu.supabase.co/storage/v1/object/public/car-images/dc6df67b-ca9a-4b69-bd45-5bcdbd3d0314-IMG_1276.jpeg|https://ujfuxpqefdvwyjjwcpdu.supabase.co/storage/v1/object/public/car-images/6611bb5d-1b4d-40ef-867b-c9cf527383ce-IMG_1281.jpeg|https://ujfuxpqefdvwyjjwcpdu.supabase.co/storage/v1/object/public/car-images/607f1b10-fd52-438c-ae6a-1f6b38831c28-IMG_1282.jpeg|https://ujfuxpqefdvwyjjwcpdu.supabase.co/storage/v1/object/public/car-images/f3db5720-0b5b-421f-be4c-b4e832b39507-IMG_1283.jpeg|https://ujfuxpqefdvwyjjwcpdu.supabase.co/storage/v1/object/public/car-images/0f6e887c-8fae-4092-9e49-2db1bc638761-IMG_1284.jpeg|https://ujfuxpqefdvwyjjwcpdu.supabase.co/storage/v1/object/public/car-images/10396f7c-0342-4a22-91e9-7e63ea683f69-IMG_1285.jpeg,90-Day Warranty,false,false
2022,Honda,Civic Touring,,,6000,800,59000,Excellent,Gasoline,Automatic,,White,Beige,2HGFE1F92NH314745,"2022 Honda Civic Touring – Fully Loaded Top Trim, Warranty Included, Priced to Move

This 2022 Honda Civic Touring is the highest trim level, offering premium comfort, advanced technology, and excellent fuel efficiency. Powered by a 1.5L turbocharged engine, this Civic delivers smooth, responsive performance while remaining reliable and economical.

Finished in a white exterior with a beige leather interior, this vehicle is fully loaded, well maintained, and runs and drives great. It comes with a Texas rebuilt title, is fully paid off, includes a 3-month / 3,000-mile powertrain warranty, and financing is available, making this an outstanding value.

Why This 2022 Civic Touring Is a Smart Buy

Top-trim Touring model with luxury features
Turbocharged performance with great fuel economy
Warranty included for peace of mind
Financing available with low down payment
Reliable, comfortable, and ready to drive

🚨 Fully loaded Civics at this price do not last.",Title: Texas Rebuilt|Fully Paid Off|Financing Available|3-Month / 3|000-Mile Powertrain Warranty Included|Front-Wheel Drive (FWD)|1.5L Turbocharged 4-Cylinder Engine|Automatic Transmission|Sport-tuned suspension|Electric power steering|Touring exterior styling package|LED headlights and LED daytime running lights|Alloy wheels|Power sunroof|Heated power side mirrors|Leather interior|Heated front seats|Power-adjustable driver seat|Push-button start|Keyless entry|Dual-zone automatic climate control|Multi-function steering wheel|Cruise control|Power windows and power door locks|Split-folding rear seats|Touchscreen infotainment display|Wireless Apple CarPlay® and Android Auto™|Bluetooth® hands-free calling and audio streaming|USB charging ports|Bose premium sound system|Built-in navigation system|Honda Sensing® safety suite|Collision mitigation braking system|Lane keeping assist|Road departure mitigation|Adaptive cruise control|Blind spot monitoring|Rearview backup camera|ABS|traction control and stability control|Multiple airbags.,https://ujfuxpqefdvwyjjwcpdu.supabase.co/storage/v1/object/public/car-images/78060596-b888-42a7-9873-01ef2c1a95ef-IMG_4358.jpeg|https://ujfuxpqefdvwyjjwcpdu.supabase.co/storage/v1/object/public/car-images/ddf4a730-10d8-40c1-8436-9a5d60392f94-IMG_4364.jpeg|https://ujfuxpqefdvwyjjwcpdu.supabase.co/storage/v1/object/public/car-images/f770f82b-a11e-485b-80e5-51dcda9c1284-IMG_4365.jpeg|https://ujfuxpqefdvwyjjwcpdu.supabase.co/storage/v1/object/public/car-images/c2b7b387-03a2-4b1a-8d5f-d5ce46c1a6e1-IMG_4361.jpeg|https://ujfuxpqefdvwyjjwcpdu.supabase.co/storage/v1/object/public/car-images/d5a77b59-798f-435f-8e82-5a997e70cede-IMG_4359.jpeg|https://ujfuxpqefdvwyjjwcpdu.supabase.co/storage/v1/object/public/car-images/bbaeb7f9-64b6-414f-9181-529fbcfc7f3e-IMG_4360.jpeg|https://ujfuxpqefdvwyjjwcpdu.supabase.co/storage/v1/object/public/car-images/ee97c17d-0fc9-4300-9747-9964392d3d22-IMG_4362.jpeg|https://ujfuxpqefdvwyjjwcpdu.supabase.co/storage/v1/object/public/car-images/ae7f647b-dd82-4200-8e58-34df05ef1c37-IMG_4363.jpeg|https://ujfuxpqefdvwyjjwcpdu.supabase.co/storage/v1/object/public/car-images/6776e744-5c72-404f-b8aa-c7fcfdf67b77-IMG_4369.jpeg|https://ujfuxpqefdvwyjjwcpdu.supabase.co/storage/v1/object/public/car-images/722faa2f-3898-41b7-a9e3-e1482a8f13de-IMG_4368.jpeg|https://ujfuxpqefdvwyjjwcpdu.supabase.co/storage/v1/object/public/car-images/6887c057-545d-451e-89b4-c7b4fc4ffe1e-IMG_4372.jpeg|https://ujfuxpqefdvwyjjwcpdu.supabase.co/storage/v1/object/public/car-images/242363ae-b729-4a37-94b9-362379a9569b-IMG_4371.jpeg|https://ujfuxpqefdvwyjjwcpdu.supabase.co/storage/v1/object/public/car-images/21ee9e10-c534-45f1-9bbb-f461cffc99b3-IMG_4370.jpeg|https://ujfuxpqefdvwyjjwcpdu.supabase.co/storage/v1/object/public/car-images/bdbcfb89-3c6d-422c-a7a4-60fc5e2fc25b-IMG_4367.jpeg|https://ujfuxpqefdvwyjjwcpdu.supabase.co/storage/v1/object/public/car-images/1e9f8ab9-78f4-4aba-93b6-b1c079a6a54c-IMG_4366.jpeg,90-Day Warranty,false,false
2014,Mercedes-Benz,E 350,,,5000,600,111199,Excellent,Gasoline,Automatic,,Black,Black,WDDHF5KB5EA812754,"2014 Mercedes-Benz E 350 – Luxury Sedan, Clean Title, Priced to Move

This 2014 Mercedes-Benz E 350 delivers premium luxury, smooth performance, and classic Mercedes styling at an unbeatable price. With 111,199 miles, a refined automatic transmission, and a comfortable ride, this sedan is perfect for anyone looking to enjoy luxury without luxury pricing.

Finished in a black exterior with a black leather interior, this vehicle is clean inside and out, well maintained, and runs and drives great. It has had two owners, comes with a clean title, is fully paid off, and is ready for immediate delivery.

Why This 2014 Mercedes-Benz E 350 Is a Smart Buy

Luxury sedan at an affordable price
Smooth and comfortable daily driver
Clean title and fully paid off
Well maintained and ready to go
Low down payment option

🚨 Luxury sedans at this price do not last.",Clean Title|Fully Paid Off|Two Owners|4/5 NHTSA Safety Rating|Front-Wheel Drive (FWD)|3.5L V6 Engine|Automatic Transmission|Luxury-tuned suspension|Electric power steering|Mercedes-Benz E-Class exterior styling|Blacked-out 20-inch Mercedes-Benz alloy rims|LED daytime running lights|Leather interior with no rips or tears|Power-adjustable front seats|Dual-zone automatic climate control|Push-button start|Keyless entry|Multi-function steering wheel|Cruise control|Power windows and power door locks|Split-folding rear seats|Premium audio system|Bluetooth® hands-free calling and audio streaming|AM/FM audio system|Rearview backup camera|ABS|traction control and stability control|Multiple airbags.,https://ujfuxpqefdvwyjjwcpdu.supabase.co/storage/v1/object/public/car-images/73231812-bfaa-4fab-85e6-5627a90481f0-IMG_4374.jpeg|https://ujfuxpqefdvwyjjwcpdu.supabase.co/storage/v1/object/public/car-images/e40150f5-3bb5-4c33-bee9-0cd6218b74b7-IMG_4380.jpeg|https://ujfuxpqefdvwyjjwcpdu.supabase.co/storage/v1/object/public/car-images/613d9e30-5db3-42e2-84e1-fb1ef1667fa7-IMG_4377.jpeg|https://ujfuxpqefdvwyjjwcpdu.supabase.co/storage/v1/object/public/car-images/9b40af4c-cf81-4255-87f7-354346ede6c7-IMG_4381.jpeg|https://ujfuxpqefdvwyjjwcpdu.supabase.co/storage/v1/object/public/car-images/2d6b38b9-e748-44b7-9261-0ceb554db456-IMG_4379.jpeg|https://ujfuxpqefdvwyjjwcpdu.supabase.co/storage/v1/object/public/car-images/436afe9f-cb8a-4925-b798-a0b5f2a1a13d-IMG_4378.jpeg|https://ujfuxpqefdvwyjjwcpdu.supabase.co/storage/v1/object/public/car-images/b30ce9b2-6bdc-4d10-836d-f867e19ccdee-IMG_4376.jpeg|https://ujfuxpqefdvwyjjwcpdu.supabase.co/storage/v1/object/public/car-images/669dc88c-ca12-4a2a-9382-1b9750d60a03-IMG_4375.jpeg|https://ujfuxpqefdvwyjjwcpdu.supabase.co/storage/v1/object/public/car-images/a63ebfda-4ebb-483b-9bc0-1a57a73c5e1c-IMG_4382.jpeg|https://ujfuxpqefdvwyjjwcpdu.supabase.co/storage/v1/object/public/car-images/5b10d7d4-be2e-4329-a050-084255ecd7cb-IMG_4383.jpeg|https://ujfuxpqefdvwyjjwcpdu.supabase.co/storage/v1/object/public/car-images/f2a0819d-acd7-4a25-b9c1-e3fe28b89d25-IMG_4384.jpeg|https://ujfuxpqefdvwyjjwcpdu.supabase.co/storage/v1/object/public/car-images/a46bc17a-4761-4441-b1c9-69346d7f1c6b-IMG_4385.jpeg|https://ujfuxpqefdvwyjjwcpdu.supabase.co/storage/v1/object/public/car-images/f7b2c443-00b8-4643-8832-2b789923d4aa-IMG_4386.jpeg|https://ujfuxpqefdvwyjjwcpdu.supabase.co/storage/v1/object/public/car-images/6ee67db5-bc24-4d5f-a325-8210c9e80244-IMG_4387.jpeg|https://ujfuxpqefdvwyjjwcpdu.supabase.co/storage/v1/object/public/car-images/96533920-142c-46d4-82da-548e25413e81-IMG_4388.jpeg,90-Day Warranty,false,false
2020,Honda,Pilot Elite AWD ,,,8000,700,65000,Excellent,Gasoline,Automatic,,Black,Black,5FNYF6H01LB043809,"2020 Honda Pilot Elite AWD – Fully Loaded 3-Row SUV, Priced to Move

This 2020 Honda Pilot Elite AWD is a top-trim, family-ready SUV that delivers space, comfort, safety, and all-weather capability. With 65,000 miles, All-Wheel Drive, and seating for 7 passengers, it’s perfect for families, road trips, and daily driving.


Why This 2020 Honda Pilot Elite Is a Smart Buy

Top-trim Elite model with luxury features
AWD for all-weather confidence
Strong safety ratings
Spacious 3-row SUV for families
Financing available with low down payment
Ready for immediate delivery

🚨 Fully loaded AWD Pilots at this price do not last.

Finished in a black exterior with a black leather interior, this Pilot is clean inside and out, runs and drives great, and has no mechanical issues. It comes with a rebuilt title, is priced thousands below market value, and financing is available for qualified buyers.",Title: Rebuilt|Financing Available|5/5 NHTSA Safety Rating|7-Passenger Seating|All-Wheel Drive (AWD)|3.5L V6 Engine|Automatic Transmission|Elite trim package|Intelligent traction management system|Electric power steering|LED headlights and LED daytime running lights|Premium alloy wheels|Panoramic sunroof|Power tailgate|Roof rails|Leather interior|Heated and ventilated front seats|Heated rear seats|Power-adjustable front seats with memory|Push-button start|Keyless entry|Tri-zone automatic climate control|Multi-function steering wheel|Adaptive cruise control|Power windows and power door locks|60/40 split-folding rear seats|Spacious third-row seating|Touchscreen infotainment display|Apple CarPlay® and Android Auto™|Bluetooth® hands-free calling and audio streaming|USB charging ports|Premium sound system|Honda Sensing® safety suite|Collision mitigation braking system|Lane keeping assist|Road departure mitigation|Blind spot monitoring|Rearview backup camera|ABS|traction control and stability control|Multiple airbags.,https://ujfuxpqefdvwyjjwcpdu.supabase.co/storage/v1/object/public/car-images/0b445eb4-ef2c-4555-8421-bf615d3e91a5-IMG_4404.jpeg|https://ujfuxpqefdvwyjjwcpdu.supabase.co/storage/v1/object/public/car-images/fa9665f7-0f65-473d-8df0-d81cd9da6681-IMG_4393.jpeg|https://ujfuxpqefdvwyjjwcpdu.supabase.co/storage/v1/object/public/car-images/6f6cf78d-33dd-4d48-b4a6-c7e84ac9fb2d-IMG_4394.jpeg|https://ujfuxpqefdvwyjjwcpdu.supabase.co/storage/v1/object/public/car-images/e23bc0fa-e100-4091-9057-ea6d82edd089-IMG_4392.jpeg|https://ujfuxpqefdvwyjjwcpdu.supabase.co/storage/v1/object/public/car-images/083f6fb6-5e9b-4fd4-b598-ac5bf5882d2e-IMG_4395.jpeg|https://ujfuxpqefdvwyjjwcpdu.supabase.co/storage/v1/object/public/car-images/cb132978-3ce6-4550-976b-2b9ce32596d9-IMG_4396.jpeg|https://ujfuxpqefdvwyjjwcpdu.supabase.co/storage/v1/object/public/car-images/d29132f7-ec66-43f8-b984-e815f0791cab-IMG_4390.jpeg|https://ujfuxpqefdvwyjjwcpdu.supabase.co/storage/v1/object/public/car-images/ebad66d3-dcf2-442d-a159-ec8c1c954c7e-IMG_4397.jpeg|https://ujfuxpqefdvwyjjwcpdu.supabase.co/storage/v1/object/public/car-images/94efe999-48ee-4a21-9da6-963afe990e44-IMG_4398.jpeg|https://ujfuxpqefdvwyjjwcpdu.supabase.co/storage/v1/object/public/car-images/ad168e41-9ce2-48c0-8b9b-36c03bdbbb40-IMG_4399.jpeg|https://ujfuxpqefdvwyjjwcpdu.supabase.co/storage/v1/object/public/car-images/c91e731f-a4ee-42ab-aa67-8a0c84797ba6-IMG_4400.jpeg|https://ujfuxpqefdvwyjjwcpdu.supabase.co/storage/v1/object/public/car-images/f860b172-a354-4b2d-8951-521e7318d81d-IMG_4401.jpeg|https://ujfuxpqefdvwyjjwcpdu.supabase.co/storage/v1/object/public/car-images/e8f1d49a-b802-43a8-af5a-913c7a6a62e3-IMG_4406.jpeg|https://ujfuxpqefdvwyjjwcpdu.supabase.co/storage/v1/object/public/car-images/d80542d6-bf39-432b-a63a-c3b4703bbc31-IMG_4405.jpeg|https://ujfuxpqefdvwyjjwcpdu.supabase.co/storage/v1/object/public/car-images/601262e0-6896-4f64-9214-887fdf26a7dd-IMG_4403.jpeg|https://ujfuxpqefdvwyjjwcpdu.supabase.co/storage/v1/object/public/car-images/a9d0887a-508a-43f9-907c-a421c43a98ee-IMG_4402.jpeg|https://ujfuxpqefdvwyjjwcpdu.supabase.co/storage/v1/object/public/car-images/ead1a97f-c1b5-483b-8e64-64e327515430-IMG_4407.jpeg|https://ujfuxpqefdvwyjjwcpdu.supabase.co/storage/v1/object/public/car-images/ab7755d9-1340-48c6-8261-dccfa5e17359-IMG_4408.jpeg|https://ujfuxpqefdvwyjjwcpdu.supabase.co/storage/v1/object/public/car-images/e39e23c5-c788-4024-8e30-eb3d53ef3c73-IMG_4391.jpeg,90-Day Warranty,false,false
2020,Mercedes-Benz,CLA 250,,,8000,700,97000,Excellent,Gasoline,Automatic,,Yellow,,WDD5J4GB9LN063144,"2020 Mercedes-Benz CLA 250 – Sporty Luxury Coupe, Clean Title, Priced to Move

This 2020 Mercedes-Benz CLA 250 combines sporty coupe styling with premium luxury features, making it a perfect choice for drivers who want performance, technology, and standout design. With 97,000 miles, a smooth automatic transmission, and a refined ride, this CLA delivers the Mercedes experience at an unbeatable price.

Finished in a bold yellow exterior, this vehicle is clean inside and out, well maintained, and runs and drives great. It comes with a clean title and clean Carfax, giving you confidence and value in one package.


Why This 2020 Mercedes-Benz CLA 250 Is a Smart Buy

Sporty coupe with luxury finish
Clean title and clean Carfax
Loaded with premium options
Smooth, comfortable daily driver
Low down payment option
Ready for immediate delivery

🚨 Luxury coupes at this price do not last.",Clean Title|Clean Carfax|Front-Wheel Drive (FWD)|2.0L Turbocharged 4-Cylinder Engine|Automatic Transmission|AMG appearance package|Sport-tuned suspension|Electric power steering|LED headlights and LED daytime running lights|AMG-style alloy wheels|Coupe body styling|Heated power side mirrors|Premium interior trim|Heated front seats|Power-adjustable front seats|Push-button start|Keyless entry|Dual-zone automatic climate control|Ambient lighting package|Multi-function steering wheel|Cruise control|Power windows and power door locks|Touchscreen infotainment display|Apple CarPlay®|Bluetooth® hands-free calling and audio streaming|USB charging ports|Premium audio system|Driver Assistance Package|Blind spot monitoring|360-degree surround-view camera|Rearview backup camera|ABS|traction control and stability control|Multiple airbags.,https://ujfuxpqefdvwyjjwcpdu.supabase.co/storage/v1/object/public/car-images/89f34e27-fd5e-4a95-af6b-273a1f78b419-IMG_4411.jpeg|https://ujfuxpqefdvwyjjwcpdu.supabase.co/storage/v1/object/public/car-images/27aabc69-7f2b-415e-991c-5b95c73e44b9-IMG_4410.jpeg|https://ujfuxpqefdvwyjjwcpdu.supabase.co/storage/v1/object/public/car-images/dd48b87a-9f03-4e3c-9bb7-b5bcf5de32a4-IMG_4412.jpeg|https://ujfuxpqefdvwyjjwcpdu.supabase.co/storage/v1/object/public/car-images/726f4800-4400-44b4-b684-6fddb1880ef8-IMG_4413.jpeg|https://ujfuxpqefdvwyjjwcpdu.supabase.co/storage/v1/object/public/car-images/48f096be-e217-4799-ba69-e347d86539ad-IMG_4414.jpeg|https://ujfuxpqefdvwyjjwcpdu.supabase.co/storage/v1/object/public/car-images/e3b9e2ba-844a-4e0e-9bf1-f156acdab11a-IMG_4415.jpeg|https://ujfuxpqefdvwyjjwcpdu.supabase.co/storage/v1/object/public/car-images/30fce446-46ad-4a05-9b58-d2911b6d1cbd-IMG_4416.jpeg|https://ujfuxpqefdvwyjjwcpdu.supabase.co/storage/v1/object/public/car-images/c492df4a-0e2f-4c3b-9287-9be5dfecaf5f-IMG_4417.jpeg|https://ujfuxpqefdvwyjjwcpdu.supabase.co/storage/v1/object/public/car-images/37dffb9a-5a38-4b4b-a17f-8e1d6df23238-IMG_4420.jpeg|https://ujfuxpqefdvwyjjwcpdu.supabase.co/storage/v1/object/public/car-images/f7a80813-2897-49be-8dc5-78bc2361497f-IMG_4421.jpeg|https://ujfuxpqefdvwyjjwcpdu.supabase.co/storage/v1/object/public/car-images/951a18af-02f6-4ce2-82ec-be4842fb8ee3-IMG_4422.jpeg|https://ujfuxpqefdvwyjjwcpdu.supabase.co/storage/v1/object/public/car-images/87e8c2cc-792f-42f6-9ffe-7a6185d61afc-IMG_4419.jpeg|https://ujfuxpqefdvwyjjwcpdu.supabase.co/storage/v1/object/public/car-images/28fa3409-9e09-4c65-a483-4f1332fe55eb-IMG_4418.jpeg,90-Day Warranty,false,false
2025,Honda,Civic Sport,,,9000,800,12000,Excellent,Gasoline,Automatic,,Grey,Black,2HGFE2F59SH574381,"2025 Honda Civic Sport • Low Miles • Financing Available • Like New

This 2025 Honda Civic Sport is a modern, reliable, and fuel-efficient sedan with only 12,000 miles. It offers a smooth ride, sporty styling, and advanced safety features, making it a perfect daily driver or long-term vehicle.

Finished in a clean grey exterior with black interior, this Civic is a one owner vehicle, fully paid off and in excellent condition inside and out. It drives like new and is ready for immediate delivery. Financing is available, making it even easier to get on the road.

💰 Full Price: $9,000
💳 Down Payment: $800
💳 Financing: Available
🔐 VIN: 2HGFE2F59SH574381
📍 Mileage: 12,000 miles
⚙️ Transmission: Automatic
🎨 Exterior / Interior: Grey / Black
⛽ Fuel Type: Gasoline
🚘 Trim: Sport Sedan 4D
👤 Number of Owners: 1
📑 Paid Off: Yes

This 2025 Civic Sport delivers everything you want in a modern car style, reliability, efficiency, and comfort. The engine runs strong, the transmission shifts smoothly, and all features function exactly as they should. With only 12k miles, this car is practically new and offers years of dependable use ahead. The Sport trim gives it a sleek, aggressive look while maintaining excellent fuel economy and low maintenance costs. If you’re looking for a clean, low-mileage Civic with financing available, this is one of the best deals you’ll find.",Fully Paid Off|One Owner|Financing Available|Front-Wheel Drive (FWD)|2.0L 4-Cylinder Engine|Automatic transmission|Sport trim package|Sport alloy wheels|LED headlights and LED daytime running lights|Rear spoiler|Push-button start|Smart key entry|Touchscreen infotainment display|Apple CarPlay® and Android Auto™|Bluetooth® hands-free calling and audio streaming|USB charging ports|Multi-function steering wheel|Adaptive cruise control|Lane keeping assist|Collision mitigation braking system|Road departure mitigation|Blind spot monitoring|Rearview backup camera|Power windows|Power door locks|Spacious interior|Excellent fuel economy|Very clean inside and out|Like-new condition.,https://ujfuxpqefdvwyjjwcpdu.supabase.co/storage/v1/object/public/car-images/feb2d925-31eb-4e80-b564-bd096b5dc187-IMG_1474.jpeg|https://ujfuxpqefdvwyjjwcpdu.supabase.co/storage/v1/object/public/car-images/12f14632-e948-458d-a16d-2217dabdf624-IMG_1473.jpeg|https://ujfuxpqefdvwyjjwcpdu.supabase.co/storage/v1/object/public/car-images/a95b3906-d27e-4dab-97e5-45ac8fbcc842-IMG_1475.jpeg|https://ujfuxpqefdvwyjjwcpdu.supabase.co/storage/v1/object/public/car-images/7fc8150c-7975-4533-abf5-af4e7e8779a7-IMG_1476.jpeg|https://ujfuxpqefdvwyjjwcpdu.supabase.co/storage/v1/object/public/car-images/df49cf1e-3cd8-480a-bb28-e081a06cfbe7-IMG_1477.jpeg|https://ujfuxpqefdvwyjjwcpdu.supabase.co/storage/v1/object/public/car-images/6275d4b5-9e5d-476c-974a-05f4ccd83f7a-IMG_1478.jpeg|https://ujfuxpqefdvwyjjwcpdu.supabase.co/storage/v1/object/public/car-images/57fb4f03-9937-4ce6-9846-8b30ba9e484b-IMG_1479.jpeg|https://ujfuxpqefdvwyjjwcpdu.supabase.co/storage/v1/object/public/car-images/09f9f3ab-fc14-431b-a71d-27254791aa2d-IMG_1480.jpeg|https://ujfuxpqefdvwyjjwcpdu.supabase.co/storage/v1/object/public/car-images/01e17674-0be0-4e6e-a560-6d50de0e026d-IMG_1481.jpeg|https://ujfuxpqefdvwyjjwcpdu.supabase.co/storage/v1/object/public/car-images/d8e2884f-059b-4c55-bf08-277b725621d3-IMG_1482.jpeg|https://ujfuxpqefdvwyjjwcpdu.supabase.co/storage/v1/object/public/car-images/af086525-0a3c-4264-b44e-ac8ceb1f184e-IMG_1483.jpeg|https://ujfuxpqefdvwyjjwcpdu.supabase.co/storage/v1/object/public/car-images/61b428b0-74fe-4f66-9610-114bface9010-IMG_1484.jpeg|https://ujfuxpqefdvwyjjwcpdu.supabase.co/storage/v1/object/public/car-images/af4e05fa-99fc-42d5-a0b9-02d8957814ec-IMG_1485.jpeg|https://ujfuxpqefdvwyjjwcpdu.supabase.co/storage/v1/object/public/car-images/d12eeff1-61d5-40d4-aefd-cb0c625197d6-IMG_1486.jpeg|https://ujfuxpqefdvwyjjwcpdu.supabase.co/storage/v1/object/public/car-images/56b1f94b-1aa2-4e53-9bdc-7c222dd415c4-IMG_1487.jpeg|https://ujfuxpqefdvwyjjwcpdu.supabase.co/storage/v1/object/public/car-images/59648ebd-bfad-4513-a4e3-78dff71f6f1a-IMG_1488.jpeg|https://ujfuxpqefdvwyjjwcpdu.supabase.co/storage/v1/object/public/car-images/53737f4c-9de2-4189-9dd1-a89a4ad4facc-IMG_1489.jpeg|https://ujfuxpqefdvwyjjwcpdu.supabase.co/storage/v1/object/public/car-images/93a32b4a-5d4a-43d7-a95b-1b6276453196-IMG_1490.jpeg|https://ujfuxpqefdvwyjjwcpdu.supabase.co/storage/v1/object/public/car-images/058df9a6-3b7e-4826-8ea5-ae272a6ddc27-IMG_1491.jpeg,90-Day Warranty,false,false
2025,Honda,Civic Sport,,,7000,800,21050,Excellent,Gasoline,Automatic,,Blue,Black,2HGFE2F58SH556065,"2025 Honda Civic Sport – Low Miles, Sport Trim, Priced to Move

This 2025 Honda Civic Sport delivers modern styling, fuel efficiency, and Honda reliability. With 21,050 miles, a smooth automatic transmission, and excellent performance, this Civic is a perfect daily driver.

Finished in a blue exterior with a black interior, this vehicle runs and drives great with no issues at all. It comes with a rebuilt title, financing is available, and it’s priced thousands below market value making it an outstanding deal.

Why This 2025 Honda Civic Sport Is a Smart Buy

Low mileage 2025 model
Sport trim with modern features
Runs and drives great with no issues
Fuel-efficient and reliable
Financing available
Low down payment option
Ready for immediate delivery

🚨 Clean, low-mile Civics at this price do not last.
👉 Contact us",Title: Rebuilt|Financing Available|Front-Wheel Drive (FWD)|2.0L 4-Cylinder Engine|Automatic Transmission|Sport trim package|Electric power steering|Sport exterior styling|LED headlights and LED daytime running lights|Sport alloy wheels|Body-color mirrors and door handles|Black sport interior|Sport cloth seats|Push-button start|Keyless entry|Automatic climate control|Multi-function steering wheel|Cruise control|Power windows and power door locks|60/40 split-folding rear seats|Touchscreen infotainment display|Apple CarPlay® and Android Auto™|Bluetooth® hands-free calling and audio streaming|USB charging ports|AM/FM audio system|Blind spot monitoring|Front radar|Collision mitigation braking system|Lane keeping assist|Road departure mitigation|Rearview backup camera|ABS|traction control and stability control|Multiple airbags.,https://ujfuxpqefdvwyjjwcpdu.supabase.co/storage/v1/object/public/car-images/17d4b68c-bb97-4f25-aba7-b31687cf5c22-IMG_0098.jpeg|https://ujfuxpqefdvwyjjwcpdu.supabase.co/storage/v1/object/public/car-images/ea02ad4c-4975-4162-bedb-8c39e28947d3-IMG_0097.jpeg|https://ujfuxpqefdvwyjjwcpdu.supabase.co/storage/v1/object/public/car-images/ff65757c-7ad2-40da-ab4b-0fcc006e250b-IMG_0096.jpeg|https://ujfuxpqefdvwyjjwcpdu.supabase.co/storage/v1/object/public/car-images/6619d397-c525-41e2-9b4e-b53bf608d78b-IMG_0089.jpeg|https://ujfuxpqefdvwyjjwcpdu.supabase.co/storage/v1/object/public/car-images/71d31006-799a-4a20-aec9-dd31145b30f2-IMG_0090.jpeg|https://ujfuxpqefdvwyjjwcpdu.supabase.co/storage/v1/object/public/car-images/5a35535b-b3cf-4461-8d24-17df39a6124a-IMG_0091.jpeg|https://ujfuxpqefdvwyjjwcpdu.supabase.co/storage/v1/object/public/car-images/c692d84a-0a9d-4b0e-90aa-087e9d1dc85f-IMG_0092.jpeg|https://ujfuxpqefdvwyjjwcpdu.supabase.co/storage/v1/object/public/car-images/c2d7bec7-e2ba-4ce5-b50f-26c3f7f5eb25-IMG_0093.jpeg|https://ujfuxpqefdvwyjjwcpdu.supabase.co/storage/v1/object/public/car-images/7171aafe-fdb0-4719-a376-6e22d793fccb-IMG_0094.jpeg|https://ujfuxpqefdvwyjjwcpdu.supabase.co/storage/v1/object/public/car-images/6b5f79a9-0337-410b-93f5-64ee73425997-IMG_0095.jpeg|https://ujfuxpqefdvwyjjwcpdu.supabase.co/storage/v1/object/public/car-images/4fa204f2-24b8-4f47-bf10-581bb8f34422-IMG_0099.jpeg|https://ujfuxpqefdvwyjjwcpdu.supabase.co/storage/v1/object/public/car-images/2e11aab6-fa46-4a07-bfdf-9fa8a78ece02-IMG_0100.jpeg|https://ujfuxpqefdvwyjjwcpdu.supabase.co/storage/v1/object/public/car-images/a231df50-17a2-4b62-9ae6-fbdd1653d041-IMG_0101.jpeg|https://ujfuxpqefdvwyjjwcpdu.supabase.co/storage/v1/object/public/car-images/12bdef2f-1be4-4fb9-9161-752af1255ae6-IMG_0102.jpeg|https://ujfuxpqefdvwyjjwcpdu.supabase.co/storage/v1/object/public/car-images/c06c84b5-b507-4715-b262-213e6beb064b-IMG_0103.jpeg|https://ujfuxpqefdvwyjjwcpdu.supabase.co/storage/v1/object/public/car-images/a8a7377b-69da-4b4b-aaa0-1c2fd89aac90-IMG_0104.jpeg|https://ujfuxpqefdvwyjjwcpdu.supabase.co/storage/v1/object/public/car-images/c4a2d23e-803a-4cf3-b841-b9c6e0ef4fd3-IMG_0105.jpeg|https://ujfuxpqefdvwyjjwcpdu.supabase.co/storage/v1/object/public/car-images/1703a44e-e9eb-46aa-8dfb-5c2d084b2562-IMG_0106.jpeg|https://ujfuxpqefdvwyjjwcpdu.supabase.co/storage/v1/object/public/car-images/3d92010a-0af7-4a25-9ed0-5ef0cbb1507f-IMG_0107.jpeg|https://ujfuxpqefdvwyjjwcpdu.supabase.co/storage/v1/object/public/car-images/18aab442-f220-4bb4-bb4b-b7a6cd3410e1-IMG_0108.jpeg,90-Day Warranty,false,false
2019,Nissan,Altima 2.5 SR,,,5000,600,124886,Very Good,Gasoline,Automatic,,Black,Black,1N4BL4CV3KN308693,"2019 Nissan Altima 2.5 SR – Sport Sedan, Clean Title, Priced to Move

This 2019 Nissan Altima 2.5 SR delivers sporty styling, comfort, and reliability at an affordable price. With 124,886 miles, a smooth automatic transmission, and strong safety ratings, this Altima is a solid choice for a dependable daily driver.

Finished in a black exterior with a black interior, this vehicle is clean inside and out, runs and drives great, and has no significant damage or problems. It is a one-owner vehicle, comes with a clean title, and is fully paid off, making it ready for immediate delivery.

Why This 2019 Nissan Altima 2.5 SR Is a Smart Buy

Sporty SR trim
One-owner, clean-title vehicle
Strong safety rating
Comfortable and fuel-efficient
Low down payment option
Ready for immediate delivery

🚨 Clean-title Altimas at this price do not last.
👉 Contact us",Clean Title|Fully Paid Off|One Owner|5/5 NHTSA Safety Rating|5-Passenger Seating|Front-Wheel Drive (FWD)|2.5L 4-Cylinder Engine|Automatic Transmission|SR sport trim package|Sport-tuned suspension|Electric power steering|Sport exterior styling|LED headlights and LED daytime running lights|Sport alloy wheels|Body-color mirrors and door handles|Black sport interior|Sport cloth seats|Push-button start|Keyless entry|Dual-zone automatic climate control|Multi-function steering wheel|Cruise control|Power windows and power door locks|60/40 split-folding rear seats|Touchscreen infotainment display|Apple CarPlay® and Android Auto™|Bluetooth® hands-free calling and audio streaming|USB charging ports|AM/FM audio system|Blind spot monitoring|Rearview backup camera|ABS|traction control and stability control|Multiple airbags.,https://ujfuxpqefdvwyjjwcpdu.supabase.co/storage/v1/object/public/car-images/92725c3e-e16b-4658-ba76-bb1a6b2a5d0b-IMG_0112.jpeg|https://ujfuxpqefdvwyjjwcpdu.supabase.co/storage/v1/object/public/car-images/80838257-1d00-45b5-bc8a-0fe4cd3090e5-IMG_0113.jpeg|https://ujfuxpqefdvwyjjwcpdu.supabase.co/storage/v1/object/public/car-images/cb1cdb41-688b-487e-8eb4-74448b5b2c91-IMG_0111.jpeg|https://ujfuxpqefdvwyjjwcpdu.supabase.co/storage/v1/object/public/car-images/8177e4f0-8289-4ee8-87a0-4be9fe674e9b-IMG_0114.jpeg|https://ujfuxpqefdvwyjjwcpdu.supabase.co/storage/v1/object/public/car-images/6a22059d-6147-4600-90c4-208d77f3491d-IMG_0115.jpeg|https://ujfuxpqefdvwyjjwcpdu.supabase.co/storage/v1/object/public/car-images/66c13d4f-ff09-44e5-b104-97a36ce22caa-IMG_0116.jpeg|https://ujfuxpqefdvwyjjwcpdu.supabase.co/storage/v1/object/public/car-images/5774cb80-7ca2-4ef2-9330-435644790096-IMG_0129.jpeg|https://ujfuxpqefdvwyjjwcpdu.supabase.co/storage/v1/object/public/car-images/557b3cce-5844-4fce-898e-0f37fecb6e5a-IMG_0117.jpeg|https://ujfuxpqefdvwyjjwcpdu.supabase.co/storage/v1/object/public/car-images/073a4800-3227-4669-9a6b-95df09b1e6b7-IMG_0120.jpeg|https://ujfuxpqefdvwyjjwcpdu.supabase.co/storage/v1/object/public/car-images/e0b82bb8-02a5-41ec-95d0-69d95ed5f1aa-IMG_0119.jpeg|https://ujfuxpqefdvwyjjwcpdu.supabase.co/storage/v1/object/public/car-images/9a2a2a14-f67d-4f24-9015-65c8b52f255d-IMG_0118.jpeg|https://ujfuxpqefdvwyjjwcpdu.supabase.co/storage/v1/object/public/car-images/929e41d5-fbdc-4768-b0b0-ab23e4c8bed6-IMG_0121.jpeg|https://ujfuxpqefdvwyjjwcpdu.supabase.co/storage/v1/object/public/car-images/c396d7fd-4c33-4ab7-85e5-97b6d5033f43-IMG_0122.jpeg|https://ujfuxpqefdvwyjjwcpdu.supabase.co/storage/v1/object/public/car-images/d4a1700b-19fa-43dd-8afe-85ee135e5ff1-IMG_0123.jpeg|https://ujfuxpqefdvwyjjwcpdu.supabase.co/storage/v1/object/public/car-images/cc2cb446-97df-42ac-9b85-ed7f698c8750-IMG_0124.jpeg|https://ujfuxpqefdvwyjjwcpdu.supabase.co/storage/v1/object/public/car-images/4299fd20-788f-45c3-89f6-aa7acc9a2e54-IMG_0125.jpeg|https://ujfuxpqefdvwyjjwcpdu.supabase.co/storage/v1/object/public/car-images/a95db2cb-f004-4da5-a64c-0852dc29be94-IMG_0126.jpeg|https://ujfuxpqefdvwyjjwcpdu.supabase.co/storage/v1/object/public/car-images/05726816-d386-4a17-918c-0f8a242e8a44-IMG_0127.jpeg|https://ujfuxpqefdvwyjjwcpdu.supabase.co/storage/v1/object/public/car-images/ebc174b8-7f29-4312-9f62-9d560dc31983-IMG_0128.jpeg,90-Day Warranty,false,false
2023,Cadillac,CT4 Luxury,,,10000,700,54000,Excellent,Gasoline,Automatic,,Black,Black,1G6DA5RK2P0124560,"2023 Cadillac CT4 Luxury – RWD Sport Sedan, Aggressively Priced

This 2023 Cadillac CT4 Luxury delivers modern Cadillac styling, rear-wheel-drive performance, and a premium driving experience at a significantly reduced price. With 54,000 miles, smooth automatic transmission, and a sleek black-on-black finish, this CT4 is a strong value for the right buyer.

The vehicle comes with a rebuilt title, is fully paid off, and has had one owner. Please note: the vehicle has a passenger seat sensor issue, which is the reason it is being offered at this very low price. Aside from this disclosed issue, the vehicle runs and drives well and is ready for its next owner.


Important Disclosure

• Passenger seat sensor issue present
• Vehicle priced accordingly
• Sold as-is due to disclosed condition


Why This 2023 Cadillac CT4 Is a Strong Value

Modern Cadillac luxury at a reduced price
Rear-wheel drive performance
One-owner and fully paid off
Sporty, clean appearance
Priced thousands below market value

🚨 Opportunities like this don’t last at this price point.
👉 Contact us",Title: Rebuilt|Fully Paid Off|One Owner|Rear-Wheel Drive (RWD)|Turbocharged 4-Cylinder Engine|Automatic Transmission|Luxury trim package|Sport-tuned suspension|Electric power steering|Cadillac signature exterior styling|LED headlights and LED daytime running lights|Alloy wheels|Black premium interior|Power-adjustable front seats|Push-button start|Keyless entry|Dual-zone automatic climate control|Multi-function steering wheel|Cruise control|Power windows and power door locks|Split-folding rear seats|Touchscreen infotainment display|Apple CarPlay® and Android Auto™|Bluetooth® hands-free calling and audio streaming|USB charging ports|Premium audio system|Rearview backup camera|ABS|traction control and stability control|Multiple airbags.,https://ujfuxpqefdvwyjjwcpdu.supabase.co/storage/v1/object/public/car-images/1fdf1bc2-9aca-43ff-98bc-c155dcb79b1f-IMG_0132.jpeg|https://ujfuxpqefdvwyjjwcpdu.supabase.co/storage/v1/object/public/car-images/1ce53acd-846b-40e5-b97a-a3ab344397d3-IMG_0131.jpeg|https://ujfuxpqefdvwyjjwcpdu.supabase.co/storage/v1/object/public/car-images/d1bc1c2d-1510-4c35-b269-d561621d348c-IMG_0133.jpeg|https://ujfuxpqefdvwyjjwcpdu.supabase.co/storage/v1/object/public/car-images/2e920dae-d7bf-4f00-851a-a1947540a771-IMG_0134.jpeg|https://ujfuxpqefdvwyjjwcpdu.supabase.co/storage/v1/object/public/car-images/d8cf900d-6f66-4db2-a3fc-31f0aeb4ed36-IMG_0135.jpeg|https://ujfuxpqefdvwyjjwcpdu.supabase.co/storage/v1/object/public/car-images/6bf21122-7706-4235-8407-fec37eee051c-IMG_0136.jpeg|https://ujfuxpqefdvwyjjwcpdu.supabase.co/storage/v1/object/public/car-images/eb7165d8-15da-4367-bca2-068d9281c00a-IMG_0139.jpeg|https://ujfuxpqefdvwyjjwcpdu.supabase.co/storage/v1/object/public/car-images/0f88c831-f14b-4d71-bc73-888cf0d33fdf-IMG_0138.jpeg|https://ujfuxpqefdvwyjjwcpdu.supabase.co/storage/v1/object/public/car-images/aaab55a2-8995-496a-bab7-1a8f834f457c-IMG_0137.jpeg|https://ujfuxpqefdvwyjjwcpdu.supabase.co/storage/v1/object/public/car-images/fdef236e-52dd-42ed-b564-dff7397e4fa2-IMG_0140.jpeg|https://ujfuxpqefdvwyjjwcpdu.supabase.co/storage/v1/object/public/car-images/e7cdb706-017b-46f6-9acc-7b3afacf9a14-IMG_0141.jpeg|https://ujfuxpqefdvwyjjwcpdu.supabase.co/storage/v1/object/public/car-images/a8ac98ef-9c61-4368-9c24-4044e12dea72-IMG_0142.jpeg|https://ujfuxpqefdvwyjjwcpdu.supabase.co/storage/v1/object/public/car-images/28a79428-d437-4c4c-a87a-ef913a62363c-IMG_0143.jpeg|https://ujfuxpqefdvwyjjwcpdu.supabase.co/storage/v1/object/public/car-images/1cb40123-d0f5-44c0-85ec-36509e48e016-IMG_0144.jpeg|https://ujfuxpqefdvwyjjwcpdu.supabase.co/storage/v1/object/public/car-images/e196786d-9e3a-44d9-9573-ab4d8e3f2957-IMG_0145.jpeg|https://ujfuxpqefdvwyjjwcpdu.supabase.co/storage/v1/object/public/car-images/f406412d-3c75-41b3-84fa-f643167da7aa-IMG_0146.jpeg,90-Day Warranty,false,false
2023,Mazda 3 Premium  ,Grand Touring Hatchback ,,Hatchback,6000,700,37000,Excellent,Gasoline,Automatic,,Grey,Red,JM1BPBMM3P1614882,"2023 Mazda 3 Premium – Grand Touring Hatchback 4D

This 2023 Mazda 3 Premium (Grand Touring Hatchback) delivers luxury styling, sporty performance, and excellent fuel efficiency in one sleek package. With only 37,000 miles, a bold grey exterior, and a striking red interior, this vehicle stands out inside and out.

It runs and drives great, is fully paid off, and is priced well below market value, making it a perfect daily driver or commuter car.

Why This Mazda 3 Premium Is a Great Buy

Low mileage
Sporty hatchback design
Luxury interior with premium features
Fuel-efficient and reliable
Low down payment
Priced to sell fast

📞 Serious buyers only",Title: Rebuilt|Fully Paid Off|Front-Wheel Drive (FWD)|2.5L 4-Cylinder Engine|Automatic Transmission|Premium Grand Touring trim|Sport-tuned suspension|Electric power steering|LED headlights and LED daytime running lights|Alloy wheels|Rear spoiler|Heated power side mirrors|Leather-trimmed interior|Power-adjustable driver seat|Push-button start|Keyless entry|Dual-zone automatic climate control|Multi-function steering wheel|Cruise control|Power windows and power door locks|Split-folding rear seats|Hatchback cargo area|Touchscreen infotainment display|Apple CarPlay® and Android Auto™|Bluetooth® hands-free calling and audio streaming|USB charging ports|Premium audio system|Rearview backup camera|ABS|traction control and stability control|Lane departure warning|Blind spot monitoring|Rear cross-traffic alert|Multiple airbags,https://ujfuxpqefdvwyjjwcpdu.supabase.co/storage/v1/object/public/car-images/fc2c4491-7d9e-4f3c-8385-9db1aefd0a98-IMG_0239.jpeg|https://ujfuxpqefdvwyjjwcpdu.supabase.co/storage/v1/object/public/car-images/bb6e2285-4a90-4e8c-921c-bb5760a1af17-IMG_0224.jpeg|https://ujfuxpqefdvwyjjwcpdu.supabase.co/storage/v1/object/public/car-images/39770fb4-8935-4f4b-820e-2d9de6440d3a-IMG_0228.jpeg|https://ujfuxpqefdvwyjjwcpdu.supabase.co/storage/v1/object/public/car-images/a3ec3990-be08-4dcc-94df-e6c734c3efe7-IMG_0225.jpeg|https://ujfuxpqefdvwyjjwcpdu.supabase.co/storage/v1/object/public/car-images/b7f7a9e0-9538-4c03-a78f-bc84e86defa9-IMG_0230.jpeg|https://ujfuxpqefdvwyjjwcpdu.supabase.co/storage/v1/object/public/car-images/565d2c47-2ea3-4188-8f73-82aa3c7703ee-IMG_0232.jpeg|https://ujfuxpqefdvwyjjwcpdu.supabase.co/storage/v1/object/public/car-images/292dc7aa-b08f-45e8-a137-f05c728a4ef4-IMG_0234.jpeg|https://ujfuxpqefdvwyjjwcpdu.supabase.co/storage/v1/object/public/car-images/26d2d374-2008-4ecc-9f52-9d24a90e17bc-IMG_0237.jpeg|https://ujfuxpqefdvwyjjwcpdu.supabase.co/storage/v1/object/public/car-images/5c3edca9-2b76-486c-bf54-7511f21ddecc-IMG_0240.jpeg|https://ujfuxpqefdvwyjjwcpdu.supabase.co/storage/v1/object/public/car-images/2663a1ae-491f-4a19-869a-66f6fd8f9544-IMG_0241.jpeg|https://ujfuxpqefdvwyjjwcpdu.supabase.co/storage/v1/object/public/car-images/e9f697f1-bae1-4ec2-bd27-924b81c63f93-IMG_0235.jpeg|https://ujfuxpqefdvwyjjwcpdu.supabase.co/storage/v1/object/public/car-images/9a2cecca-a8fb-4b32-857f-694076bc2d85-IMG_0226.jpeg|https://ujfuxpqefdvwyjjwcpdu.supabase.co/storage/v1/object/public/car-images/98f7a243-df65-455d-b2a2-ef7becc180dc-IMG_0227.jpeg|https://ujfuxpqefdvwyjjwcpdu.supabase.co/storage/v1/object/public/car-images/bb8c51bc-ed03-4f11-95af-06507a9cd384-IMG_0231.jpeg|https://ujfuxpqefdvwyjjwcpdu.supabase.co/storage/v1/object/public/car-images/dae18765-1185-4b16-9d9d-041d2682028e-IMG_0229.jpeg|https://ujfuxpqefdvwyjjwcpdu.supabase.co/storage/v1/object/public/car-images/cc2c4134-3111-4379-bd27-6e063734cd76-IMG_0236.jpeg|https://ujfuxpqefdvwyjjwcpdu.supabase.co/storage/v1/object/public/car-images/05790502-374e-4737-b54f-b0e538c3adbe-IMG_0233.jpeg|https://ujfuxpqefdvwyjjwcpdu.supabase.co/storage/v1/object/public/car-images/917dfee5-271b-415a-853c-f6dadb5ade1a-IMG_0238.jpeg|https://ujfuxpqefdvwyjjwcpdu.supabase.co/storage/v1/object/public/car-images/2be7e31e-81a5-491a-8ff0-a19ff9b9cefb-IMG_0242.jpeg,90-Day Warranty,false,false
2024,Honda,HR-V Sport AWD,,,10000,800,7000,Excellent,Gasoline,Automatic,,Grey,,3CZRZ1H51RM757531,"This 2024 Honda HR-V Sport AWD is practically brand new with only 7,000 miles. Powered by a 2.0L 4-cylinder engine and equipped with All-Wheel Drive, this SUV delivers reliability, fuel efficiency, and confident handling in all conditions.

Finished in a sharp grey exterior, this vehicle is in excellent condition inside and out, runs perfectly, and has no mechanical issues at all. If you’re looking for a low-mileage, modern SUV at a fraction of retail price, this is it.

Why This 2024 HR-V Sport Is a Smart Buy

Only 7,000 miles — like new
AWD for all-weather confidence
Modern tech and safety features
Runs and drives perfectly
Low down payment
Priced below market

🚨 Low-mile HR-Vs at this price do not last.
👉 Contact us",Title: Rebuilt|All-Wheel Drive (AWD)|2.0L 4-Cylinder Engine|Automatic Transmission|Sport trim package|Electric power steering|Sport exterior styling|LED headlights and LED daytime running lights|Sport alloy wheels|Heated side mirrors|Cloth sport interior|Heated front seats|Push-button start|Keyless entry|Automatic climate control|Multi-function steering wheel|Cruise control|Power windows and power door locks|60/40 split-folding rear seats|Touchscreen infotainment display|Apple CarPlay® and Android Auto™|Bluetooth® hands-free calling and audio streaming|USB connectivity|Blind spot monitoring|Honda Sensing® driver assist package|Collision mitigation braking system|Lane keeping assist|Road departure mitigation|Rearview backup camera|ABS|traction control and stability control|Multiple airbags.,https://ujfuxpqefdvwyjjwcpdu.supabase.co/storage/v1/object/public/car-images/19584c63-d6ce-4345-8ffa-e1597177298c-IMG_0276.jpeg|https://ujfuxpqefdvwyjjwcpdu.supabase.co/storage/v1/object/public/car-images/b5069ac2-01da-43fe-9e2c-3427c113c472-IMG_0274.jpeg|https://ujfuxpqefdvwyjjwcpdu.supabase.co/storage/v1/object/public/car-images/0e9c0547-834e-4d8a-85fa-a4c62712eb19-IMG_0275.jpeg|https://ujfuxpqefdvwyjjwcpdu.supabase.co/storage/v1/object/public/car-images/ef1450ae-ab02-4703-9907-aa83cd2db656-IMG_0277.jpeg|https://ujfuxpqefdvwyjjwcpdu.supabase.co/storage/v1/object/public/car-images/296847d5-fafd-4bfb-a606-aef59c30deed-IMG_0278.jpeg|https://ujfuxpqefdvwyjjwcpdu.supabase.co/storage/v1/object/public/car-images/ae928f79-452e-4357-9682-ecb6519fa141-IMG_0279.jpeg|https://ujfuxpqefdvwyjjwcpdu.supabase.co/storage/v1/object/public/car-images/7e02c687-313d-4753-820c-87d584869cc9-IMG_0280.jpeg|https://ujfuxpqefdvwyjjwcpdu.supabase.co/storage/v1/object/public/car-images/67a2e297-39bc-46cd-8feb-84327736001f-IMG_0281.jpeg|https://ujfuxpqefdvwyjjwcpdu.supabase.co/storage/v1/object/public/car-images/729b500b-f8e1-480c-b593-76eefb2d084c-IMG_0282.jpeg|https://ujfuxpqefdvwyjjwcpdu.supabase.co/storage/v1/object/public/car-images/80a7e932-1026-4f90-833a-d31de38eda69-IMG_0283.jpeg|https://ujfuxpqefdvwyjjwcpdu.supabase.co/storage/v1/object/public/car-images/79b94c9d-75fe-4373-9316-1d73d20735ae-IMG_0284.jpeg|https://ujfuxpqefdvwyjjwcpdu.supabase.co/storage/v1/object/public/car-images/a3f5e018-f2fe-4094-8135-58847f5f4e5a-IMG_0285.jpeg|https://ujfuxpqefdvwyjjwcpdu.supabase.co/storage/v1/object/public/car-images/0dc5f6db-23fe-4416-9d97-ddcb9ca087a7-IMG_0286.jpeg|https://ujfuxpqefdvwyjjwcpdu.supabase.co/storage/v1/object/public/car-images/6f0a07e0-801c-4fe2-9a23-3fd8c7e34f19-IMG_0287.jpeg|https://ujfuxpqefdvwyjjwcpdu.supabase.co/storage/v1/object/public/car-images/c6bde8ff-6c69-41c9-8bc6-3805ebd2dccf-IMG_0288.jpeg|https://ujfuxpqefdvwyjjwcpdu.supabase.co/storage/v1/object/public/car-images/00d09cac-1edc-40d2-9fac-ab7e76d49b8e-IMG_0289.jpeg|https://ujfuxpqefdvwyjjwcpdu.supabase.co/storage/v1/object/public/car-images/94694d5d-58f8-4dd3-a2c8-9e2766b3a20f-IMG_0291.jpeg|https://ujfuxpqefdvwyjjwcpdu.supabase.co/storage/v1/object/public/car-images/9aa1b4b3-8c99-4940-8642-e4b16a96df68-IMG_0290.jpeg|https://ujfuxpqefdvwyjjwcpdu.supabase.co/storage/v1/object/public/car-images/4d0ae6ef-3403-47a3-b15a-861b86c83011-IMG_0292.jpeg|https://ujfuxpqefdvwyjjwcpdu.supabase.co/storage/v1/object/public/car-images/a9e0ceb8-f171-412b-ba1a-d2bdafb98e04-IMG_0293.jpeg,90-Day Warranty,false,false
2018,Honda Civic ,Hatchback Sport Touring ,,Hatchback,8000,700,97000,Excellent,Gasoline,Automatic,,Grey,Black,SHHFK7H97JU413695,"2018 Honda Civic Hatchback Sport Touring – 4D (Top Trim)

This 2018 Honda Civic Hatchback Sport Touring is the top-of-the-line model, combining turbocharged performance, premium features, and exceptional fuel efficiency. Finished in a sleek charcoal grey exterior with a black leather interior, this Civic has been garage-kept its entire life and meticulously maintained with oil changes every 5,000 miles.

With 97,000 miles, a clean blue title, and no mechanical issues whatsoever, this car runs and drives like a dream. The body and appearance are excellent, rated 9.8/10, with only very minor cosmetic spots. Tires are in great condition, and the vehicle is fully tinted to the darkest legal limit.


Why This Civic Sport Touring Stands Out

Top-trim Sport Touring model
Turbocharged performance with excellent MPG
Exceptionally well maintained
Premium interior and exterior upgrades
Clean title, no issues
Low down payment and priced to sell

📞 Serious buyers only — message",Title: Clean|Front-Wheel Drive (FWD)|1.5L Turbocharged 4-Cylinder Engine|Automatic Transmission|Sport Touring trim (top of the line)|Electric power steering|Sport-tuned suspension|LED headlights and LED daytime running lights|Premium alloy wheels with custom black powder coating|Factory black lug nuts and wheel locks|Rear spoiler|Heated power side mirrors|Black leather interior (no rips or cracks)|Power-adjustable driver seat|Push-button start|Keyless entry|Automatic climate control|Multi-function leather-wrapped steering wheel|Cruise control|Power windows and power door locks|Split-folding rear seats|Spacious hatchback cargo area|Touchscreen infotainment display|Apple CarPlay® and Android Auto™|Bluetooth® hands-free calling and audio streaming|Premium audio system|USB charging ports|Rearview backup camera|ABS|traction control and stability control|Multiple airbags|Dark legal window tint|Window visors|WeatherTech floor mats throughout|WeatherTech custom-fit windshield sun deflector.,https://ujfuxpqefdvwyjjwcpdu.supabase.co/storage/v1/object/public/car-images/183e75a0-a32d-4cbc-bd8a-556df8ba3c1a-IMG_0258.jpeg|https://ujfuxpqefdvwyjjwcpdu.supabase.co/storage/v1/object/public/car-images/6495a857-5de9-42c3-994b-54656a15dcba-IMG_0257.jpeg|https://ujfuxpqefdvwyjjwcpdu.supabase.co/storage/v1/object/public/car-images/bfed93e4-66d6-4f08-ac65-66042b071646-IMG_0259.jpeg|https://ujfuxpqefdvwyjjwcpdu.supabase.co/storage/v1/object/public/car-images/3e9b61f6-1e56-4a80-82c4-eab56f266946-IMG_0260.jpeg|https://ujfuxpqefdvwyjjwcpdu.supabase.co/storage/v1/object/public/car-images/487644c0-3222-4024-9d6e-4ab3fc374b71-IMG_0261.jpeg|https://ujfuxpqefdvwyjjwcpdu.supabase.co/storage/v1/object/public/car-images/ec38aa7b-c71c-4e75-84be-8256d4e473a7-IMG_0262.jpeg|https://ujfuxpqefdvwyjjwcpdu.supabase.co/storage/v1/object/public/car-images/51617dd0-280b-4e3c-8702-6e5858fb49e0-IMG_0263.jpeg|https://ujfuxpqefdvwyjjwcpdu.supabase.co/storage/v1/object/public/car-images/8963d0b8-25ef-48c0-b2e2-78f618886d66-IMG_0264.jpeg|https://ujfuxpqefdvwyjjwcpdu.supabase.co/storage/v1/object/public/car-images/df0e4013-1520-4d9a-81c0-00b1254340ec-IMG_0265.jpeg|https://ujfuxpqefdvwyjjwcpdu.supabase.co/storage/v1/object/public/car-images/8e11f276-746f-44a8-a83c-cc8e3ab43461-IMG_0266.jpeg|https://ujfuxpqefdvwyjjwcpdu.supabase.co/storage/v1/object/public/car-images/a688432e-23a6-4a08-97b2-d5695807ec49-IMG_0267.jpeg|https://ujfuxpqefdvwyjjwcpdu.supabase.co/storage/v1/object/public/car-images/7c3bdc1f-2ae6-4b22-8a9f-8c527ed8ea40-IMG_0268.jpeg|https://ujfuxpqefdvwyjjwcpdu.supabase.co/storage/v1/object/public/car-images/add87c5b-6235-44cc-9b46-25fac1bab924-IMG_0269.jpeg,90-Day Warranty,false,false
2018,Toyota,Camry XLE,,,6800,800,37410,Excellent,Gasoline,Automatic,,Black,Tan,4T1B11HK3JU125131,"This 2018 Toyota Camry XLE offers luxury, comfort, and Toyota reliability in one sleek sedan. With only 37,410 miles, this is an extremely low-mileage vehicle for its year and is in very clean condition inside and out.

Finished in a black exterior with a tan leather interior, this Camry is a one-owner vehicle, fully paid off, and delivers outstanding fuel economy at 28 MPG city / 39 MPG highway / 32 MPG combined. Smooth, comfortable, and well-maintained, it’s the perfect daily driver. 

Why This 2018 Toyota Camry XLE Is a Smart Buy

Extremely low mileage
Luxury XLE trim
One-owner vehicle
Excellent fuel economy
Toyota reliability
Low down payment option

🚨 Low-mile XLE Camrys at this price do not last.
👉 Contact us",Fully Paid Off|One Owner|5/5 NHTSA Safety Rating|5-Passenger Seating|Front-Wheel Drive (FWD)|2.5L 4-Cylinder Engine|Automatic Transmission|XLE trim package|Electric power steering|LED headlights and LED daytime running lights|Premium alloy wheels|Leather interior|Heated front seats|Power-adjustable front seats|Push-button start|Keyless entry|Dual-zone automatic climate control|Multi-function steering wheel|Cruise control|Power windows and power door locks|Split-folding rear seats|Touchscreen infotainment display|Bluetooth® hands-free calling and audio streaming|USB connectivity|Blind spot monitoring|Lane departure warning|Rearview backup camera|ABS|traction control and stability control|Multiple airbags.,https://ujfuxpqefdvwyjjwcpdu.supabase.co/storage/v1/object/public/car-images/1a2f5789-eb42-43c3-a588-e447b31550a9-IMG_0332.jpeg|https://ujfuxpqefdvwyjjwcpdu.supabase.co/storage/v1/object/public/car-images/58cc61e0-5ad3-4ef6-8e9f-163a6fae9226-IMG_0330.jpeg|https://ujfuxpqefdvwyjjwcpdu.supabase.co/storage/v1/object/public/car-images/927f4121-e91a-42d3-90af-b615c154f9a8-IMG_0331.jpeg|https://ujfuxpqefdvwyjjwcpdu.supabase.co/storage/v1/object/public/car-images/189e3ffe-7d7f-47e8-b9ee-0a2f31617e15-IMG_0333.jpeg|https://ujfuxpqefdvwyjjwcpdu.supabase.co/storage/v1/object/public/car-images/e472dd1b-c60b-486b-a316-734dc2ae565f-IMG_0334.jpeg|https://ujfuxpqefdvwyjjwcpdu.supabase.co/storage/v1/object/public/car-images/22f3f079-7940-4a8b-b7e0-dfb5c7b8f9fa-IMG_0335.jpeg|https://ujfuxpqefdvwyjjwcpdu.supabase.co/storage/v1/object/public/car-images/c43957c2-c1ce-40a0-82e8-81943243f2e7-IMG_0336.jpeg|https://ujfuxpqefdvwyjjwcpdu.supabase.co/storage/v1/object/public/car-images/d102d3f5-3f02-45aa-aa99-a0ad1012088e-IMG_0337.jpeg|https://ujfuxpqefdvwyjjwcpdu.supabase.co/storage/v1/object/public/car-images/112c6336-67bd-4b38-85ec-a8ccbf3000c3-IMG_0348.jpeg|https://ujfuxpqefdvwyjjwcpdu.supabase.co/storage/v1/object/public/car-images/1d38198a-4650-488b-b501-659a2becfb9d-IMG_0349.jpeg|https://ujfuxpqefdvwyjjwcpdu.supabase.co/storage/v1/object/public/car-images/f8ec12e2-53db-4eb6-bc43-57368b5ae586-IMG_0346.jpeg|https://ujfuxpqefdvwyjjwcpdu.supabase.co/storage/v1/object/public/car-images/e065c763-6362-42dd-a22d-36c6a9904941-IMG_0345.jpeg|https://ujfuxpqefdvwyjjwcpdu.supabase.co/storage/v1/object/public/car-images/2a3076bf-7bbe-4e3b-9560-faf72b9b6ef3-IMG_0347.jpeg|https://ujfuxpqefdvwyjjwcpdu.supabase.co/storage/v1/object/public/car-images/04d86fb7-a627-4009-a1a5-2f03311bbd6e-IMG_0338.jpeg|https://ujfuxpqefdvwyjjwcpdu.supabase.co/storage/v1/object/public/car-images/25d7346e-8119-42dc-909b-73f3bad3a7f6-IMG_0339.jpeg|https://ujfuxpqefdvwyjjwcpdu.supabase.co/storage/v1/object/public/car-images/eb06009b-4296-43f4-88a9-77ae0232cc42-IMG_0342.jpeg|https://ujfuxpqefdvwyjjwcpdu.supabase.co/storage/v1/object/public/car-images/43baca6b-a2b0-424d-877a-468ca2a5874d-IMG_0340.jpeg|https://ujfuxpqefdvwyjjwcpdu.supabase.co/storage/v1/object/public/car-images/0f5275ad-bc82-48ad-adc3-3e4900daa382-IMG_0343.jpeg|https://ujfuxpqefdvwyjjwcpdu.supabase.co/storage/v1/object/public/car-images/6d01d1e9-201c-493e-85f6-dd18a3b0801c-IMG_0341.jpeg|https://ujfuxpqefdvwyjjwcpdu.supabase.co/storage/v1/object/public/car-images/13e8c7e8-4f9e-4ec3-9123-43a38c18ef18-IMG_0344.jpeg,90-Day Warranty,false,false
2019,Mazda,CX-5 Touring,,,5000,700,4300,Excellent,Gasoline,Automatic,,Black,Black,JM3KFACM4K1580515,"This 2019 Mazda CX-5 Touring offers sporty styling, comfort, and excellent fuel efficiency in a reliable compact SUV. With only 43,000 miles, this is very low mileage for the year and makes an excellent daily driver or family vehicle.

Finished in a black exterior with black interior, this CX-5 is a one-owner vehicle, fully paid off, and has a rebuilt title, priced well below market value. It runs and drives great and is ready for immediate delivery.

Why This 2019 Mazda CX-5 Touring Is a Smart Buy

Low mileage
One-owner vehicle
Strong safety rating
Reliable and fuel-efficient
Affordable down payment
Priced below market value

🚨 Low-mile CX-5s at this price do not last.
👉 Contact us",Title: Rebuilt|Fully Paid Off|One Owner|5/5 NHTSA Safety Rating|Front-Wheel Drive (FWD)|2.5L 4-Cylinder Engine|Automatic Transmission|Touring trim package|Electric power steering|Mazda CX-5 exterior styling|Alloy wheels|LED headlights and LED daytime running lights|Heated power side mirrors|Cloth interior|Power-adjustable driver seat|Push-button start|Keyless entry|Dual-zone automatic climate control|Multi-function steering wheel|Cruise control|Power windows and power door locks|40/20/40 split-folding rear seats|Spacious cargo area|Touchscreen infotainment display|Apple CarPlay® and Android Auto™|Bluetooth® hands-free calling and audio streaming|USB charging ports|AM/FM audio system|Blind spot monitoring|Rear cross-traffic alert|Rearview backup camera|ABS|traction control and stability control|Multiple airbags.,https://ujfuxpqefdvwyjjwcpdu.supabase.co/storage/v1/object/public/car-images/17f076aa-10ff-4e74-9abd-76f4e1c5dd9a-IMG_0362.jpeg|https://ujfuxpqefdvwyjjwcpdu.supabase.co/storage/v1/object/public/car-images/3c53aa42-c168-4423-8738-98e4b6677f61-IMG_0356.jpeg|https://ujfuxpqefdvwyjjwcpdu.supabase.co/storage/v1/object/public/car-images/6b2b14f1-6393-4352-9061-6b33fedac835-IMG_0357.jpeg|https://ujfuxpqefdvwyjjwcpdu.supabase.co/storage/v1/object/public/car-images/87672588-16ed-4a75-a95a-a7223edff5fa-IMG_0360.jpeg|https://ujfuxpqefdvwyjjwcpdu.supabase.co/storage/v1/object/public/car-images/2791ce74-6c00-4855-be52-fc24f0864c64-IMG_0365.jpeg|https://ujfuxpqefdvwyjjwcpdu.supabase.co/storage/v1/object/public/car-images/e951733d-e2b9-4ce3-aeeb-f1ff8e196980-IMG_0368.jpeg|https://ujfuxpqefdvwyjjwcpdu.supabase.co/storage/v1/object/public/car-images/7d24dc24-9840-4ee3-8ccf-4596b165464e-IMG_0369.jpeg|https://ujfuxpqefdvwyjjwcpdu.supabase.co/storage/v1/object/public/car-images/9d2154b3-101a-4c49-a227-090fd10c8068-IMG_0370.jpeg|https://ujfuxpqefdvwyjjwcpdu.supabase.co/storage/v1/object/public/car-images/9e115914-8152-4cee-83c6-17847149a6e8-IMG_0371.jpeg|https://ujfuxpqefdvwyjjwcpdu.supabase.co/storage/v1/object/public/car-images/02703f68-bc73-4496-b7e5-a200e8b809f3-IMG_0372.jpeg|https://ujfuxpqefdvwyjjwcpdu.supabase.co/storage/v1/object/public/car-images/3296e122-6cb9-4f1a-8ef0-a5e0352d4b41-IMG_0374.jpeg|https://ujfuxpqefdvwyjjwcpdu.supabase.co/storage/v1/object/public/car-images/de7635f4-3da8-48b5-8997-d0a8bfd22458-IMG_0359.jpeg|https://ujfuxpqefdvwyjjwcpdu.supabase.co/storage/v1/object/public/car-images/dfdded1c-27a4-4360-ad25-455596def809-IMG_0358.jpeg|https://ujfuxpqefdvwyjjwcpdu.supabase.co/storage/v1/object/public/car-images/d94cd928-e31c-497f-91a9-2ed0f0bd3e34-IMG_0361.jpeg|https://ujfuxpqefdvwyjjwcpdu.supabase.co/storage/v1/object/public/car-images/62c04342-81eb-44b9-8ef8-2f1e1bede95d-IMG_0363.jpeg|https://ujfuxpqefdvwyjjwcpdu.supabase.co/storage/v1/object/public/car-images/c99a9834-e330-4c32-9cf3-ccd1fb4a7f21-IMG_0364.jpeg|https://ujfuxpqefdvwyjjwcpdu.supabase.co/storage/v1/object/public/car-images/1d9bae80-abd7-48cd-bfd0-bf096972591c-IMG_0366.jpeg|https://ujfuxpqefdvwyjjwcpdu.supabase.co/storage/v1/object/public/car-images/431c4881-e702-46f4-bf83-f986c0a83147-IMG_0367.jpeg|https://ujfuxpqefdvwyjjwcpdu.supabase.co/storage/v1/object/public/car-images/4cdcbe29-9db8-4947-980c-210f1aa556e8-IMG_0373.jpeg,90-Day Warranty,false,false
2018,Mazda ,CX-5 Grand Tourin,,,4000,800,59885,Excellent,Gasoline,Automatic,,White,White,JM3KFADM4J1341043,"This 2018 Mazda CX-5 Grand Touring is the top-of-the-line trim, offering premium comfort, advanced technology, and sporty performance. With 59,885 miles, a 2.5L 4-cylinder engine, and smooth automatic transmission, this SUV delivers the perfect balance of efficiency and power.

Finished in a white exterior with white interior, this CX-5 is fully loaded, well maintained, and runs and drives great. With a 5/5 NHTSA safety rating, strong fuel economy at 23 MPG city / 29 MPG highway / 26 MPG combined, and a fully paid-off status, this is a luxury SUV at an unbeatable price.

Why This 2018 Mazda CX-5 Grand Touring Is a Smart Buy

Top Grand Touring trim (fully loaded)
Luxury features at an affordable price
Strong safety rating
Fuel-efficient and reliable
Low down payment option
Ready for immediate delivery

🚨 Fully loaded CX-5s at this price do not last.
👉 Contact us",Fully Paid Off|5/5 NHTSA Safety Rating|Front-Wheel Drive (FWD)|2.5L 4-Cylinder Engine|Automatic Transmission|Grand Touring trim package|Electric power steering|LED headlights and LED daytime running lights|Alloy wheels|Rain-sensing wipers|Power sunroof/moonroof|Leather-trimmed interior|Heated front seats|Power-adjustable front seats|Push-button start|Smart key entry|Dual-zone automatic climate control|Multi-function steering wheel|Cruise control|Power windows and power door locks|40/20/40 split-folding rear seats|Touchscreen infotainment display|Built-in navigation system|Bose premium audio system|Bluetooth® hands-free calling and audio streaming|USB charging ports|Blind spot monitoring|Rear cross-traffic alert|Rearview backup camera|ABS|traction control and stability control|Multiple airbags.,https://ujfuxpqefdvwyjjwcpdu.supabase.co/storage/v1/object/public/car-images/36abd6cc-1a98-4272-9a84-5a4fe7b7a96d-IMG_0384.jpeg|https://ujfuxpqefdvwyjjwcpdu.supabase.co/storage/v1/object/public/car-images/5c3bcb5d-14d8-445e-9958-e98ad32120ad-IMG_0382.jpeg|https://ujfuxpqefdvwyjjwcpdu.supabase.co/storage/v1/object/public/car-images/7841919a-9607-478b-91c0-9bd2e1f287d9-IMG_0383.jpeg|https://ujfuxpqefdvwyjjwcpdu.supabase.co/storage/v1/object/public/car-images/2be8ed01-e576-4673-9a4d-f5fb0db75411-IMG_0385.jpeg|https://ujfuxpqefdvwyjjwcpdu.supabase.co/storage/v1/object/public/car-images/9d7fc8a8-59a6-4896-8a31-6b162f736000-IMG_0386.jpeg|https://ujfuxpqefdvwyjjwcpdu.supabase.co/storage/v1/object/public/car-images/dbbc8a10-32ae-4b52-a71a-16ec005a8bf5-IMG_0387.jpeg|https://ujfuxpqefdvwyjjwcpdu.supabase.co/storage/v1/object/public/car-images/fd287c43-bd12-4219-ac94-7620018874ec-IMG_0388.jpeg|https://ujfuxpqefdvwyjjwcpdu.supabase.co/storage/v1/object/public/car-images/7bd7bc66-c7f2-437c-ba27-0b66bce49604-IMG_0389.jpeg|https://ujfuxpqefdvwyjjwcpdu.supabase.co/storage/v1/object/public/car-images/bea9b6d4-f74b-4f61-a489-dd2bd5af415d-IMG_0398.jpeg|https://ujfuxpqefdvwyjjwcpdu.supabase.co/storage/v1/object/public/car-images/3c11fa9e-481a-44c4-baf5-d3e5213a1e37-IMG_0400.jpeg|https://ujfuxpqefdvwyjjwcpdu.supabase.co/storage/v1/object/public/car-images/d5b62a33-6ade-4b10-af78-65c332c73b94-IMG_0391.jpeg|https://ujfuxpqefdvwyjjwcpdu.supabase.co/storage/v1/object/public/car-images/7547d17c-8b95-4096-895e-e1f71e29c2cd-IMG_0390.jpeg|https://ujfuxpqefdvwyjjwcpdu.supabase.co/storage/v1/object/public/car-images/f316effb-a6ac-4373-ad56-0269734fafe5-IMG_0396.jpeg|https://ujfuxpqefdvwyjjwcpdu.supabase.co/storage/v1/object/public/car-images/e7f17957-a7b8-4068-a3e8-93dec0473991-IMG_0393.jpeg|https://ujfuxpqefdvwyjjwcpdu.supabase.co/storage/v1/object/public/car-images/1f098b9a-4637-4594-8485-cd0f780f4864-IMG_0394.jpeg|https://ujfuxpqefdvwyjjwcpdu.supabase.co/storage/v1/object/public/car-images/1cb71368-ae9c-42cf-9696-e2e5fe6846f6-IMG_0395.jpeg|https://ujfuxpqefdvwyjjwcpdu.supabase.co/storage/v1/object/public/car-images/c2424da1-c4f7-4b88-91bf-59d36329fe86-IMG_0392.jpeg|https://ujfuxpqefdvwyjjwcpdu.supabase.co/storage/v1/object/public/car-images/d84a01c7-6ca9-4a19-89e3-aa1d72c0672a-IMG_0397.jpeg|https://ujfuxpqefdvwyjjwcpdu.supabase.co/storage/v1/object/public/car-images/f0131e0c-34ae-4ebc-af18-bea2391abe9c-IMG_0399.jpeg|https://ujfuxpqefdvwyjjwcpdu.supabase.co/storage/v1/object/public/car-images/d438b917-a720-490c-b26c-a74b29448d18-IMG_0401.jpeg,90-Day Warranty,false,false
2021,Honda,Accord Sport SE,,,5000,800,66000,Excellent,Gasoline,Automatic,,Silver,Black,1HGCV1F38MA068005,"This 2021 Honda Accord Sport SE offers the perfect balance of performance, comfort, and reliability. With 66,000 miles, a smooth automatic transmission, and Honda’s trusted engineering, this sedan makes an excellent daily driver.

Finished in a sharp silver exterior with black interior, this Accord is fully paid off, comes with a rebuilt title, and is priced below market value. It runs and drives great and is ready for immediate delivery.",Title: Rebuilt|Fully Paid Off|Front-Wheel Drive (FWD)|1.5L Turbocharged 4-Cylinder Engine|Automatic Transmission|Sport SE trim package|Sport-tuned suspension|Electric power steering|LED headlights and LED daytime running lights|Sport alloy wheels|Rear spoiler|Black leather-trimmed interior|Heated front seats|Power-adjustable driver seat|Push-button start|Smart key entry|Dual-zone automatic climate control|Multi-function steering wheel|Cruise control|Power windows and power door locks|60/40 split-folding rear seats|Touchscreen infotainment display|Apple CarPlay® and Android Auto™|Bluetooth® hands-free calling and audio streaming|USB charging ports|Premium audio system|Blind spot monitoring|Lane keeping assist|Collision mitigation braking system|Road departure mitigation|Rearview backup camera|ABS|traction control and stability control|Multiple airbags.,https://ujfuxpqefdvwyjjwcpdu.supabase.co/storage/v1/object/public/car-images/9faeb6f7-0b45-4138-b77b-b9c5b06de754-IMG_0459.jpeg|https://ujfuxpqefdvwyjjwcpdu.supabase.co/storage/v1/object/public/car-images/c2049990-1ea7-4581-8a25-7002c8d1ad42-IMG_0472.jpeg|https://ujfuxpqefdvwyjjwcpdu.supabase.co/storage/v1/object/public/car-images/d8734c79-f076-4968-93a0-8173588fe3d8-IMG_0466.jpeg|https://ujfuxpqefdvwyjjwcpdu.supabase.co/storage/v1/object/public/car-images/3ff55c33-cb1e-43c1-88b1-de4e2da916db-IMG_0473.jpeg|https://ujfuxpqefdvwyjjwcpdu.supabase.co/storage/v1/object/public/car-images/b81f5606-8b0d-4de6-8e1d-f1be0ef083c6-IMG_0469.jpeg|https://ujfuxpqefdvwyjjwcpdu.supabase.co/storage/v1/object/public/car-images/fcefdc4c-a938-42a1-9dbc-36a1c9e559fc-IMG_0465.jpeg|https://ujfuxpqefdvwyjjwcpdu.supabase.co/storage/v1/object/public/car-images/db89fa0a-2699-484e-8ccc-845e1e2b0866-IMG_0461.jpeg|https://ujfuxpqefdvwyjjwcpdu.supabase.co/storage/v1/object/public/car-images/60ea2f6c-2fc4-482b-9e4e-8b696e0f04a3-IMG_0460.jpeg|https://ujfuxpqefdvwyjjwcpdu.supabase.co/storage/v1/object/public/car-images/40fac3c9-0dce-4ecd-b181-dc954f41a249-IMG_0458.jpeg|https://ujfuxpqefdvwyjjwcpdu.supabase.co/storage/v1/object/public/car-images/a5c667e2-521b-444b-8410-9603c74913e8-IMG_0464.jpeg|https://ujfuxpqefdvwyjjwcpdu.supabase.co/storage/v1/object/public/car-images/13be1f69-43de-4b8e-b9f6-35c4f7eec38e-IMG_0462.jpeg|https://ujfuxpqefdvwyjjwcpdu.supabase.co/storage/v1/object/public/car-images/80f1af71-801b-485c-b574-186dbf59769b-IMG_0470.jpeg|https://ujfuxpqefdvwyjjwcpdu.supabase.co/storage/v1/object/public/car-images/6488a6bf-f4d2-4a84-a810-30c9059fa00f-IMG_0468.jpeg|https://ujfuxpqefdvwyjjwcpdu.supabase.co/storage/v1/object/public/car-images/7169020a-2408-46ae-b843-e4392551c68a-IMG_0471.jpeg|https://ujfuxpqefdvwyjjwcpdu.supabase.co/storage/v1/object/public/car-images/ea79f823-022f-4ee6-b046-f374939d827f-IMG_0463.jpeg|https://ujfuxpqefdvwyjjwcpdu.supabase.co/storage/v1/object/public/car-images/3f82e26d-240d-4428-8d64-175fb766e9a3-IMG_0467.jpeg,90-Day Warranty,false,false
2018,Toyota ,Corolla LE,,,3000,800,67000,Excellent,Gasoline,Automatic,,Grey,Tan,2T1BURHE2JC059592,"This 2018 Toyota Corolla LE is known for its legendary reliability, fuel efficiency, and comfortable ride. With only 67,000 miles, this sedan is a great option for anyone looking for a dependable daily driver that’s affordable and economical.

Finished in a grey exterior with tan interior, this Corolla runs and drives excellent and delivers impressive fuel economy at 28 MPG city / 36 MPG highway / 31 MPG combined. It comes equipped with modern safety features and technology while maintaining Toyota’s reputation for long-term durability.


Why This 2018 Toyota Corolla LE Is a Smart Buy

Low mileage
Legendary Toyota reliability
Excellent fuel economy
Comfortable and easy to maintain
Financing available
Affordable down payment

🚨 Clean, low-mile Corollas at this price do not last.
👉 Contact us",Financing Available|Front-Wheel Drive (FWD)|1.8L I4 DOHC 16V Engine|Automatic Transmission|LE trim package|Electric power steering|LED daytime running lights|Alloy wheels|Cloth interior|Automatic climate control|Multi-function steering wheel|Adaptive cruise control|Lane departure alert|Pre-collision system|Power windows and power door locks|Split-folding rear seats|Touchscreen infotainment display|Bluetooth® hands-free calling and audio streaming|USB connectivity|AM/FM audio system|Rearview backup camera|Cold air conditioning and strong heating system|ABS|traction control and stability control|Multiple airbags.,https://ujfuxpqefdvwyjjwcpdu.supabase.co/storage/v1/object/public/car-images/e5e39efc-e5b9-493b-bb6a-96245f1aac6a-IMG_0607.jpeg|https://ujfuxpqefdvwyjjwcpdu.supabase.co/storage/v1/object/public/car-images/2d4027b7-2a67-4a59-9dfe-4812aea3d75d-IMG_0592.jpeg|https://ujfuxpqefdvwyjjwcpdu.supabase.co/storage/v1/object/public/car-images/d85f48ff-df8c-4250-8905-4829abebc557-IMG_0593.jpeg|https://ujfuxpqefdvwyjjwcpdu.supabase.co/storage/v1/object/public/car-images/db7b2fa6-b0af-4487-ac67-9cc87b3d4955-IMG_0594.jpeg|https://ujfuxpqefdvwyjjwcpdu.supabase.co/storage/v1/object/public/car-images/37e9fa2d-1359-419d-ac38-d9d7610a3a0e-IMG_0595.jpeg|https://ujfuxpqefdvwyjjwcpdu.supabase.co/storage/v1/object/public/car-images/f416f3ae-ae97-4f28-a627-623d891f5675-IMG_0606.jpeg|https://ujfuxpqefdvwyjjwcpdu.supabase.co/storage/v1/object/public/car-images/e83688b8-cb13-40d2-a681-64623d9a5897-IMG_0604.jpeg|https://ujfuxpqefdvwyjjwcpdu.supabase.co/storage/v1/object/public/car-images/3a607124-93ca-469d-adf6-de89793eeac4-IMG_0605.jpeg|https://ujfuxpqefdvwyjjwcpdu.supabase.co/storage/v1/object/public/car-images/94e83cf4-47b5-4f81-b2e6-eb11bf3f8ec7-IMG_0591.jpeg|https://ujfuxpqefdvwyjjwcpdu.supabase.co/storage/v1/object/public/car-images/268501b6-9dd4-45e6-b0eb-34667208e24f-IMG_0596.jpeg|https://ujfuxpqefdvwyjjwcpdu.supabase.co/storage/v1/object/public/car-images/486a229a-b9f7-4ab0-bf18-b8481cc1995c-IMG_0599.jpeg|https://ujfuxpqefdvwyjjwcpdu.supabase.co/storage/v1/object/public/car-images/578bf519-153d-4a2a-8728-2a4f219309a6-IMG_0598.jpeg|https://ujfuxpqefdvwyjjwcpdu.supabase.co/storage/v1/object/public/car-images/0b3d85af-f1be-4774-9b1b-2b57ec1ad6de-IMG_0597.jpeg|https://ujfuxpqefdvwyjjwcpdu.supabase.co/storage/v1/object/public/car-images/8549d244-7fde-48bb-9636-73b7bdf668f1-IMG_0600.jpeg|https://ujfuxpqefdvwyjjwcpdu.supabase.co/storage/v1/object/public/car-images/2cbf9f5e-788f-4c84-9aea-2e5d5b466728-IMG_0601.jpeg|https://ujfuxpqefdvwyjjwcpdu.supabase.co/storage/v1/object/public/car-images/f6b43de5-096b-4db1-99bb-e0ab86d4bb09-IMG_0602.jpeg|https://ujfuxpqefdvwyjjwcpdu.supabase.co/storage/v1/object/public/car-images/3e62b329-4a6f-454f-a840-87f11d7e1a42-IMG_0603.jpeg,90-Day Warranty,false,false
2021,Honda,Accord Sport,,,7000,800,37000,Excellent,Gasoline,Automatic,,Grey,Black,1HGCV1F39MA078378,"2021 Honda Accord Sport • Low Miles • Excellent Condition

This 2021 Honda Accord Sport is one of the most sought-after sedans on the market known for its power, comfort, and fuel efficiency. With only 37,000 miles, it’s exceptionally clean, well-maintained, and drives like new. The Sport trim adds more aggressive styling, sport wheels, paddle shifters, and upgraded interior features.

This 2021 Accord Sport combines performance and luxury with everyday efficiency. The body and interior are in excellent condition, and the car runs perfectly no issues, no warning lights, and a smooth transmission. The Sport package gives it a bold, modern look with upgraded wheels, sporty accents, and enhanced driving response.

With only 37k miles, this is a reliable long-term vehicle that offers great value, strong performance, and Honda’s top-tier safety features. Perfect for daily driving, long trips, or anyone who wants a stylish, dependable sedan.",Automatic transmission|37k miles|Sport alloy wheels|Sport body kit|LED headlights|Backup camera|Apple CarPlay|Android Auto|Bluetooth|USB ports|Power driver seat|Lane keep assist|Adaptive cruise control|Collision mitigation braking|Keyless entry|Push-button start|Digital display|Excellent fuel economy|Smooth and powerful ride|Very clean inside and out|1 owner|Fully paid off.,https://ujfuxpqefdvwyjjwcpdu.supabase.co/storage/v1/object/public/car-images/9cbc645a-bae4-4975-92f3-f9b8671c8804-IMG_1222.jpeg|https://ujfuxpqefdvwyjjwcpdu.supabase.co/storage/v1/object/public/car-images/ac756ec4-1834-43cb-8697-48ea4b889999-IMG_1221.jpeg|https://ujfuxpqefdvwyjjwcpdu.supabase.co/storage/v1/object/public/car-images/90d86728-a1bb-40b1-8378-5decdfabd3a6-IMG_1220.jpeg|https://ujfuxpqefdvwyjjwcpdu.supabase.co/storage/v1/object/public/car-images/6d322521-b6ba-42ec-871b-7bdd87dfcc8f-IMG_1223.jpeg|https://ujfuxpqefdvwyjjwcpdu.supabase.co/storage/v1/object/public/car-images/ee9aceaa-a1aa-4a18-b522-b5e15b475c4a-IMG_1224.jpeg|https://ujfuxpqefdvwyjjwcpdu.supabase.co/storage/v1/object/public/car-images/8551c679-1ca1-4193-929a-5a3939a01137-IMG_1225.jpeg|https://ujfuxpqefdvwyjjwcpdu.supabase.co/storage/v1/object/public/car-images/d8588fb3-5b00-448f-aed9-f4fa4bc28978-IMG_1226.jpeg|https://ujfuxpqefdvwyjjwcpdu.supabase.co/storage/v1/object/public/car-images/3cff5b11-c254-423c-b946-3c06c2412c14-IMG_1227.jpeg|https://ujfuxpqefdvwyjjwcpdu.supabase.co/storage/v1/object/public/car-images/86e88b8d-16ad-4f35-beda-b78718e1ae68-IMG_1228.jpeg|https://ujfuxpqefdvwyjjwcpdu.supabase.co/storage/v1/object/public/car-images/2f945318-7580-4fc8-b530-b94494524c04-IMG_1229.jpeg|https://ujfuxpqefdvwyjjwcpdu.supabase.co/storage/v1/object/public/car-images/06a230bc-9954-4b5f-b374-42245ebc5ccd-IMG_1230.jpeg|https://ujfuxpqefdvwyjjwcpdu.supabase.co/storage/v1/object/public/car-images/d2da5cfc-b040-40aa-85b2-0ed3ad5d4387-IMG_1231.jpeg|https://ujfuxpqefdvwyjjwcpdu.supabase.co/storage/v1/object/public/car-images/ccea3773-71ef-430b-873a-c725d773cfab-IMG_1232.jpeg|https://ujfuxpqefdvwyjjwcpdu.supabase.co/storage/v1/object/public/car-images/673b74be-44bf-4c60-870a-ca3c8f2d577f-IMG_1233.jpeg|https://ujfuxpqefdvwyjjwcpdu.supabase.co/storage/v1/object/public/car-images/f2614256-1386-4247-933a-7ab7d046c299-IMG_1234.jpeg|https://ujfuxpqefdvwyjjwcpdu.supabase.co/storage/v1/object/public/car-images/4475f780-69f8-47e4-b4e8-e23c8a76b449-IMG_1235.jpeg|https://ujfuxpqefdvwyjjwcpdu.supabase.co/storage/v1/object/public/car-images/80b97be5-58f4-4c30-8adb-bdca9db98b2a-IMG_1236.jpeg|https://ujfuxpqefdvwyjjwcpdu.supabase.co/storage/v1/object/public/car-images/b4cee416-4c35-4a2b-9f54-71d079f873b6-IMG_1237.jpeg|https://ujfuxpqefdvwyjjwcpdu.supabase.co/storage/v1/object/public/car-images/c634dbc7-12ec-4bb8-b467-408c314623b5-IMG_1238.jpeg,90-Day Warranty,false,false
2017,Mercedes-Benz ,E 300 ,,,6000,800,78000,Excellent,Gasoline,Automatic,,White,White,WDDZF4JB6HA085340,"2017 Mercedes-Benz E 300 Sedan – Luxury, Clean Title, Fully Loaded

This 2017 Mercedes-Benz E 300 delivers true luxury, smooth performance, and modern technology in one elegant sedan. With 78,000 miles, a refined automatic transmission, and exceptional build quality, this vehicle runs perfectly and is super clean inside and out.

Finished in a stunning white exterior with white leather interior, this E-Class offers premium comfort and advanced features while maintaining excellent fuel economy at 22 MPG city / 30 MPG highway / 25 MPG combined. It carries a 5/5 NHTSA safety rating and comes with a clean title, meaning no significant damage or problems.


Why This 2017 Mercedes-Benz E 300 Is a Smart Buy

Luxury sedan with premium features
Clean title
Loaded with Burmester audio and ambient lighting
Smooth, comfortable ride
Excellent condition inside and out
Low down payment option

🚨 Luxury E-Class sedans at this price do not last.
👉 Contact us",Clean Title|5/5 NHTSA Safety Rating|Rear-Wheel Drive (RWD)|2.0L Turbocharged 4-Cylinder Engine|Automatic Transmission|E 300 Luxury trim package|Electric power steering|LED headlights and LED daytime running lights|Premium alloy wheels|Power sunroof|Power trunk|Heated power side mirrors|Leather interior|Heated power front seats with lumbar support|Memory seating|Dual-zone automatic climate control|Ambient lighting with customizable colors|Multi-function leather-wrapped steering wheel|Cruise control|Power windows and power door locks|Touchscreen infotainment display|Built-in navigation system|Apple CarPlay® and Android Auto™|Bluetooth® hands-free calling and audio streaming|USB charging ports|Burmester premium sound system|Blind spot monitoring|Front and rear parking sensors|Rearview backup camera|ABS|traction control and stability control|Multiple airbags.,https://ujfuxpqefdvwyjjwcpdu.supabase.co/storage/v1/object/public/car-images/b13db8cf-d5de-49a8-a4dd-7e902dc9dcb0-IMG_0510.jpeg|https://ujfuxpqefdvwyjjwcpdu.supabase.co/storage/v1/object/public/car-images/608cf092-2def-4f8a-925c-ed878ec1cfa7-IMG_0509.jpeg|https://ujfuxpqefdvwyjjwcpdu.supabase.co/storage/v1/object/public/car-images/50a93dda-7e38-40ed-b00c-ccc424bc46e2-IMG_0508.jpeg|https://ujfuxpqefdvwyjjwcpdu.supabase.co/storage/v1/object/public/car-images/d2fad521-5fca-4a3d-9cce-df3904161e03-IMG_0512.jpeg|https://ujfuxpqefdvwyjjwcpdu.supabase.co/storage/v1/object/public/car-images/9a0d64cd-fe82-4c5d-8146-ca9325a3d151-IMG_0511.jpeg|https://ujfuxpqefdvwyjjwcpdu.supabase.co/storage/v1/object/public/car-images/1753a898-2f1d-456d-9979-e97e6b67cf5e-IMG_0513.jpeg|https://ujfuxpqefdvwyjjwcpdu.supabase.co/storage/v1/object/public/car-images/007319a7-fcf8-419a-8435-c8b503cf5fec-IMG_0521.jpeg|https://ujfuxpqefdvwyjjwcpdu.supabase.co/storage/v1/object/public/car-images/f8e1709d-e934-4c1e-bedb-d18b2cb770da-IMG_0522.jpeg|https://ujfuxpqefdvwyjjwcpdu.supabase.co/storage/v1/object/public/car-images/58147506-3951-47d5-a333-cf18026c623b-IMG_0514.jpeg|https://ujfuxpqefdvwyjjwcpdu.supabase.co/storage/v1/object/public/car-images/615466e4-7f3b-4d72-b7d5-0da6cdd56590-IMG_0520.jpeg|https://ujfuxpqefdvwyjjwcpdu.supabase.co/storage/v1/object/public/car-images/45376a9a-b65d-4a5d-956e-d03e5f4ce02b-IMG_0519.jpeg|https://ujfuxpqefdvwyjjwcpdu.supabase.co/storage/v1/object/public/car-images/7ba48cc6-4818-4756-a6a7-33e966b154ef-IMG_0518.jpeg|https://ujfuxpqefdvwyjjwcpdu.supabase.co/storage/v1/object/public/car-images/9460bde5-798a-477c-abe0-b102d700f90d-IMG_0517.jpeg|https://ujfuxpqefdvwyjjwcpdu.supabase.co/storage/v1/object/public/car-images/09f3c881-19f0-4147-b3ac-51bca09707af-IMG_0516.jpeg|https://ujfuxpqefdvwyjjwcpdu.supabase.co/storage/v1/object/public/car-images/c74952f2-409d-4ac0-ac54-fc5150aa8f15-IMG_0515.jpeg,90-Day Warranty,false,false
2018,Mazda,6 Touring,,,4000,700,55000,Excellent,Gasoline,Automatic,,Blue,Beige,JM1GL1VMXJ1309879,"This 2018 Mazda6 Touring delivers the perfect balance of style, performance, and comfort. Powered by a 2.5L 4-cylinder engine with front-wheel drive, this sedan offers smooth performance, excellent fuel efficiency, and Mazda’s sporty driving feel.

With only 55,000 miles, this vehicle is very clean inside and out and runs and drives great. Finished in a blue exterior with beige interior, it comes loaded with modern features including leather seats, sunroof, navigation, heated seats, and advanced safety systems.

This vehicle carries a rebuilt blue title due to minor damage with no airbags deployed, and it is priced thousands below market value. Financing is available through the bank.


Why This 2018 Mazda6 Touring Is a Great Buy

Low mileage vehicle
Loaded Touring trim with luxury features
Financing available through bank
Strong safety rating
Clean interior and exterior
Priced below market value

🚨 Low-mile Mazda6 sedans at this price do not last.
👉 Contact us",Title: Rebuilt Blue (Minor damage|no airbags deployed)|Financing Available|5/5 NHTSA Safety Rating|Front-Wheel Drive (FWD)|2.5L 4-Cylinder Engine|Automatic Transmission|Touring trim package|Electric power steering|LED headlights and LED daytime running lights|Alloy wheels|Power sunroof|Heated power side mirrors|Leather interior|Heated front seats|Power-adjustable driver seat|Push-button start|Smart key entry|Dual-zone automatic climate control|Multi-function steering wheel|Cruise control|Power windows and power door locks|Split-folding rear seats|Touchscreen infotainment display|Built-in navigation system (GPS)|Bluetooth® hands-free calling and audio streaming|USB charging ports|AM/FM audio system|Blind spot monitoring|Lane departure warning|Rearview backup camera|ABS|traction control and stability control|Multiple airbags.,https://ujfuxpqefdvwyjjwcpdu.supabase.co/storage/v1/object/public/car-images/f78a882c-401b-459f-ae61-9ae4454dd381-IMG_0541.jpeg|https://ujfuxpqefdvwyjjwcpdu.supabase.co/storage/v1/object/public/car-images/ddc028a6-35cc-4f4a-8785-7ea9c8dc3bd5-IMG_0540.jpeg|https://ujfuxpqefdvwyjjwcpdu.supabase.co/storage/v1/object/public/car-images/182306ea-6485-4136-b0e2-844bdb8cb988-IMG_0539.jpeg|https://ujfuxpqefdvwyjjwcpdu.supabase.co/storage/v1/object/public/car-images/95cb2b73-178b-41f4-aa90-056c8b9b4972-IMG_0542.jpeg|https://ujfuxpqefdvwyjjwcpdu.supabase.co/storage/v1/object/public/car-images/6e719245-f18d-4b2e-a057-9812aa9d3d9a-IMG_0543.jpeg|https://ujfuxpqefdvwyjjwcpdu.supabase.co/storage/v1/object/public/car-images/a404cb30-4f4f-48b0-bfc3-86daae76491c-IMG_0544.jpeg|https://ujfuxpqefdvwyjjwcpdu.supabase.co/storage/v1/object/public/car-images/92cdd352-1cc8-4722-b0f8-750250321853-IMG_0545.jpeg|https://ujfuxpqefdvwyjjwcpdu.supabase.co/storage/v1/object/public/car-images/4adcaf7e-e436-4f98-8d8d-9bcb7c0685e6-IMG_0546.jpeg|https://ujfuxpqefdvwyjjwcpdu.supabase.co/storage/v1/object/public/car-images/8d09870e-dd15-470b-a721-8d99d6d4d69f-IMG_0550.jpeg|https://ujfuxpqefdvwyjjwcpdu.supabase.co/storage/v1/object/public/car-images/4a0d4011-7f14-46e9-86b3-7c9d2c73e9f4-IMG_0549.jpeg|https://ujfuxpqefdvwyjjwcpdu.supabase.co/storage/v1/object/public/car-images/913fff64-b8e8-4e11-ac09-2cf79fe39ed0-IMG_0551.jpeg|https://ujfuxpqefdvwyjjwcpdu.supabase.co/storage/v1/object/public/car-images/7614bee6-7657-40fa-8370-def4cb715738-IMG_0552.jpeg|https://ujfuxpqefdvwyjjwcpdu.supabase.co/storage/v1/object/public/car-images/bcf2a0a8-8f5e-43b0-b52a-3c514f8bc426-IMG_0553.jpeg|https://ujfuxpqefdvwyjjwcpdu.supabase.co/storage/v1/object/public/car-images/cd74d56f-cb8a-4fb2-a589-a64d03801288-IMG_0554.jpeg|https://ujfuxpqefdvwyjjwcpdu.supabase.co/storage/v1/object/public/car-images/2bb404a2-2fdd-4b9c-a708-512059065ed2-IMG_0555.jpeg|https://ujfuxpqefdvwyjjwcpdu.supabase.co/storage/v1/object/public/car-images/b4b652ee-e546-406a-85a3-78b8cead40e1-IMG_0557.jpeg|https://ujfuxpqefdvwyjjwcpdu.supabase.co/storage/v1/object/public/car-images/a9fd4b5f-1a6e-4d96-ad81-01dcbaa3a8c2-IMG_0556.jpeg|https://ujfuxpqefdvwyjjwcpdu.supabase.co/storage/v1/object/public/car-images/10bad744-975c-4774-bbf6-2622033e79e5-IMG_0548.jpeg|https://ujfuxpqefdvwyjjwcpdu.supabase.co/storage/v1/object/public/car-images/50f3677b-ec13-4cb3-9c5d-aefe38559ec5-IMG_0547.jpeg,90-Day Warranty,false,false
2022,Honda,Civic Sport 2.0,,,4000,800,64000,Excellent,Gasoline,Automatic,,Silver,Black,2HGFE2F57NH554537,"This 2022 Honda Civic Sport 2.0 offers modern styling, strong reliability, and excellent fuel efficiency. Powered by a 2.0L 4-cylinder engine paired with a smooth automatic transmission, this Civic delivers a sporty driving experience while remaining economical for daily commuting.

With 64,000 miles, this vehicle runs and drives great and is ready for its next owner. Finished in a silver exterior with black interior, it is fully paid off and priced well below market value due to the rebuilt title.


Why This 2022 Honda Civic Sport Is a Smart Buy

Sport trim with modern design
Fuel-efficient and reliable
Low down payment option
Runs and drives great
Priced below market value
Ready for immediate delivery

🚨 Civic Sport models at this price do not last.
👉 Contact us",Title: Rebuilt|Fully Paid Off|Front-Wheel Drive (FWD)|2.0L 4-Cylinder Engine|Automatic Transmission|Sport trim package|Sport-tuned suspension|Electric power steering|LED headlights and LED daytime running lights|Sport alloy wheels|Body-color mirrors and door handles|Black sport interior|Sport cloth seats|Push-button start|Keyless entry|Automatic climate control|Multi-function steering wheel|Cruise control|Power windows and power door locks|60/40 split-folding rear seats|Touchscreen infotainment display|Apple CarPlay® and Android Auto™|Bluetooth® hands-free calling and audio streaming|USB charging ports|AM/FM audio system|Honda Sensing® safety suite|Collision mitigation braking system|Lane keeping assist|Road departure mitigation|Adaptive cruise control|Rearview backup camera|ABS|traction control and stability control|Multiple airbags.,https://ujfuxpqefdvwyjjwcpdu.supabase.co/storage/v1/object/public/car-images/477092e1-3f02-419a-8ba3-879412567e53-IMG_0581.jpeg|https://ujfuxpqefdvwyjjwcpdu.supabase.co/storage/v1/object/public/car-images/3be9b218-19d7-4e26-b090-e2ab9f8a6025-IMG_0582.jpeg|https://ujfuxpqefdvwyjjwcpdu.supabase.co/storage/v1/object/public/car-images/751014a3-7997-4b3f-8853-1c0a774b528d-IMG_0579.jpeg|https://ujfuxpqefdvwyjjwcpdu.supabase.co/storage/v1/object/public/car-images/29b5112c-6767-46e4-86bf-fe99399c52af-IMG_0584.jpeg|https://ujfuxpqefdvwyjjwcpdu.supabase.co/storage/v1/object/public/car-images/2419cf3f-510e-4d21-97c3-64f8884a98bf-IMG_0586.jpeg|https://ujfuxpqefdvwyjjwcpdu.supabase.co/storage/v1/object/public/car-images/f6ef7332-7c6c-4c25-ba40-4f19591c73b4-IMG_0587.jpeg|https://ujfuxpqefdvwyjjwcpdu.supabase.co/storage/v1/object/public/car-images/90e1afca-335b-4ae5-a568-58691c913847-IMG_0588.jpeg|https://ujfuxpqefdvwyjjwcpdu.supabase.co/storage/v1/object/public/car-images/e64c28a5-2d5d-4e51-843d-e6c424fc1df0-IMG_0580.jpeg|https://ujfuxpqefdvwyjjwcpdu.supabase.co/storage/v1/object/public/car-images/7ef17bb7-cf63-407b-b5c9-b4069c9154bc-IMG_0576.jpeg|https://ujfuxpqefdvwyjjwcpdu.supabase.co/storage/v1/object/public/car-images/be653a29-c48f-4dd1-8f75-bbbced2fac9a-IMG_0577.jpeg|https://ujfuxpqefdvwyjjwcpdu.supabase.co/storage/v1/object/public/car-images/3464950b-b155-49cf-9b85-7a292ea3c1be-IMG_0570.jpeg|https://ujfuxpqefdvwyjjwcpdu.supabase.co/storage/v1/object/public/car-images/e5ef3c75-3050-41f6-8394-161c3e2ee252-IMG_0571.jpeg|https://ujfuxpqefdvwyjjwcpdu.supabase.co/storage/v1/object/public/car-images/72beb80a-32e4-4cb2-b938-e833035a476c-IMG_0572.jpeg|https://ujfuxpqefdvwyjjwcpdu.supabase.co/storage/v1/object/public/car-images/b7a40815-f2ce-4564-b74e-8f7319cd8087-IMG_0573.jpeg|https://ujfuxpqefdvwyjjwcpdu.supabase.co/storage/v1/object/public/car-images/416ae60b-6060-4f6e-9089-3e94c32be659-IMG_0575.jpeg|https://ujfuxpqefdvwyjjwcpdu.supabase.co/storage/v1/object/public/car-images/8408be6c-fbdb-4cd4-b833-6b1c90deb847-IMG_0578.jpeg|https://ujfuxpqefdvwyjjwcpdu.supabase.co/storage/v1/object/public/car-images/4f45d5d5-2dc9-4b94-8bb4-254a03c89ea7-IMG_0583.jpeg|https://ujfuxpqefdvwyjjwcpdu.supabase.co/storage/v1/object/public/car-images/f2348cbc-ec58-4935-a896-c3ea342c6878-IMG_0585.jpeg|https://ujfuxpqefdvwyjjwcpdu.supabase.co/storage/v1/object/public/car-images/4e5f4fa6-065c-4f21-924f-793a995f796c-IMG_0574.jpeg,90-Day Warranty,false,false
2021,Honda ,Accord Sport 2.0T,,,6000,500,84000,Excellent,Gasoline,Automatic,,Blue,Black,1HGCV2F38MA013415,"This 2021 Honda Accord Sport 2.0T delivers powerful turbocharged performance, modern styling, and Honda reliability. Equipped with a 2.0L turbocharged engine and automatic transmission, this sedan offers smooth acceleration and a sporty driving experience.

With 84,000 miles, this Accord is a one-owner vehicle, fully paid off, and runs and drives great. Finished in a sleek blue exterior with black interior, it makes a perfect daily driver that combines performance, comfort, and efficiency.

Why This 2021 Honda Accord Sport 2.0T Is a Smart Buy

Powerful turbocharged performance
One-owner vehicle
Sporty and fuel-efficient
Modern safety and technology features
Low down payment option
Ready for immediate delivery

🚨 Accord 2.0T Sport models at this price do not last.
👉 Contact us",Fully Paid Off|One Owner|Front-Wheel Drive (FWD)|2.0L Turbocharged 4-Cylinder Engine|Automatic Transmission|Sport trim package|Sport-tuned suspension|Electric power steering|LED headlights and LED daytime running lights|Sport alloy wheels|Rear spoiler|Black sport interior|Sport cloth seats|Push-button start|Smart key entry|Dual-zone automatic climate control|Multi-function steering wheel|Adaptive cruise control|Power windows and power door locks|60/40 split-folding rear seats|Touchscreen infotainment display|Apple CarPlay® and Android Auto™|Bluetooth® hands-free calling and audio streaming|USB charging ports|Premium audio system|Honda Sensing® safety suite|Collision mitigation braking system|Lane keeping assist|Road departure mitigation|Blind spot monitoring|Rearview backup camera|ABS|traction control and stability control|Multiple airbags.,https://ujfuxpqefdvwyjjwcpdu.supabase.co/storage/v1/object/public/car-images/150e4ec3-e652-40a1-b8c4-c6613b6b9311-IMG_0616.jpeg|https://ujfuxpqefdvwyjjwcpdu.supabase.co/storage/v1/object/public/car-images/9179ee42-862e-4a43-8a67-ae2d247c2a3b-IMG_0617.jpeg|https://ujfuxpqefdvwyjjwcpdu.supabase.co/storage/v1/object/public/car-images/2172ee20-df7a-40a3-a373-209029df81ab-IMG_0615.jpeg|https://ujfuxpqefdvwyjjwcpdu.supabase.co/storage/v1/object/public/car-images/8169dc41-f8d4-4618-85fc-59d5dc4d6e20-IMG_0618.jpeg|https://ujfuxpqefdvwyjjwcpdu.supabase.co/storage/v1/object/public/car-images/b9287001-3637-4a2d-a240-08bf331392d4-IMG_0619.jpeg|https://ujfuxpqefdvwyjjwcpdu.supabase.co/storage/v1/object/public/car-images/8ff217f2-5961-4848-9fc6-0f08baf70be6-IMG_0620.jpeg|https://ujfuxpqefdvwyjjwcpdu.supabase.co/storage/v1/object/public/car-images/40fd5b7f-eeaf-46ee-8fe4-25ddbd11ed1a-IMG_0621.jpeg|https://ujfuxpqefdvwyjjwcpdu.supabase.co/storage/v1/object/public/car-images/8e24ce11-8b3c-4fa2-a3bb-6fe9d873eb40-IMG_0622.jpeg|https://ujfuxpqefdvwyjjwcpdu.supabase.co/storage/v1/object/public/car-images/096c343a-0d06-41ad-9883-01920a839a91-IMG_0623.jpeg|https://ujfuxpqefdvwyjjwcpdu.supabase.co/storage/v1/object/public/car-images/9f526a33-418b-402c-b6bd-2defd851eb39-IMG_0624.jpeg|https://ujfuxpqefdvwyjjwcpdu.supabase.co/storage/v1/object/public/car-images/8d2f963a-e310-4d85-8561-53df0ac6aaea-IMG_0625.jpeg|https://ujfuxpqefdvwyjjwcpdu.supabase.co/storage/v1/object/public/car-images/065264ad-4ae1-410e-9742-bdde96a50f02-IMG_0626.jpeg|https://ujfuxpqefdvwyjjwcpdu.supabase.co/storage/v1/object/public/car-images/b2461b72-2d98-4a2e-a1b2-d3e30f616de0-IMG_0627.jpeg|https://ujfuxpqefdvwyjjwcpdu.supabase.co/storage/v1/object/public/car-images/e5591848-fa00-4aab-999b-ffd364e7f0ca-IMG_0628.jpeg|https://ujfuxpqefdvwyjjwcpdu.supabase.co/storage/v1/object/public/car-images/509947f9-b7f6-4574-a165-3fab9220d006-IMG_0631.jpeg|https://ujfuxpqefdvwyjjwcpdu.supabase.co/storage/v1/object/public/car-images/0b3f5a31-2736-4e0c-86d6-f0b7cbc4ee03-IMG_0633.jpeg|https://ujfuxpqefdvwyjjwcpdu.supabase.co/storage/v1/object/public/car-images/59866fcf-dca6-4c05-847b-7093500cb9de-IMG_0630.jpeg|https://ujfuxpqefdvwyjjwcpdu.supabase.co/storage/v1/object/public/car-images/769d3c1f-2176-41f1-843f-5e2d6d1db226-IMG_0629.jpeg|https://ujfuxpqefdvwyjjwcpdu.supabase.co/storage/v1/object/public/car-images/38a2b00e-b683-4222-982f-f712fc471454-IMG_0632.jpeg,90-Day Warranty,false,false
2022,Toyota,Camry SE,,,7000,800,61000,Excellent,Gasoline,Automatic,,Grey,Black,4T1G11AK2NU044658,"2022 Toyota Camry SE – Sport Sedan, One Owner, Priced to Sell

This 2022 Toyota Camry SE combines sporty styling, strong reliability, and excellent fuel efficiency. With 61,000 miles, a smooth automatic transmission, and Toyota’s legendary durability, this sedan is a perfect daily driver.

Finished in a sleek grey exterior with black interior, this Camry is a one-owner vehicle, fully paid off, and runs and drives great. The SE sport trim adds a bold design and upgraded driving feel while maintaining comfort and efficiency.

Why This 2022 Toyota Camry SE Is a Smart Buy

Sporty SE trim
One-owner vehicle
Toyota reliability
Comfortable and fuel-efficient
Low down payment option
Ready for immediate delivery

🚨 Camry SE models at this price do not last.
👉 Contact us",Fully Paid Off|One Owner|Front-Wheel Drive (FWD)|2.5L 4-Cylinder Engine|Automatic Transmission|SE sport trim package|Sport-tuned suspension|Electric power steering|LED headlights and LED daytime running lights|Sport alloy wheels|Rear spoiler|Black sport interior|Sport cloth seats|Push-button start|Smart key entry|Dual-zone automatic climate control|Multi-function steering wheel|Adaptive cruise control|Power windows and power door locks|60/40 split-folding rear seats|Touchscreen infotainment display|Apple CarPlay® and Android Auto™|Bluetooth® hands-free calling and audio streaming|USB charging ports|AM/FM audio system|Toyota Safety Sense™ driver assist suite|Pre-collision system with pedestrian detection|Lane departure alert with steering assist|Blind spot monitoring|Rearview backup camera|ABS|traction control and stability control|Multiple airbags.,https://ujfuxpqefdvwyjjwcpdu.supabase.co/storage/v1/object/public/car-images/da4adac7-b7ad-4ada-8442-0ac086bd24b9-IMG_0641.jpeg|https://ujfuxpqefdvwyjjwcpdu.supabase.co/storage/v1/object/public/car-images/60f2922d-1763-4959-8f4a-b6db42c7db0f-IMG_0642.jpeg|https://ujfuxpqefdvwyjjwcpdu.supabase.co/storage/v1/object/public/car-images/113b3bcf-ca26-4f62-a05e-0d48653443ae-IMG_0640.jpeg|https://ujfuxpqefdvwyjjwcpdu.supabase.co/storage/v1/object/public/car-images/bfb67609-4a93-4d5a-b272-e843bfa033fa-IMG_0643.jpeg|https://ujfuxpqefdvwyjjwcpdu.supabase.co/storage/v1/object/public/car-images/f2122484-f029-4882-bf4b-d8b2e0e6302e-IMG_0644.jpeg|https://ujfuxpqefdvwyjjwcpdu.supabase.co/storage/v1/object/public/car-images/a85f6d75-d131-41b1-8c55-21429a44642a-IMG_0645.jpeg|https://ujfuxpqefdvwyjjwcpdu.supabase.co/storage/v1/object/public/car-images/000e7905-f4c2-4226-8362-9a05d7e68302-IMG_0646.jpeg|https://ujfuxpqefdvwyjjwcpdu.supabase.co/storage/v1/object/public/car-images/00716719-2e19-4d10-8adf-78bbfd3d8a87-IMG_0647.jpeg|https://ujfuxpqefdvwyjjwcpdu.supabase.co/storage/v1/object/public/car-images/3502da37-a36c-4da9-9d99-73246556f1fc-IMG_0648.jpeg|https://ujfuxpqefdvwyjjwcpdu.supabase.co/storage/v1/object/public/car-images/713c5b70-9f3a-4266-b7e3-aaefd1d51117-IMG_0649.jpeg|https://ujfuxpqefdvwyjjwcpdu.supabase.co/storage/v1/object/public/car-images/7b769851-303b-4b5d-91b1-3d7fddc624bf-IMG_0650.jpeg|https://ujfuxpqefdvwyjjwcpdu.supabase.co/storage/v1/object/public/car-images/1c79388d-1ea6-43b5-aa63-5ddee86fe47a-IMG_0651.jpeg|https://ujfuxpqefdvwyjjwcpdu.supabase.co/storage/v1/object/public/car-images/dca441e7-a76a-443a-a201-bbefbc5126df-IMG_0652.jpeg|https://ujfuxpqefdvwyjjwcpdu.supabase.co/storage/v1/object/public/car-images/293d55e6-2bc9-429d-8118-e2f913c1b4fc-IMG_0653.jpeg|https://ujfuxpqefdvwyjjwcpdu.supabase.co/storage/v1/object/public/car-images/6dfb079b-2a6b-405d-ad40-e6887a392626-IMG_0654.jpeg|https://ujfuxpqefdvwyjjwcpdu.supabase.co/storage/v1/object/public/car-images/ad9d7bd4-bb2a-40b7-911b-3e7a7ce769da-IMG_0655.jpeg|https://ujfuxpqefdvwyjjwcpdu.supabase.co/storage/v1/object/public/car-images/f51aace7-0a24-42e0-8a47-4be5839522c7-IMG_0656.jpeg|https://ujfuxpqefdvwyjjwcpdu.supabase.co/storage/v1/object/public/car-images/6a344686-78f5-4965-a633-60af7d8611ad-IMG_0657.jpeg|https://ujfuxpqefdvwyjjwcpdu.supabase.co/storage/v1/object/public/car-images/38745b88-77cc-430b-98af-2c615835a07e-IMG_0658.jpeg,90-Day Warranty,false,false
2023,Honda,HR-C,,,5000,600,23000,Excellent,Gasoline,Automatic,,White,Beige,3CZRZ1H33PM717656,"2023 Honda HR-V Sport – Low Miles, Clean Title, One Owner

This 2023 Honda HR-V Sport is a modern compact SUV that delivers excellent reliability, great fuel efficiency, and sporty styling. With only 23,000 miles, this vehicle is in excellent condition and ready for its next owner.

Finished in a white exterior with beige interior, this HR-V is a one-owner vehicle, fully paid off, and comes with a clean title. It runs and drives great and offers a smooth ride with plenty of space for everyday driving.

Why This 2023 Honda HR-V Sport Is a Smart Buy

Low mileage
Clean title
One-owner vehicle
Modern safety and technology features
Fuel-efficient and reliable
Low down payment option

🚨 Low-mile HR-V Sport SUVs at this price do not last.
👉 Contact us",Clean Title|Fully Paid Off|One Owner|Front-Wheel Drive (FWD)|2.0L 4-Cylinder Engine|Automatic Transmission|Sport trim package|Electric power steering|LED headlights and LED daytime running lights|Sport alloy wheels|Heated power side mirrors|Black sport interior accents|Push-button start|Smart key entry|Automatic climate control|Multi-function steering wheel|Adaptive cruise control|Power windows and power door locks|60/40 split-folding rear seats|Spacious cargo area|Touchscreen infotainment display|Apple CarPlay® and Android Auto™|Bluetooth® hands-free calling and audio streaming|USB charging ports|AM/FM audio system|Honda Sensing® safety suite|Collision mitigation braking system|Lane keeping assist|Road departure mitigation|Blind spot monitoring|Rearview backup camera|ABS|traction control and stability control|Multiple airbags.,https://ujfuxpqefdvwyjjwcpdu.supabase.co/storage/v1/object/public/car-images/2b8c2543-1a63-4355-82a5-73a155a2f2a0-IMG_0668.jpeg|https://ujfuxpqefdvwyjjwcpdu.supabase.co/storage/v1/object/public/car-images/0be8803c-d214-4a5e-93c2-2b72633d49d6-IMG_0667.jpeg|https://ujfuxpqefdvwyjjwcpdu.supabase.co/storage/v1/object/public/car-images/08113961-9173-4601-9aa0-75508b330d77-IMG_0669.jpeg|https://ujfuxpqefdvwyjjwcpdu.supabase.co/storage/v1/object/public/car-images/66c99af6-2c4f-4ac2-8bfd-6c60d96e8951-IMG_0670.jpeg|https://ujfuxpqefdvwyjjwcpdu.supabase.co/storage/v1/object/public/car-images/d75dfc5f-23a3-47c6-8d1a-cac361e64f5e-IMG_0671.jpeg|https://ujfuxpqefdvwyjjwcpdu.supabase.co/storage/v1/object/public/car-images/aada9bbe-3d72-468a-b134-7cdfe3be3ca2-IMG_0672.jpeg|https://ujfuxpqefdvwyjjwcpdu.supabase.co/storage/v1/object/public/car-images/0df9fff6-813b-4bcc-ae8f-393be4f190c1-IMG_0673.jpeg|https://ujfuxpqefdvwyjjwcpdu.supabase.co/storage/v1/object/public/car-images/6da47da9-8561-4b48-b25e-7138b93ecc31-IMG_0674.jpeg|https://ujfuxpqefdvwyjjwcpdu.supabase.co/storage/v1/object/public/car-images/c2bb21de-58f5-4870-93f5-3df2b541e91d-IMG_0675.jpeg|https://ujfuxpqefdvwyjjwcpdu.supabase.co/storage/v1/object/public/car-images/289eff43-af3a-4bd9-8986-a5ffe8a3f6c6-IMG_0676.jpeg|https://ujfuxpqefdvwyjjwcpdu.supabase.co/storage/v1/object/public/car-images/a9db5a81-08ed-41c3-98ae-564851da6f6e-IMG_0677.jpeg|https://ujfuxpqefdvwyjjwcpdu.supabase.co/storage/v1/object/public/car-images/effc4320-00e4-428f-b065-8574b678a38c-IMG_0678.png|https://ujfuxpqefdvwyjjwcpdu.supabase.co/storage/v1/object/public/car-images/84cdf2d5-9b00-4a34-ae73-1b0c37b4198c-IMG_0679.png|https://ujfuxpqefdvwyjjwcpdu.supabase.co/storage/v1/object/public/car-images/818c9ad3-dcb0-47d4-b6a7-958d0576d953-IMG_0680.png|https://ujfuxpqefdvwyjjwcpdu.supabase.co/storage/v1/object/public/car-images/0fa74c66-317e-41b2-aa29-72d584480896-IMG_0681.png|https://ujfuxpqefdvwyjjwcpdu.supabase.co/storage/v1/object/public/car-images/ddc55d5a-429c-4cf0-830f-b00cad5ac5c3-IMG_0682.png|https://ujfuxpqefdvwyjjwcpdu.supabase.co/storage/v1/object/public/car-images/3c38f1ac-2cef-4953-9f11-ca953e13b523-IMG_0683.png|https://ujfuxpqefdvwyjjwcpdu.supabase.co/storage/v1/object/public/car-images/9ff502e8-fda1-4db1-9f5b-16e04bc80c4a-IMG_0684.png|https://ujfuxpqefdvwyjjwcpdu.supabase.co/storage/v1/object/public/car-images/9154765f-807a-44ef-aadc-369be11b577c-IMG_0685.png|https://ujfuxpqefdvwyjjwcpdu.supabase.co/storage/v1/object/public/car-images/e6fe0d54-b1fb-4a17-a5ca-b1fad8b12745-IMG_0686.jpeg,90-Day Warranty,false,false
2025,Honda,Civic Sport ,,,7000,600,12000,Excellent,Gasoline,Automatic,,Blue,Black,2HGFE2F56SH525770,"2025 Honda Civic Sport – Low Miles, One Owner, Priced to Sell

This 2025 Honda Civic Sport delivers modern styling, strong reliability, and excellent fuel efficiency. With only 12,000 miles, this vehicle is practically like new and offers a smooth driving experience with Honda’s trusted engineering.

Finished in a sharp blue exterior with black interior, this Civic is a one-owner vehicle, fully paid off, and runs and drives great. The Sport trim adds athletic styling and upgraded features while maintaining everyday comfort and efficiency.


Why This 2025 Honda Civic Sport Is a Smart Buy

Very low mileage
One-owner vehicle
Sporty and fuel-efficient
Modern technology and safety features
Low down payment option
Ready for immediate delivery

🚨 Low-mile Civic Sport models at this price do not last.
👉 Contact us",Fully Paid Off|One Owner|Front-Wheel Drive (FWD)|2.0L 4-Cylinder Engine|Automatic Transmission|Sport trim package|Sport-tuned suspension|Electric power steering|LED headlights and LED daytime running lights|Sport alloy wheels|Body-color mirrors and door handles|Black sport interior|Sport cloth seats|Push-button start|Smart key entry|Automatic climate control|Multi-function steering wheel|Adaptive cruise control|Power windows and power door locks|60/40 split-folding rear seats|Touchscreen infotainment display|Apple CarPlay® and Android Auto™|Bluetooth® hands-free calling and audio streaming|USB charging ports|AM/FM audio system|Honda Sensing® safety suite|Collision mitigation braking system|Lane keeping assist|Road departure mitigation|Blind spot monitoring|Rearview backup camera|ABS|traction control and stability control|Multiple airbags.,https://ujfuxpqefdvwyjjwcpdu.supabase.co/storage/v1/object/public/car-images/9273d2fb-634b-4df9-8bf2-8c0521c4a63d-IMG_0689.jpeg|https://ujfuxpqefdvwyjjwcpdu.supabase.co/storage/v1/object/public/car-images/81f95424-c746-48c2-9b0f-699d3ba359cb-IMG_0688.jpeg|https://ujfuxpqefdvwyjjwcpdu.supabase.co/storage/v1/object/public/car-images/512c7a38-a285-4adb-9b7a-6a2f9174b9a3-IMG_0690.jpeg|https://ujfuxpqefdvwyjjwcpdu.supabase.co/storage/v1/object/public/car-images/a487e61e-ab5e-4d24-96ee-5a5f4988ebaa-IMG_0691.jpeg|https://ujfuxpqefdvwyjjwcpdu.supabase.co/storage/v1/object/public/car-images/62c5013f-5b34-4201-a714-98a25d2f7971-IMG_0692.jpeg|https://ujfuxpqefdvwyjjwcpdu.supabase.co/storage/v1/object/public/car-images/e2099589-0acc-4ee0-ae1e-eebfcb72e6ac-IMG_0693.jpeg|https://ujfuxpqefdvwyjjwcpdu.supabase.co/storage/v1/object/public/car-images/3f786185-38db-4ad1-921c-ae399b5c86f2-IMG_0694.jpeg|https://ujfuxpqefdvwyjjwcpdu.supabase.co/storage/v1/object/public/car-images/18fcaf1b-b4c2-4e05-bc1b-3cfe14f639ce-IMG_0695.jpeg|https://ujfuxpqefdvwyjjwcpdu.supabase.co/storage/v1/object/public/car-images/a71aa1fd-fd02-40c0-82c5-af5c38103a03-IMG_0696.jpeg|https://ujfuxpqefdvwyjjwcpdu.supabase.co/storage/v1/object/public/car-images/f2e94573-f969-429b-a6b0-39e41c0eaba1-IMG_0697.jpeg|https://ujfuxpqefdvwyjjwcpdu.supabase.co/storage/v1/object/public/car-images/7aa8871c-ec40-4777-aaae-a58b5f8606ae-IMG_0698.jpeg|https://ujfuxpqefdvwyjjwcpdu.supabase.co/storage/v1/object/public/car-images/486e835b-1e35-4470-b3b8-0cdb245b4273-IMG_0699.jpeg|https://ujfuxpqefdvwyjjwcpdu.supabase.co/storage/v1/object/public/car-images/d53e590e-4880-4526-b684-550283258caf-IMG_0700.jpeg|https://ujfuxpqefdvwyjjwcpdu.supabase.co/storage/v1/object/public/car-images/0b465766-238e-43ac-bb3b-b2a5e5b6e4ec-IMG_0701.jpeg|https://ujfuxpqefdvwyjjwcpdu.supabase.co/storage/v1/object/public/car-images/fcbbc061-1eda-4d58-a16a-9412d52ac235-IMG_0702.jpeg|https://ujfuxpqefdvwyjjwcpdu.supabase.co/storage/v1/object/public/car-images/bf36873f-4113-47e1-ac72-7059b4a432a1-IMG_0703.jpeg|https://ujfuxpqefdvwyjjwcpdu.supabase.co/storage/v1/object/public/car-images/b81af6c4-e7b6-449c-9058-a8c0fb2924f6-IMG_0704.jpeg,90-Day Warranty,false,false
2021,Honda,Accord Hybrid EX-L,,,6000,800,15000,Excellent,Gasoline,Automatic,,White,Black,1HGCV3F53MA023311,"2021 Honda Accord Hybrid EX-L w/Navigation – Low Miles, One Owner, Fully Loaded

This 2021 Honda Accord Hybrid EX-L with Navigation delivers the perfect combination of luxury, fuel efficiency, and advanced technology. With only 15,000 miles, this sedan is exceptionally low mileage and offers the smooth performance Honda hybrids are known for.

Finished in a white exterior with black leather interior, this Accord Hybrid is a one-owner vehicle, fully paid off, and comes loaded with premium features. It runs and drives perfectly and offers outstanding fuel efficiency while maintaining strong performance.

Why This 2021 Honda Accord Hybrid EX-L Is a Smart Buy

Extremely low mileage
Hybrid fuel efficiency
Premium EX-L trim with navigation
One-owner vehicle
Financing available
Luxury comfort with Honda reliability

🚨 Low-mile Accord Hybrid models at this price do not last.
👉 Contact us",Hybrid Powertrain|Fully Paid Off|One Owner|Financing Available|Front-Wheel Drive (FWD)|2.0L 4-Cylinder Hybrid Engine with Electric Motor|Automatic e-CVT Transmission|EX-L trim package with navigation|Electric power steering|LED headlights and LED daytime running lights|Premium alloy wheels|Power sunroof|Heated power side mirrors|Leather-trimmed interior|Heated front seats|Power-adjustable front seats with driver memory|Push-button start|Smart key entry|Dual-zone automatic climate control|Multi-function leather-wrapped steering wheel|Adaptive cruise control|Power windows and power door locks|60/40 split-folding rear seats|Touchscreen infotainment display|Built-in navigation system|Apple CarPlay® and Android Auto™|Bluetooth® hands-free calling and audio streaming|USB charging ports|Premium audio system|Honda Sensing® safety suite|Collision mitigation braking system|Lane keeping assist|Road departure mitigation|Blind spot monitoring|Rearview backup camera|ABS|traction control and stability control|Multiple airbags.,https://ujfuxpqefdvwyjjwcpdu.supabase.co/storage/v1/object/public/car-images/867c06a3-b0b9-4b88-a9a1-1ba6327ae4ae-IMG_0713.jpeg|https://ujfuxpqefdvwyjjwcpdu.supabase.co/storage/v1/object/public/car-images/1dbfbe7a-7dfd-4c66-94b5-976fdbc57f51-IMG_0711.jpeg|https://ujfuxpqefdvwyjjwcpdu.supabase.co/storage/v1/object/public/car-images/23863567-2f38-44ad-ab45-113763d92779-IMG_0712.jpeg|https://ujfuxpqefdvwyjjwcpdu.supabase.co/storage/v1/object/public/car-images/b747206c-ecad-43e5-a709-af9ef0d520c1-IMG_0715.jpeg|https://ujfuxpqefdvwyjjwcpdu.supabase.co/storage/v1/object/public/car-images/8e539381-be69-43f7-aece-254eb7812898-IMG_0714.jpeg|https://ujfuxpqefdvwyjjwcpdu.supabase.co/storage/v1/object/public/car-images/e11658e1-fb1c-46b8-a23d-e7f7e63b0979-IMG_0716.jpeg|https://ujfuxpqefdvwyjjwcpdu.supabase.co/storage/v1/object/public/car-images/69a2da1a-fcc9-42f1-a449-ace0fe09521f-IMG_0717.jpeg|https://ujfuxpqefdvwyjjwcpdu.supabase.co/storage/v1/object/public/car-images/dc16c96a-62d6-4bfe-b7dd-cec658b630b8-IMG_0718.jpeg|https://ujfuxpqefdvwyjjwcpdu.supabase.co/storage/v1/object/public/car-images/ced4e205-7460-4f05-98f6-4e25bbc29eba-IMG_0719.jpeg|https://ujfuxpqefdvwyjjwcpdu.supabase.co/storage/v1/object/public/car-images/82ffbca6-6f28-4804-bada-41d10a9fc6a1-IMG_0721.jpeg|https://ujfuxpqefdvwyjjwcpdu.supabase.co/storage/v1/object/public/car-images/b4e56617-1af8-4f26-8580-dc25eaca7220-IMG_0722.jpeg|https://ujfuxpqefdvwyjjwcpdu.supabase.co/storage/v1/object/public/car-images/5d92f9e7-e704-46b0-98b6-59e4ce9ea420-IMG_0724.jpeg|https://ujfuxpqefdvwyjjwcpdu.supabase.co/storage/v1/object/public/car-images/d85461b0-026f-4557-94bf-516c5ed85a90-IMG_0725.jpeg|https://ujfuxpqefdvwyjjwcpdu.supabase.co/storage/v1/object/public/car-images/3c65041f-1927-4cc9-b934-666faa29da69-IMG_0727.jpeg|https://ujfuxpqefdvwyjjwcpdu.supabase.co/storage/v1/object/public/car-images/3b49747a-9765-446e-977e-120aef072513-IMG_0726.jpeg|https://ujfuxpqefdvwyjjwcpdu.supabase.co/storage/v1/object/public/car-images/1d8e5aad-8175-4df4-9380-0df228088f9a-IMG_0728.jpeg|https://ujfuxpqefdvwyjjwcpdu.supabase.co/storage/v1/object/public/car-images/993a1e65-7955-46cb-ac9e-f993908b82af-IMG_0729.jpeg|https://ujfuxpqefdvwyjjwcpdu.supabase.co/storage/v1/object/public/car-images/60b29292-5ce8-4e6d-9116-4e71a4310ffb-IMG_0730.jpeg|https://ujfuxpqefdvwyjjwcpdu.supabase.co/storage/v1/object/public/car-images/0bdf8ae1-c383-49e6-9add-e8347cc2730b-IMG_0731.jpeg|https://ujfuxpqefdvwyjjwcpdu.supabase.co/storage/v1/object/public/car-images/c04af7d7-b300-4cfc-98c5-338463a5ab3d-IMG_0723.jpeg,90-Day Warranty,false,false
2024,Honda,Civic Sport Hatchback,,Hatchback,8000,700,24000,Excellent,Gasoline,Automatic,,Red,Black,19XFL2H87RE014151,"2024 Honda Civic Sport Hatchback – Clean Title, One Owner, Low Miles

This 2024 Honda Civic Sport Hatchback offers modern styling, excellent fuel efficiency, and Honda’s well-known reliability. With only 24,000 miles, this vehicle is in excellent condition and ready for its next owner.

Finished in a bold red exterior with black interior, this Civic is a one-owner vehicle, fully paid off, and comes with a clean title. It runs and drives great and provides a sporty yet comfortable driving experience.

Why This 2024 Honda Civic Sport Hatchback Is a Smart Buy

Low mileage
Clean title
One-owner vehicle
Sporty hatchback design with extra cargo space
Modern safety and technology features
Low down payment option

🚨 Low-mile Civic hatchbacks at this price do not last.
👉 Contact us",Clean Title|Fully Paid Off|One Owner|Front-Wheel Drive (FWD)|2.0L 4-Cylinder Engine|Automatic Transmission|Sport trim package|Sport-tuned suspension|Electric power steering|LED headlights and LED daytime running lights|Sport alloy wheels|Rear spoiler|Heated power side mirrors|Black sport interior|Sport cloth seats|Push-button start|Smart key entry|Automatic climate control|Multi-function steering wheel|Adaptive cruise control|Power windows and power door locks|60/40 split-folding rear seats|Spacious hatchback cargo area|Touchscreen infotainment display|Apple CarPlay® and Android Auto™|Bluetooth® hands-free calling and audio streaming|USB charging ports|AM/FM audio system|Honda Sensing® safety suite|Collision mitigation braking system|Lane keeping assist|Road departure mitigation|Blind spot monitoring|Rearview backup camera|ABS|traction control and stability control|Multiple airbags.,https://ujfuxpqefdvwyjjwcpdu.supabase.co/storage/v1/object/public/car-images/e73b50ea-191b-420d-a0bc-8885d53c7ebc-IMG_0734.jpeg|https://ujfuxpqefdvwyjjwcpdu.supabase.co/storage/v1/object/public/car-images/ce6947fd-4c04-4e67-ac4f-8b12e4921722-IMG_0733.jpeg|https://ujfuxpqefdvwyjjwcpdu.supabase.co/storage/v1/object/public/car-images/c2ed3b01-1bc8-4259-8504-12eadc5e2c3f-IMG_0735.jpeg|https://ujfuxpqefdvwyjjwcpdu.supabase.co/storage/v1/object/public/car-images/32df5c91-59f0-4a5e-82b2-e43fd5f64b98-IMG_0736.jpeg|https://ujfuxpqefdvwyjjwcpdu.supabase.co/storage/v1/object/public/car-images/89f45ac2-3474-459a-9509-1b596db36ad1-IMG_0737.jpeg|https://ujfuxpqefdvwyjjwcpdu.supabase.co/storage/v1/object/public/car-images/7e72fd9f-66e5-4568-b53b-eac364d822a8-IMG_0738.jpeg|https://ujfuxpqefdvwyjjwcpdu.supabase.co/storage/v1/object/public/car-images/938672d1-53b4-4ef1-8516-bf92479179e6-IMG_0739.jpeg|https://ujfuxpqefdvwyjjwcpdu.supabase.co/storage/v1/object/public/car-images/bb5e34e0-51e5-4b42-ae28-ac22ba9fd100-IMG_0740.jpeg|https://ujfuxpqefdvwyjjwcpdu.supabase.co/storage/v1/object/public/car-images/02065f07-3e9e-41cc-9440-d31010ff0ae5-IMG_0741.jpeg|https://ujfuxpqefdvwyjjwcpdu.supabase.co/storage/v1/object/public/car-images/1448ee4c-1e79-4196-aa8d-6374eb88f890-IMG_0742.jpeg|https://ujfuxpqefdvwyjjwcpdu.supabase.co/storage/v1/object/public/car-images/3105df36-999a-47a0-810a-15f18844e65e-IMG_0743.jpeg|https://ujfuxpqefdvwyjjwcpdu.supabase.co/storage/v1/object/public/car-images/96b4292f-e387-4eba-b934-eb48a2498b14-IMG_0744.jpeg|https://ujfuxpqefdvwyjjwcpdu.supabase.co/storage/v1/object/public/car-images/7231ad0e-d49e-476d-be81-dd070ba7346c-IMG_0745.jpeg|https://ujfuxpqefdvwyjjwcpdu.supabase.co/storage/v1/object/public/car-images/395b45ab-dfe5-47ad-8856-0a2f21b46d7f-IMG_0746.jpeg|https://ujfuxpqefdvwyjjwcpdu.supabase.co/storage/v1/object/public/car-images/a03a22ab-3c15-4b8a-b18b-fd3c188537b5-IMG_0747.jpeg|https://ujfuxpqefdvwyjjwcpdu.supabase.co/storage/v1/object/public/car-images/afffa5e6-b023-4a79-a40e-aace4e49e5f0-IMG_0748.jpeg|https://ujfuxpqefdvwyjjwcpdu.supabase.co/storage/v1/object/public/car-images/8ab2934b-fe24-4fb0-9481-09dec014fd00-IMG_0749.jpeg|https://ujfuxpqefdvwyjjwcpdu.supabase.co/storage/v1/object/public/car-images/7582336c-d28b-4ef8-ad24-ec9085e2c9b7-IMG_0750.jpeg,90-Day Warranty,false,false
2025,Honda ,Civic Sport Hatchback ,,Hatchback,10000,800,4000,Excellent,Gasoline,Automatic,,Blue,Black,19XFL2H87SE037564,"2025 Honda Civic Sport Hatchback – Ultra Low Miles, One Owner, Like New

This 2025 Honda Civic Sport Hatchback offers modern styling, excellent fuel efficiency, and Honda’s legendary reliability. With only 4,000 miles, this vehicle is practically brand new and delivers a smooth, responsive driving experience.

Finished in a sharp blue exterior with black interior, this Civic is a one-owner vehicle, fully paid off, and ready for its next owner. The Sport Hatchback trim adds athletic styling, extra cargo space, and upgraded features, making it a perfect daily driver.

Why This 2025 Honda Civic Sport Hatchback Is a Smart Buy

Extremely low mileage (only 4K miles)
One-owner vehicle
Like-new condition
Sporty hatchback design with extra cargo space
Modern safety and technology features
Low down payment option

🚨 Like-new Civic hatchbacks at this price do not last.
👉 Contact us",Fully Paid Off|One Owner|Front-Wheel Drive (FWD)|2.0L 4-Cylinder Engine|Automatic Transmission|Sport trim package|Sport-tuned suspension|Electric power steering|LED headlights and LED daytime running lights|Sport alloy wheels|Rear spoiler|Heated power side mirrors|Black sport interior|Sport cloth seats|Push-button start|Smart key entry|Automatic climate control|Multi-function steering wheel|Adaptive cruise control|Power windows and power door locks|60/40 split-folding rear seats|Spacious hatchback cargo area|Touchscreen infotainment display|Apple CarPlay® and Android Auto™|Bluetooth® hands-free calling and audio streaming|USB charging ports|AM/FM audio system|Honda Sensing® safety suite|Collision mitigation braking system|Lane keeping assist|Road departure mitigation|Blind spot monitoring|Rearview backup camera|ABS|traction control and stability control|Multiple airbags.,https://ujfuxpqefdvwyjjwcpdu.supabase.co/storage/v1/object/public/car-images/916a9208-e82b-44d1-80e8-57f2cac6f07d-IMG_0771.jpeg|https://ujfuxpqefdvwyjjwcpdu.supabase.co/storage/v1/object/public/car-images/d43b4176-aa93-4ca2-82bd-9799217cd3d2-IMG_0770.jpeg|https://ujfuxpqefdvwyjjwcpdu.supabase.co/storage/v1/object/public/car-images/a0d8c045-9fcb-4cda-8c1c-eaaf4ea8077c-IMG_0772.jpeg|https://ujfuxpqefdvwyjjwcpdu.supabase.co/storage/v1/object/public/car-images/6d136fd0-8973-426b-91db-7a2dfc77ecd7-IMG_0773.jpeg|https://ujfuxpqefdvwyjjwcpdu.supabase.co/storage/v1/object/public/car-images/c3697f1a-02c1-40d4-a314-ba6b4d16da87-IMG_0774.jpeg|https://ujfuxpqefdvwyjjwcpdu.supabase.co/storage/v1/object/public/car-images/c2cbe53e-2c87-4ffc-aa2b-560a07947c47-IMG_0775.jpeg|https://ujfuxpqefdvwyjjwcpdu.supabase.co/storage/v1/object/public/car-images/345b82c8-66f8-45cb-90ef-975da95f24cf-IMG_0776.jpeg|https://ujfuxpqefdvwyjjwcpdu.supabase.co/storage/v1/object/public/car-images/819f1867-8c17-4480-95a6-1e4acf6499eb-IMG_0777.jpeg|https://ujfuxpqefdvwyjjwcpdu.supabase.co/storage/v1/object/public/car-images/3b666826-ecd9-4211-a7a1-750a7837fa33-IMG_0778.jpeg|https://ujfuxpqefdvwyjjwcpdu.supabase.co/storage/v1/object/public/car-images/e7ec5545-3742-45fb-bce6-e26041893b15-IMG_0779.jpeg|https://ujfuxpqefdvwyjjwcpdu.supabase.co/storage/v1/object/public/car-images/bbd509bf-4935-4d1d-8645-ca7c574a2d91-IMG_0780.jpeg|https://ujfuxpqefdvwyjjwcpdu.supabase.co/storage/v1/object/public/car-images/91a97a5e-e648-4619-b087-20fbf92f74c0-IMG_0781.jpeg|https://ujfuxpqefdvwyjjwcpdu.supabase.co/storage/v1/object/public/car-images/82f76ac7-a4d1-430c-85f3-a766e969e611-IMG_0782.jpeg|https://ujfuxpqefdvwyjjwcpdu.supabase.co/storage/v1/object/public/car-images/07a3845f-ed23-467d-85fc-56dcfa58ac42-IMG_0783.jpeg|https://ujfuxpqefdvwyjjwcpdu.supabase.co/storage/v1/object/public/car-images/7146a067-113f-4e53-9b9f-97166563db62-IMG_0784.jpeg|https://ujfuxpqefdvwyjjwcpdu.supabase.co/storage/v1/object/public/car-images/df0ce545-5fef-4fb7-8018-9a00b8f6becd-IMG_0785.jpeg|https://ujfuxpqefdvwyjjwcpdu.supabase.co/storage/v1/object/public/car-images/481184d4-2389-41f5-8610-54595c3e7d9a-IMG_0786.jpeg|https://ujfuxpqefdvwyjjwcpdu.supabase.co/storage/v1/object/public/car-images/60461ee0-be75-4e6c-9e97-d818244692bf-IMG_0787.jpeg|https://ujfuxpqefdvwyjjwcpdu.supabase.co/storage/v1/object/public/car-images/a75f214a-e2d2-44f8-897a-5574849ee831-IMG_0788.jpeg,90-Day Warranty,false,false
2026,Honda ,Civic Sport 2.0 ,,,8000,1000,800,Excellent,Gasoline,Automatic,,Blue,Black,2HGFE2F52TH517764,"2026 Honda Civic Sport 2.0 – Ultra Low Miles, Like New, Priced to Move

This 2026 Honda Civic Sport 2.0 is practically brand new with only 800 miles. Offering modern styling, advanced technology, and Honda’s proven reliability, this sedan delivers a smooth and efficient driving experience.

Finished in a sharp blue exterior with black interior, this Civic is fully paid off, runs and drives perfectly, and is ready for immediate delivery. It comes with a rebuilt title, allowing you to save thousands while still getting a like-new vehicle.

Why This 2026 Honda Civic Sport Is a Smart Buy

Extremely low mileage (only 800 miles)
Like-new condition
Modern design and technology
Fuel-efficient and reliable
Priced below market value
Ready for immediate delivery

🚨 Like-new Civics at this price do not last.
👉 Contact us",Title: Rebuilt|Fully Paid Off|Front-Wheel Drive (FWD)|2.0L 4-Cylinder Engine|Automatic Transmission|Sport trim package|Sport-tuned suspension|Electric power steering|LED headlights and LED daytime running lights|Sport alloy wheels|Body-color mirrors and door handles|Black sport interior|Sport cloth seats|Push-button start|Smart key entry|Automatic climate control|Multi-function steering wheel|Adaptive cruise control|Power windows and power door locks|60/40 split-folding rear seats|Touchscreen infotainment display|Apple CarPlay® and Android Auto™|Bluetooth® hands-free calling and audio streaming|USB charging ports|AM/FM audio system|Honda Sensing® safety suite|Collision mitigation braking system|Lane keeping assist|Road departure mitigation|Blind spot monitoring|Rearview backup camera|ABS|traction control and stability control|Multiple airbags.,https://ujfuxpqefdvwyjjwcpdu.supabase.co/storage/v1/object/public/car-images/a641e24e-f77d-48e8-a657-698f37068397-IMG_0821.jpeg|https://ujfuxpqefdvwyjjwcpdu.supabase.co/storage/v1/object/public/car-images/687c3b70-7871-42bc-b207-96d060521820-IMG_0816.jpeg|https://ujfuxpqefdvwyjjwcpdu.supabase.co/storage/v1/object/public/car-images/5f0d0837-3d75-4e3a-b71f-fe72b0d38773-IMG_0815.jpeg|https://ujfuxpqefdvwyjjwcpdu.supabase.co/storage/v1/object/public/car-images/3d6f3737-aa3b-489b-99a4-6dfc09df3bda-IMG_0819.jpeg|https://ujfuxpqefdvwyjjwcpdu.supabase.co/storage/v1/object/public/car-images/9eeecf63-acdf-4034-837d-ab3666b3ab31-IMG_0822.jpeg|https://ujfuxpqefdvwyjjwcpdu.supabase.co/storage/v1/object/public/car-images/046bdb6b-fbad-4d28-b920-2b3c3311229b-IMG_0823.jpeg|https://ujfuxpqefdvwyjjwcpdu.supabase.co/storage/v1/object/public/car-images/e327bab7-148b-4e8d-a462-54c3f11972df-IMG_0826.jpeg|https://ujfuxpqefdvwyjjwcpdu.supabase.co/storage/v1/object/public/car-images/b0772141-6084-4f59-aebc-5d33d76b1530-IMG_0830.jpeg|https://ujfuxpqefdvwyjjwcpdu.supabase.co/storage/v1/object/public/car-images/8885b75b-06dc-43c4-8100-fb96047c0d85-IMG_0829.jpeg|https://ujfuxpqefdvwyjjwcpdu.supabase.co/storage/v1/object/public/car-images/9954607d-958e-494c-bb68-199ac5f0bea3-IMG_0831.jpeg|https://ujfuxpqefdvwyjjwcpdu.supabase.co/storage/v1/object/public/car-images/5569f5cc-cec0-4b91-98a4-c76d592016d6-IMG_0827.jpeg|https://ujfuxpqefdvwyjjwcpdu.supabase.co/storage/v1/object/public/car-images/0176493a-477c-420e-bc71-4e4380c985bb-IMG_0832.jpeg|https://ujfuxpqefdvwyjjwcpdu.supabase.co/storage/v1/object/public/car-images/91c9d535-31e0-4518-9633-35ddc581f079-IMG_0828.jpeg|https://ujfuxpqefdvwyjjwcpdu.supabase.co/storage/v1/object/public/car-images/575103a4-7c75-48ae-bbfa-8d17cea72b59-IMG_0825.jpeg|https://ujfuxpqefdvwyjjwcpdu.supabase.co/storage/v1/object/public/car-images/9db7e28e-1779-4380-b956-f7e2d27cef4e-IMG_0824.jpeg|https://ujfuxpqefdvwyjjwcpdu.supabase.co/storage/v1/object/public/car-images/81a55e61-7839-4711-8183-673a61641f62-IMG_0820.jpeg|https://ujfuxpqefdvwyjjwcpdu.supabase.co/storage/v1/object/public/car-images/80e9d7ee-6b29-45e6-b625-4f2a10cda413-IMG_0818.jpeg|https://ujfuxpqefdvwyjjwcpdu.supabase.co/storage/v1/object/public/car-images/6e680121-7a58-4fb9-a000-ec73887c1190-IMG_0817.jpeg,90-Day Warranty,false,false
2016,Hyundai,Tucson Limited 1.6L,,,6000,800,76000,Excellent,Gasoline,Automatic,,Black,Beige,KM8J33A2XGU194127,"2016 Hyundai Tucson Limited 1.6L – Clean Title, Fully Loaded, Well Maintained

This 2016 Hyundai Tucson Limited 1.6L is a fully loaded compact SUV offering comfort, reliability, and modern features. With 76,000 original miles, this vehicle is very clean inside and out, well maintained, and runs and drives like new.

Finished in a sleek black exterior with beige leather interior, this Tucson comes with a clean title, is fully paid off, and is ready for immediate delivery. It delivers solid fuel economy at 25 MPG city / 30 MPG highway / 27 MPG combined, making it a practical and efficient SUV.

Why This 2016 Hyundai Tucson Limited Is a Smart Buy

Clean title
Fully loaded Limited trim
Well maintained and very clean
Great fuel economy
Comfortable and reliable SUV
Low down payment option

🚨 Clean, loaded Tucsons at this price do not last.
👉 Contact us",Clean Title|Fully Paid Off|2 Owners|5/5 NHTSA Safety Rating|Front-Wheel Drive (FWD)|1.6L Turbocharged 4-Cylinder Engine|Automatic Transmission|Limited trim package|Electric power steering|LED headlights and LED daytime running lights|Alloy wheels|Power liftgate|Heated power side mirrors|Leather interior|Heated perforated front seats|Power-adjustable driver seat|Push-button start|Smart key entry|Dual-zone automatic climate control|Multi-function steering wheel|Cruise control|Power windows and power door locks|Split-folding rear seats|Spacious cargo area|Touchscreen infotainment display|Apple CarPlay® and Android Auto™|Bluetooth® hands-free calling and audio streaming|USB charging ports|AM/FM audio system|Blind spot monitoring|Rear cross-traffic alert|Rearview backup camera|ABS|traction control and stability control|Multiple airbags.,https://ujfuxpqefdvwyjjwcpdu.supabase.co/storage/v1/object/public/car-images/cdaadd52-3e3c-4e47-9710-dcb56bd8365e-IMG_0895.jpeg|https://ujfuxpqefdvwyjjwcpdu.supabase.co/storage/v1/object/public/car-images/1dc46ecf-9930-4e58-9f11-b72fc6c85028-IMG_0894.jpeg|https://ujfuxpqefdvwyjjwcpdu.supabase.co/storage/v1/object/public/car-images/25ff8d07-e7e4-46f1-83df-1ddfb78d6532-IMG_0896.jpeg|https://ujfuxpqefdvwyjjwcpdu.supabase.co/storage/v1/object/public/car-images/8662415c-e3aa-48f0-a623-16c86abbcc83-IMG_0897.jpeg|https://ujfuxpqefdvwyjjwcpdu.supabase.co/storage/v1/object/public/car-images/f12666ee-3017-4f4f-8099-6a8e69bdbb01-IMG_0898.jpeg|https://ujfuxpqefdvwyjjwcpdu.supabase.co/storage/v1/object/public/car-images/7fcf8fda-9c92-49cf-aa2a-7c46e1fc36d3-IMG_0900.jpeg|https://ujfuxpqefdvwyjjwcpdu.supabase.co/storage/v1/object/public/car-images/1d03d287-57e4-4266-804c-778771450bf0-IMG_0899.jpeg|https://ujfuxpqefdvwyjjwcpdu.supabase.co/storage/v1/object/public/car-images/898072f1-7fba-488e-925f-4ee32704d1d5-IMG_0901.jpeg|https://ujfuxpqefdvwyjjwcpdu.supabase.co/storage/v1/object/public/car-images/7186cd37-dc4e-440f-beba-9fb0f88640d5-IMG_0905.jpeg|https://ujfuxpqefdvwyjjwcpdu.supabase.co/storage/v1/object/public/car-images/7c2f0ca5-ffd3-427a-9d5c-7c78b1e1629c-IMG_0906.jpeg|https://ujfuxpqefdvwyjjwcpdu.supabase.co/storage/v1/object/public/car-images/adec3374-17d4-4994-9dc0-9bf65e4c4c4d-IMG_0907.jpeg|https://ujfuxpqefdvwyjjwcpdu.supabase.co/storage/v1/object/public/car-images/dcb2f5a5-189b-4e2b-b5bf-d14345d2abda-IMG_0908.jpeg|https://ujfuxpqefdvwyjjwcpdu.supabase.co/storage/v1/object/public/car-images/c17228a6-9298-418d-8372-1476137ba3fb-IMG_0909.jpeg|https://ujfuxpqefdvwyjjwcpdu.supabase.co/storage/v1/object/public/car-images/9058ee48-3f56-4759-80b9-fef01190a070-IMG_0910.jpeg|https://ujfuxpqefdvwyjjwcpdu.supabase.co/storage/v1/object/public/car-images/40301ae6-2749-412a-8329-1527b347df9e-IMG_0911.jpeg|https://ujfuxpqefdvwyjjwcpdu.supabase.co/storage/v1/object/public/car-images/1bad17eb-0132-43d6-9541-ed6f1a6ade42-IMG_0912.jpeg|https://ujfuxpqefdvwyjjwcpdu.supabase.co/storage/v1/object/public/car-images/11ff8680-1628-4deb-bd54-a29337455fac-IMG_0902.jpeg|https://ujfuxpqefdvwyjjwcpdu.supabase.co/storage/v1/object/public/car-images/aef3948b-9d8b-4ab3-ab53-f4d8bc705af6-IMG_0903.jpeg|https://ujfuxpqefdvwyjjwcpdu.supabase.co/storage/v1/object/public/car-images/df3515d5-22e8-49ef-a6b8-765885642108-IMG_0904.jpeg|https://ujfuxpqefdvwyjjwcpdu.supabase.co/storage/v1/object/public/car-images/c05a0c63-4d0d-4ab8-b563-03fd178d87e9-IMG_0913.jpeg,90-Day Warranty,false,false
2025,Honda,Civic Sport Sedan 4D,,Sedan,7000,800,13000,Excellent,Gasoline,Automatic,,Black,Black,1HGCY1F3XRA024344,"2025 Honda Civic Sport – Low Miles, One Owner, Priced to Sell

This 2025 Honda Civic Sport delivers modern design, fuel efficiency, and proven Honda reliability. With only 13,000 miles, this vehicle is in excellent condition and offers a smooth, comfortable, and sporty driving experience.

Finished in a sleek black exterior with black interior, this Civic is a one-owner vehicle, fully paid off, and ready for immediate delivery. It’s the perfect daily driver with a balance of performance, comfort, and technology.


Why This 2025 Honda Civic Sport Is a Smart Buy

Low mileage
One-owner vehicle
Sporty and fuel-efficient
Modern safety and tech features
Low down payment option
Ready for immediate delivery

🚨 Civic Sport models at this price do not last.
👉 Contact us",Fully Paid Off|One Owner|Front-Wheel Drive (FWD)|2.0L 4-Cylinder Engine|Automatic Transmission|Sport trim package|Sport-tuned suspension|Electric power steering|LED headlights and LED daytime running lights|Sport alloy wheels|Body-color mirrors and door handles|Black sport interior|Sport cloth seats|Push-button start|Smart key entry|Automatic climate control|Multi-function steering wheel|Adaptive cruise control|Power windows and power door locks|60/40 split-folding rear seats|Touchscreen infotainment display|Apple CarPlay® and Android Auto™|Bluetooth® hands-free calling and audio streaming|USB charging ports|AM/FM audio system|Honda Sensing® safety suite|Collision mitigation braking system|Lane keeping assist|Road departure mitigation|Blind spot monitoring|Rearview backup camera|ABS|traction control and stability control|Multiple airbags.,https://ujfuxpqefdvwyjjwcpdu.supabase.co/storage/v1/object/public/car-images/34a50dc8-c581-4e5e-9b2d-5e7bbb147934-IMG_0923.jpeg|https://ujfuxpqefdvwyjjwcpdu.supabase.co/storage/v1/object/public/car-images/5ffe5546-e01d-4c17-8478-40d2a8c8e7fd-IMG_0922.jpeg|https://ujfuxpqefdvwyjjwcpdu.supabase.co/storage/v1/object/public/car-images/9bb6e1d5-87f5-4613-8675-0b353f752996-IMG_0924.jpeg|https://ujfuxpqefdvwyjjwcpdu.supabase.co/storage/v1/object/public/car-images/f747b64d-b25e-4dff-9386-a390298d46c9-IMG_0925.jpeg|https://ujfuxpqefdvwyjjwcpdu.supabase.co/storage/v1/object/public/car-images/5f6f62f5-abd8-4747-8eae-042ca41f8255-IMG_0926.jpeg|https://ujfuxpqefdvwyjjwcpdu.supabase.co/storage/v1/object/public/car-images/ad9df2e1-86a4-4d3e-966c-e912b1abacb8-IMG_0927.jpeg|https://ujfuxpqefdvwyjjwcpdu.supabase.co/storage/v1/object/public/car-images/2eb624da-d8e2-4dc9-b7fa-b1d9984f6902-IMG_0928.jpeg|https://ujfuxpqefdvwyjjwcpdu.supabase.co/storage/v1/object/public/car-images/7a58075d-b5aa-4908-b7b8-be5dee9cc6db-IMG_0929.jpeg|https://ujfuxpqefdvwyjjwcpdu.supabase.co/storage/v1/object/public/car-images/2e11f79c-fcb9-4d1f-9e30-550c000789c3-IMG_0930.jpeg|https://ujfuxpqefdvwyjjwcpdu.supabase.co/storage/v1/object/public/car-images/30580f1e-ba4f-43ac-9732-f8bcafc123ee-IMG_0931.jpeg|https://ujfuxpqefdvwyjjwcpdu.supabase.co/storage/v1/object/public/car-images/23d5726e-71b3-40b7-b24e-46ddcc72f4c5-IMG_0932.jpeg|https://ujfuxpqefdvwyjjwcpdu.supabase.co/storage/v1/object/public/car-images/c7e9e44e-983d-499b-8916-2a68cd56f897-IMG_0933.jpeg|https://ujfuxpqefdvwyjjwcpdu.supabase.co/storage/v1/object/public/car-images/5e022a85-8a97-47dd-9528-8437b7078980-IMG_0934.jpeg|https://ujfuxpqefdvwyjjwcpdu.supabase.co/storage/v1/object/public/car-images/cd94f109-cd5d-4abd-a609-099c9e2578b4-IMG_0935.jpeg|https://ujfuxpqefdvwyjjwcpdu.supabase.co/storage/v1/object/public/car-images/b0af016c-3e61-47ba-8ad0-03b119f529e9-IMG_0937.jpeg|https://ujfuxpqefdvwyjjwcpdu.supabase.co/storage/v1/object/public/car-images/5fd1c7fb-ac4f-4283-9514-0453ea48454d-IMG_0938.jpeg|https://ujfuxpqefdvwyjjwcpdu.supabase.co/storage/v1/object/public/car-images/9e505150-107d-4f20-84b5-acf05f9a418d-IMG_0936.jpeg,90-Day Warranty,false,false
2025,Honda ,Civic Hatchback Sport 4D,,Hatchback,6000,800,16000,Excellent,Gasoline,Automatic,,Blue,Black,19XFL2H8XSE034593,"2025 Honda Civic Sport – Sport Hatchback • Low Miles • Rebuilt Title • Best Price

This 2025 Honda Civic Sport Hatchback is a perfect blend of sporty design, fuel efficiency, and Honda durability. With only 16,000 miles, it drives like new and has been fully inspected and cleared for the road. The vehicle comes in a Blue exterior with a Black interior, giving it a clean, sharp, and modern look.

Even though it carries a rebuilt title, the car has already been fully repaired, inspected, and approved meaning it’s safe, reliable, and ready for immediate use. It’s an excellent opportunity to own a newer Honda model at a much lower price.


💰 Full Price: $6,000
💳 Down Payment: $800
📍 Mileage: 16,000 miles
📑 Title Status: Rebuilt Title
⚙️ Transmission: Automatic
🎨 Exterior / Interior: Blue / Black
⛽ Fuel Type: Gasoline
🚘 Trim: Sport Hatchback 4D
👤 Number of Owners: 1
📑 Paid Off: Yes
🔐 VIN: 19XFL2H8XSE034593",Sport Hatchback 4D|Rebuilt Title|Fully Paid Off|1 Owner|16|000 original miles|Automatic transmission|Front-Wheel Drive (FWD)|2.0L 4-cylinder engine|Sport-tuned suspension|Keyless entry|Push-button start|Sport alloy wheels|LED headlights|LED daytime running lights|Rear spoiler|Backup camera|Touchscreen display|Apple CarPlay|Android Auto|Bluetooth audio and calls|USB ports|Multi-function steering wheel|Adaptive cruise control|Lane keeping assist|Collision mitigation braking|Road departure mitigation|Traction control|Stability control|Power windows|Power door locks|Cloth sport seats|Fold-down rear seats for cargo space|Excellent fuel economy|Well-maintained and very clean,https://ujfuxpqefdvwyjjwcpdu.supabase.co/storage/v1/object/public/car-images/cce53579-4ab9-404f-af34-1c77b03fbb12-IMG_1010.jpeg|https://ujfuxpqefdvwyjjwcpdu.supabase.co/storage/v1/object/public/car-images/a16bccde-875f-4d3c-85a0-b2470e60e8c2-IMG_1009.jpeg|https://ujfuxpqefdvwyjjwcpdu.supabase.co/storage/v1/object/public/car-images/668490c3-74bb-4bd5-9579-39e7b08d6956-IMG_1012.jpeg|https://ujfuxpqefdvwyjjwcpdu.supabase.co/storage/v1/object/public/car-images/4fb7b49b-308c-46ac-aa8d-269d7a7ef0ce-IMG_1011.jpeg|https://ujfuxpqefdvwyjjwcpdu.supabase.co/storage/v1/object/public/car-images/f6793b1a-aec4-47a5-a87b-271b89deba8c-IMG_1013.jpeg|https://ujfuxpqefdvwyjjwcpdu.supabase.co/storage/v1/object/public/car-images/f46f6a99-e5f3-4270-a818-ed1c21e7af07-IMG_1014.jpeg|https://ujfuxpqefdvwyjjwcpdu.supabase.co/storage/v1/object/public/car-images/0fbcd468-b2ff-495d-8c48-4f381af41ca4-IMG_1015.jpeg|https://ujfuxpqefdvwyjjwcpdu.supabase.co/storage/v1/object/public/car-images/7cbe5ce9-eb5e-4551-8362-e32c44273d36-IMG_1016.jpeg|https://ujfuxpqefdvwyjjwcpdu.supabase.co/storage/v1/object/public/car-images/84ed862e-a0e0-4ce8-90b1-ea82df356b75-IMG_1017.jpeg|https://ujfuxpqefdvwyjjwcpdu.supabase.co/storage/v1/object/public/car-images/4ef37e86-2561-44de-9d13-5e909410b0e6-IMG_1018.jpeg|https://ujfuxpqefdvwyjjwcpdu.supabase.co/storage/v1/object/public/car-images/2085b667-690e-4e95-92da-05b1b29fb062-IMG_1019.jpeg|https://ujfuxpqefdvwyjjwcpdu.supabase.co/storage/v1/object/public/car-images/945ad8b7-7c02-47b1-beff-0924ac4f0446-IMG_1020.jpeg|https://ujfuxpqefdvwyjjwcpdu.supabase.co/storage/v1/object/public/car-images/b60e4454-c7f2-418f-b3cf-67599ab86ecc-IMG_1021.jpeg|https://ujfuxpqefdvwyjjwcpdu.supabase.co/storage/v1/object/public/car-images/62035693-3957-4ada-847c-39ab90d46d52-IMG_1022.jpeg|https://ujfuxpqefdvwyjjwcpdu.supabase.co/storage/v1/object/public/car-images/0e78b7f5-99cf-4e7d-acda-57b730e0d3e5-IMG_1023.jpeg|https://ujfuxpqefdvwyjjwcpdu.supabase.co/storage/v1/object/public/car-images/0dfa3edc-45bd-433a-8eee-d177724b545f-IMG_1024.jpeg|https://ujfuxpqefdvwyjjwcpdu.supabase.co/storage/v1/object/public/car-images/485e9be8-21ea-4de8-9b7f-26d8221424f6-IMG_1025.jpeg|https://ujfuxpqefdvwyjjwcpdu.supabase.co/storage/v1/object/public/car-images/579095ec-66c1-422d-a00e-398f845dcd83-IMG_1026.jpeg,90-Day Warranty,false,false
2023,Acura,Integra A-Spec,,,6000,700,26000,Excellent,Gasoline,Automatic,,Grey,Black,19UDE4H39PA022402,"2023 Acura Integra A-Spec • Sporty • Turbo • Rebuilt Title • Low Miles

This 2023 Acura Integra A-Spec is a stylish, sporty, luxury hatchback sedan that delivers performance, comfort and technology all in one. With only 26,000 miles, it runs extremely smooth and feels like new. The A-Spec package adds aggressive exterior styling, upgraded wheels, sport seats, and a premium driving experience.

The vehicle has a rebuilt title, fully repaired and inspected meaning it’s 100% road-ready, reliable and safe. A great opportunity to own a newer luxury Acura without paying the high market price.

This 2023 Acura Integra A-Spec offers luxury and sport in one package. The turbocharged engine gives quick acceleration, the A-Spec styling stands out on the road, and the interior is clean, modern, and extremely comfortable. Even with a rebuilt title, the car has already passed all required inspections and is fully approved for daily use. It’s reliable, fuel-efficient, and in excellent condition.

If you’re looking for a new-body Acura with low miles, premium features and an unbeatable price, this is the perfect option.",Rebuilt Title|26|000 miles|Automatic transmission|1.5L Turbocharged 4-cylinder engine|A-Spec Sport Package|Sport body kit|Sport alloy wheels|LED headlights & taillights|Premium sport seats|Leather + suede interior|Steering-wheel paddle shifters|Push-button start|Keyless entry|Digital gauge cluster|Dual-zone climate control|Backup camera|Apple CarPlay|Android Auto|Bluetooth|USB ports|Premium sound system|Lane-keeping assist|Adaptive cruise control|Collision mitigation braking|Blind-spot monitoring|Power windows|Power locks|Traction control|Stability control|Excellent gas mileage|Very clean inside and out|Drives smooth and strong|Fully paid off and ready to go,https://ujfuxpqefdvwyjjwcpdu.supabase.co/storage/v1/object/public/car-images/508eb0a2-4af4-422d-8ebb-45075603c1c2-IMG_1123.jpeg|https://ujfuxpqefdvwyjjwcpdu.supabase.co/storage/v1/object/public/car-images/eb534acb-6796-43aa-9a5a-795e972d29a4-IMG_1125.jpeg|https://ujfuxpqefdvwyjjwcpdu.supabase.co/storage/v1/object/public/car-images/58780c97-fc98-40b5-b48e-013a1ed4a459-IMG_1122.jpeg|https://ujfuxpqefdvwyjjwcpdu.supabase.co/storage/v1/object/public/car-images/d9ced10d-073c-46ca-bcc3-32639eadee82-IMG_1124.jpeg|https://ujfuxpqefdvwyjjwcpdu.supabase.co/storage/v1/object/public/car-images/1738f44f-b42f-4a5f-abdd-50b60196b45b-IMG_1127.jpeg|https://ujfuxpqefdvwyjjwcpdu.supabase.co/storage/v1/object/public/car-images/a998eeab-a04d-45fa-9723-58316d7a2d08-IMG_1126.jpeg|https://ujfuxpqefdvwyjjwcpdu.supabase.co/storage/v1/object/public/car-images/150ef3b7-f185-4f8d-9697-4595d75b2c7c-IMG_1133.jpeg|https://ujfuxpqefdvwyjjwcpdu.supabase.co/storage/v1/object/public/car-images/744ff6ec-b9c1-4e70-b84f-a2fa014eaad9-IMG_1136.jpeg|https://ujfuxpqefdvwyjjwcpdu.supabase.co/storage/v1/object/public/car-images/b3cbcfc6-1dbf-49cc-addd-84f188274e31-IMG_1139.jpeg|https://ujfuxpqefdvwyjjwcpdu.supabase.co/storage/v1/object/public/car-images/91d581dd-f89c-454f-960f-06702b00b936-IMG_1138.jpeg|https://ujfuxpqefdvwyjjwcpdu.supabase.co/storage/v1/object/public/car-images/e5c83a3a-5629-43b4-b59d-4d2a765804ae-IMG_1137.jpeg|https://ujfuxpqefdvwyjjwcpdu.supabase.co/storage/v1/object/public/car-images/e6adc9ed-c7c8-4585-b2a1-89aa19cc8e25-IMG_1141.jpeg|https://ujfuxpqefdvwyjjwcpdu.supabase.co/storage/v1/object/public/car-images/e1d23325-a255-4cfd-af28-4aa0b3983725-IMG_1140.jpeg|https://ujfuxpqefdvwyjjwcpdu.supabase.co/storage/v1/object/public/car-images/882537fa-2d77-4c09-9e7a-97fa385a2728-IMG_1135.jpeg|https://ujfuxpqefdvwyjjwcpdu.supabase.co/storage/v1/object/public/car-images/e9e08dfb-1c01-4f5b-9ec1-ebd102ebf0c4-IMG_1134.jpeg|https://ujfuxpqefdvwyjjwcpdu.supabase.co/storage/v1/object/public/car-images/7377579d-29b7-4782-987b-db4afcf42c0b-IMG_1132.jpeg|https://ujfuxpqefdvwyjjwcpdu.supabase.co/storage/v1/object/public/car-images/1f87d8c8-2747-4787-8fcf-4c2cb34594ea-IMG_1131.jpeg|https://ujfuxpqefdvwyjjwcpdu.supabase.co/storage/v1/object/public/car-images/93aa6dd8-35d1-4354-b0c1-b3d4fa7a7546-IMG_1130.jpeg|https://ujfuxpqefdvwyjjwcpdu.supabase.co/storage/v1/object/public/car-images/80474775-bc53-41c3-8514-10217e873137-IMG_1129.jpeg|https://ujfuxpqefdvwyjjwcpdu.supabase.co/storage/v1/object/public/car-images/cd349d9e-7e40-44ba-a6bf-9e7257964ce0-IMG_1128.jpeg,90-Day Warranty,false,false
2023,Honda,Civic Hatchback Sport,,Hatchback,8000,700,27000,Excellent,Gasoline,Automatic,,Grey,Black,19XFL2H89PE015296,"2023 Honda Civic Hatchback Sport • Clean • Low Miles • Sport Package

This 2023 Honda Civic Hatchback Sport combines sharp styling, great fuel economy, and Honda’s unmatched reliability. With only 27,000 miles, it drives incredibly smooth and feels like new. The Sport trim adds upgraded wheels, sport body styling, paddle shifters, and a more responsive driving feel. Very clean inside and out perfect for daily driving, long trips, or a first car.

This 2023 Civic Hatchback Sport offers the perfect mix of performance, style, and practicality. The Sport package gives it a modern, aggressive look, while the hatchback design provides extra cargo room compared to the sedan. It’s fuel-efficient, reliable, and in excellent condition with only 27k miles.

Everything works perfectly engine, transmission, A/C, electronics and the interior is extremely clean. With its low miles and Honda’s long-term durability, this Civic will last for years with minimal maintenance.

If you’re looking for a new-body Civic that’s stylish, economical, and dependable, this is an excellent choice.",27|000 miles|Automatic transmission|Sport alloy wheels|Sport body kit|LED headlights|Push-button start|Keyless entry|Digital dashboard|Backup camera|Apple CarPlay|Android Auto|Bluetooth|USB ports|Touchscreen display|Lane-keeping assist|Adaptive cruise control|Collision mitigation braking system|Blind-spot monitoring|Traction control|Stability control|Excellent gas mileage|Roomy hatchback cargo space|Very clean interior|Smooth and strong engine|Well maintained|1 owner|Fully paid off.,https://ujfuxpqefdvwyjjwcpdu.supabase.co/storage/v1/object/public/car-images/bd822ebf-1fff-4854-a33e-19b240b913d7-IMG_1163.jpeg|https://ujfuxpqefdvwyjjwcpdu.supabase.co/storage/v1/object/public/car-images/fd9014db-b6a9-4c9d-a6df-93548f8a6ee1-IMG_1162.jpeg|https://ujfuxpqefdvwyjjwcpdu.supabase.co/storage/v1/object/public/car-images/d28bf194-8c7d-4d92-a277-a209ab76efc4-IMG_1166.jpeg|https://ujfuxpqefdvwyjjwcpdu.supabase.co/storage/v1/object/public/car-images/1f1f492d-067a-4aa5-bf6b-8c38ffb02c5d-IMG_1164.jpeg|https://ujfuxpqefdvwyjjwcpdu.supabase.co/storage/v1/object/public/car-images/8c3d45b3-11c4-4ecd-bc49-15b457e414b1-IMG_1165.jpeg|https://ujfuxpqefdvwyjjwcpdu.supabase.co/storage/v1/object/public/car-images/5d437b21-1402-4ab0-a8e1-e9e5435b1622-IMG_1167.jpeg|https://ujfuxpqefdvwyjjwcpdu.supabase.co/storage/v1/object/public/car-images/33651cfa-4962-45ef-82dd-5f3fe8953e17-IMG_1168.jpeg|https://ujfuxpqefdvwyjjwcpdu.supabase.co/storage/v1/object/public/car-images/2bc8fd5a-30de-49c2-9c03-9ba6e5668446-IMG_1169.jpeg|https://ujfuxpqefdvwyjjwcpdu.supabase.co/storage/v1/object/public/car-images/5cb6c3f3-7800-41a5-a50e-de491997e14d-IMG_1170.jpeg|https://ujfuxpqefdvwyjjwcpdu.supabase.co/storage/v1/object/public/car-images/659df289-446a-43ae-a2b0-bb970455e9ca-IMG_1171.jpeg|https://ujfuxpqefdvwyjjwcpdu.supabase.co/storage/v1/object/public/car-images/defc2c3e-7e09-4558-9c90-414a906bdcc8-IMG_1172.jpeg|https://ujfuxpqefdvwyjjwcpdu.supabase.co/storage/v1/object/public/car-images/9909c33b-33aa-4b2d-bc56-305b9657dd22-IMG_1173.jpeg|https://ujfuxpqefdvwyjjwcpdu.supabase.co/storage/v1/object/public/car-images/77e90b09-3fce-40c1-b3c9-cd25885593be-IMG_1174.jpeg|https://ujfuxpqefdvwyjjwcpdu.supabase.co/storage/v1/object/public/car-images/ed628a4b-c5f0-4c4b-8f64-97f0674766f2-IMG_1175.jpeg|https://ujfuxpqefdvwyjjwcpdu.supabase.co/storage/v1/object/public/car-images/e1258d98-5206-4283-b76c-380752408ae0-IMG_1176.jpeg|https://ujfuxpqefdvwyjjwcpdu.supabase.co/storage/v1/object/public/car-images/51daa85d-ba1e-44a6-ae48-126afec0c2f6-IMG_1177.jpeg|https://ujfuxpqefdvwyjjwcpdu.supabase.co/storage/v1/object/public/car-images/4a6be812-75f0-4452-8647-b34b6af0bd1a-IMG_1178.jpeg|https://ujfuxpqefdvwyjjwcpdu.supabase.co/storage/v1/object/public/car-images/e30fd159-8232-4ba7-9cc7-38266399611d-IMG_1179.jpeg,90-Day Warranty,false,false
2025,Honda,Civic Sport,,,10000,800,23000,Good,Gasoline,Automatic,,White,Black,2HGFE2F58SH595366,"2025 Honda Civic Sport • Like New • Low Miles • 1 Owner

This 2025 Honda Civic Sport is one of the newest body styles on the market clean, sharp, and extremely fuel-efficient. With only 23,000 miles, it drives like a brand-new car and has been very well maintained. The Sport trim adds upgraded wheels, sport styling, paddle shifters, and a more responsive driving feel.

This 2025 Civic Sport offers modern styling, excellent performance, and Honda’s legendary reliability. The interior is extremely clean, the body is in great condition, and everything works perfectly engine, transmission, A/C and all safety features.

The Sport trim makes it more stylish and fun to drive, while still giving you top-tier fuel efficiency and low maintenance costs. With only 23k miles, this car is practically new and will last for years.
Perfect for commuting, traveling, or everyday driving. A smooth, comfortable, and dependable ride from every angle.",23|000 miles|Automatic transmission|Sport alloy wheels|Sport body kit|LED headlights|Apple CarPlay|Android Auto|Bluetooth|USB ports|Backup camera|Touchscreen display|Lane keep assist|Adaptive cruise control|Collision mitigation braking system|Blind spot monitoring|Keyless entry|Push-button start|Digital dash|Great fuel economy|Smooth engine and transmission|Very clean inside and out|1 owner|Fully paid off.,https://ujfuxpqefdvwyjjwcpdu.supabase.co/storage/v1/object/public/car-images/dce1f51b-6595-4bd5-af31-5f0f56215ee9-IMG_1182.jpeg|https://ujfuxpqefdvwyjjwcpdu.supabase.co/storage/v1/object/public/car-images/2aca6dfe-84db-4107-914e-a73984dec956-IMG_1181.jpeg|https://ujfuxpqefdvwyjjwcpdu.supabase.co/storage/v1/object/public/car-images/8a48e950-e693-4318-ac2c-6dfe6b12a7fd-IMG_1183.jpeg|https://ujfuxpqefdvwyjjwcpdu.supabase.co/storage/v1/object/public/car-images/ca1b4db6-06d2-4bf7-a6d7-e1effe417288-IMG_1186.jpeg|https://ujfuxpqefdvwyjjwcpdu.supabase.co/storage/v1/object/public/car-images/dba04e17-a6dc-4bcf-9740-713a173028b5-IMG_1184.jpeg|https://ujfuxpqefdvwyjjwcpdu.supabase.co/storage/v1/object/public/car-images/22cfc23b-fec2-417f-b63e-f37274aaf09a-IMG_1185.jpeg|https://ujfuxpqefdvwyjjwcpdu.supabase.co/storage/v1/object/public/car-images/94fb9651-307d-480b-8076-a160efd723a9-IMG_1187.jpeg|https://ujfuxpqefdvwyjjwcpdu.supabase.co/storage/v1/object/public/car-images/4e470cb5-c277-4ee6-a786-05ff5db692ff-IMG_1188.jpeg|https://ujfuxpqefdvwyjjwcpdu.supabase.co/storage/v1/object/public/car-images/d8ce62c8-d2ce-4837-955f-e350f4c20026-IMG_1189.jpeg|https://ujfuxpqefdvwyjjwcpdu.supabase.co/storage/v1/object/public/car-images/4148316c-c485-4344-b158-1fd7ba073af3-IMG_1190.jpeg|https://ujfuxpqefdvwyjjwcpdu.supabase.co/storage/v1/object/public/car-images/2e76f459-27a9-46a9-bfac-c0c9ba787eeb-IMG_1191.jpeg|https://ujfuxpqefdvwyjjwcpdu.supabase.co/storage/v1/object/public/car-images/1bfcf57f-93bb-49e3-a361-8bdfa48a3c1d-IMG_1192.jpeg|https://ujfuxpqefdvwyjjwcpdu.supabase.co/storage/v1/object/public/car-images/a2507219-df05-40ad-b04a-1ba16aec8ce3-IMG_1193.jpeg|https://ujfuxpqefdvwyjjwcpdu.supabase.co/storage/v1/object/public/car-images/ad3b034f-1bc1-48ed-b88e-deeef4031deb-IMG_1194.jpeg|https://ujfuxpqefdvwyjjwcpdu.supabase.co/storage/v1/object/public/car-images/ee50e6b4-72a2-48a3-b8bf-37ed4807ef31-IMG_1195.jpeg|https://ujfuxpqefdvwyjjwcpdu.supabase.co/storage/v1/object/public/car-images/3810b5af-adeb-4f6b-87e8-a5d4287d4d78-IMG_1196.jpeg|https://ujfuxpqefdvwyjjwcpdu.supabase.co/storage/v1/object/public/car-images/b8059d58-e98c-4b0b-85fa-64f21dd5fa15-IMG_1197.jpeg|https://ujfuxpqefdvwyjjwcpdu.supabase.co/storage/v1/object/public/car-images/d37e9398-7a83-495b-9c3b-7faa4a5cec45-IMG_1198.jpeg|https://ujfuxpqefdvwyjjwcpdu.supabase.co/storage/v1/object/public/car-images/c4124b24-07a5-4e37-92ec-663aa3dfb623-IMG_1199.jpeg,90-Day Warranty,false,false
2025,Honda ,Accord SE ,,,8000,600,5000,Excellent,Gasoline,Automatic,,White,Black,1HGCY1F46SA056223,"2025 Honda Accord SE • Like New • Ultra Low Miles • 1 Owner

This 2025 Honda Accord Special Edition (SE) is a like-new sedan with only 5,000 miles. It delivers the perfect combination of modern styling, comfort, fuel efficiency and Honda reliability. This vehicle drives extremely smooth and feels just like a brand-new car straight off the lot. Finished in a white exterior with black interior, this Accord is a one owner vehicle, fully paid off, and in excellent condition inside and out. If you’re looking for a newer model sedan at a great price, this is a perfect opportunity. This 2025 Honda Accord SE is practically brand new with only 5k miles, offering top-tier reliability and modern features at a fraction of the cost of a new car. Everything works perfectly engine, transmission, electronics and safety systems. The ride is smooth, quiet and comfortable, making it ideal for daily driving, commuting, or long-distance travel. Honda’s reputation for durability means this car will last for years with minimal maintenance. If you want a new body Accord in near-new condition without paying dealership prices this is the one.",5|000 miles|Automatic transmission|Special Edition trim package|Alloy wheels|LED headlights|LED daytime running lights|Push-button start|Keyless entry|Backup camera|Touchscreen display|Apple CarPlay|Android Auto|Bluetooth connectivity|USB ports|Multi-function steering wheel|Adaptive cruise control|Lane keeping assist|Collision mitigation braking system|Road departure mitigation|Power driver seat|Power windows|Power door locks|Spacious interior|Excellent fuel economy|Very clean inside and out|Like-new condition|Smooth and quiet ride|1 owner|Fully paid off.,https://ujfuxpqefdvwyjjwcpdu.supabase.co/storage/v1/object/public/car-images/4fd1568a-4735-4a82-874e-5dd070906192-IMG_1316.jpeg|https://ujfuxpqefdvwyjjwcpdu.supabase.co/storage/v1/object/public/car-images/4d2f1fa1-5008-4485-b095-b229c0f3660f-IMG_1315.jpeg|https://ujfuxpqefdvwyjjwcpdu.supabase.co/storage/v1/object/public/car-images/2eb9d0c4-2ce1-4e9b-a968-31f94ced4d07-IMG_1317.jpeg|https://ujfuxpqefdvwyjjwcpdu.supabase.co/storage/v1/object/public/car-images/d1a4b8a2-5294-4280-a939-166ceb327e6a-IMG_1318.jpeg|https://ujfuxpqefdvwyjjwcpdu.supabase.co/storage/v1/object/public/car-images/c72ce17f-598c-4695-9781-ce3444d037e7-IMG_1319.jpeg|https://ujfuxpqefdvwyjjwcpdu.supabase.co/storage/v1/object/public/car-images/ae65f895-1cd9-44bc-978f-0c70fefdf43e-IMG_1320.jpeg|https://ujfuxpqefdvwyjjwcpdu.supabase.co/storage/v1/object/public/car-images/685a01a2-cec5-4426-a616-a3b14b108373-IMG_1321.jpeg|https://ujfuxpqefdvwyjjwcpdu.supabase.co/storage/v1/object/public/car-images/2e6adcb4-85ed-47cc-ab8c-529e900ee69b-IMG_1322.jpeg|https://ujfuxpqefdvwyjjwcpdu.supabase.co/storage/v1/object/public/car-images/9bcbceb9-8b89-46a8-aaec-08208bdead0a-IMG_1323.jpeg|https://ujfuxpqefdvwyjjwcpdu.supabase.co/storage/v1/object/public/car-images/f08ceead-390b-41e6-b8dd-0b576613dafe-IMG_1324.jpeg|https://ujfuxpqefdvwyjjwcpdu.supabase.co/storage/v1/object/public/car-images/de1932e1-961c-43fd-818f-6156f1f02b43-IMG_1325.jpeg|https://ujfuxpqefdvwyjjwcpdu.supabase.co/storage/v1/object/public/car-images/462e15f7-b817-4253-ac7e-3656c9846226-IMG_1326.jpeg|https://ujfuxpqefdvwyjjwcpdu.supabase.co/storage/v1/object/public/car-images/5a436b40-1645-44f9-9248-f5d41e78e6d1-IMG_1327.jpeg|https://ujfuxpqefdvwyjjwcpdu.supabase.co/storage/v1/object/public/car-images/268eeaa7-3ed0-448d-9e3e-c5ea081729db-IMG_1328.jpeg|https://ujfuxpqefdvwyjjwcpdu.supabase.co/storage/v1/object/public/car-images/0d2cb05a-ecfb-49ee-97d9-33f31baf4751-IMG_1329.jpeg|https://ujfuxpqefdvwyjjwcpdu.supabase.co/storage/v1/object/public/car-images/9c236db8-5d5c-45d0-a0bd-bde7de6dc7ac-IMG_1330.jpeg|https://ujfuxpqefdvwyjjwcpdu.supabase.co/storage/v1/object/public/car-images/e586fa53-1244-466e-b05e-c0e5e299c293-IMG_1331.jpeg|https://ujfuxpqefdvwyjjwcpdu.supabase.co/storage/v1/object/public/car-images/66a9438a-c346-4368-a78b-b7689f608939-IMG_1332.jpeg|https://ujfuxpqefdvwyjjwcpdu.supabase.co/storage/v1/object/public/car-images/fd70a526-c2e8-4bf1-a264-cac725c29469-IMG_1333.jpeg|https://ujfuxpqefdvwyjjwcpdu.supabase.co/storage/v1/object/public/car-images/8098015e-3b09-420f-ae4a-7a57efe7ca5d-IMG_1334.jpeg,90-Day Warranty,false,false
2024,Honda,Civic Sport Hatchback,,Hatchback,6000,700,4000,Excellent,Gasoline,Automatic,,Blue,Black,19XFL2H88RE034327,"2024 Honda Civic Sport Hatchback • Like New • Ultra Low Miles • Rebuilt Title

This 2024 Honda Civic Sport Hatchback is practically brand new with only 4,000 miles. It delivers modern styling, sporty performance, and excellent fuel efficiency, making it one of the most reliable and in demand vehicles in its class. Finished in a sharp blue exterior with black interior, this Civic is a one owner vehicle, fully paid off, and runs and drives perfectly. It comes with a rebuilt title, fully repaired and inspected, giving you the opportunity to own a like-new car at a much lower price.

This 2024 Civic Sport Hatchback is in like-new condition with extremely low mileage. Everything works perfectly engine, transmission, A/C, electronics, and safety features. The hatchback design gives you extra cargo space while still maintaining a sporty, modern look. Even with a rebuilt title, the car has already been professionally repaired and inspected, making it safe, reliable and ready for everyday use. It’s an excellent opportunity to get a newer model Civic at a much lower price than market value. If you’re looking for a clean, low-mileage, fuel-efficient and dependable car, this is the perfect option.",Rebuilt title|4|000 miles|Automatic transmission|Sport trim package|Sport alloy wheels|LED headlights|LED daytime running lights|Rear spoiler|Push-button start|Keyless entry|Backup camera|Touchscreen display|Apple CarPlay|Android Auto|Bluetooth connectivity|USB ports|Multi-function steering wheel|Adaptive cruise control|Lane keeping assist|Collision mitigation braking system|Road departure mitigation|Blind spot monitoring|Power windows|Power door locks|Spacious hatchback cargo area|Excellent fuel economy|Very clean inside and out|Like-new condition|Smooth and quiet ride|1 owner|Fully paid off.,https://ujfuxpqefdvwyjjwcpdu.supabase.co/storage/v1/object/public/car-images/fff73749-160b-4ea5-a053-a75705e27ade-IMG_1337.jpeg|https://ujfuxpqefdvwyjjwcpdu.supabase.co/storage/v1/object/public/car-images/54bd425b-4b08-4925-8d41-e3207119f4db-IMG_1336.jpeg|https://ujfuxpqefdvwyjjwcpdu.supabase.co/storage/v1/object/public/car-images/f504740a-2a25-4874-b5d9-90d7e9a23bde-IMG_1338.jpeg|https://ujfuxpqefdvwyjjwcpdu.supabase.co/storage/v1/object/public/car-images/2a406626-85aa-46b0-802d-eb4cf4245c01-IMG_1339.jpeg|https://ujfuxpqefdvwyjjwcpdu.supabase.co/storage/v1/object/public/car-images/cd91fcbb-bb5f-42c6-b255-16522017cd1a-IMG_1340.jpeg|https://ujfuxpqefdvwyjjwcpdu.supabase.co/storage/v1/object/public/car-images/92d817e4-294c-4c3c-93e3-5bd4c884e561-IMG_1341.jpeg|https://ujfuxpqefdvwyjjwcpdu.supabase.co/storage/v1/object/public/car-images/60f3e6b6-a9b4-47c7-a34e-3ba6e73867b8-IMG_1342.jpeg|https://ujfuxpqefdvwyjjwcpdu.supabase.co/storage/v1/object/public/car-images/42c3b9d5-d16f-4ad9-8b68-90ab3f990593-IMG_1343.jpeg|https://ujfuxpqefdvwyjjwcpdu.supabase.co/storage/v1/object/public/car-images/f3eb066f-6a75-4ae0-9c50-f17fc646e079-IMG_1344.jpeg|https://ujfuxpqefdvwyjjwcpdu.supabase.co/storage/v1/object/public/car-images/a903513c-1303-4c07-bfda-5565fbd9ffa2-IMG_1345.jpeg|https://ujfuxpqefdvwyjjwcpdu.supabase.co/storage/v1/object/public/car-images/aa0f16c5-97ed-4360-8520-a41acf9c4379-IMG_1346.jpeg|https://ujfuxpqefdvwyjjwcpdu.supabase.co/storage/v1/object/public/car-images/0e0a774c-a83d-449f-b5fb-c28013950960-IMG_1347.jpeg|https://ujfuxpqefdvwyjjwcpdu.supabase.co/storage/v1/object/public/car-images/2e068238-8998-45f0-b231-4a47d21171b4-IMG_1348.jpeg|https://ujfuxpqefdvwyjjwcpdu.supabase.co/storage/v1/object/public/car-images/63c48bad-8d9f-46ad-a5ce-1ddac243fdd3-IMG_1349.jpeg|https://ujfuxpqefdvwyjjwcpdu.supabase.co/storage/v1/object/public/car-images/0c416797-638c-4eea-b323-c59d972cf7d4-IMG_1350.jpeg|https://ujfuxpqefdvwyjjwcpdu.supabase.co/storage/v1/object/public/car-images/eb1414ae-a21d-419c-adee-764126e235ee-IMG_1352.jpeg|https://ujfuxpqefdvwyjjwcpdu.supabase.co/storage/v1/object/public/car-images/c1edcd97-f7c7-42e9-8e0f-9f1b33e33c53-IMG_1351.jpeg,90-Day Warranty,false,false
2024,Acura,Integra A-Spec,,,8000,700,33000,Excellent,Gasoline,Automatic,,Black,Red,19UDE4H37RA020330,"2024 Acura Integra A-Spec • Sport Luxury • Rebuilt Title • Financing Available

This 2024 Acura Integra A-Spec delivers the perfect combination of luxury, sport performance and modern technology. Powered by a 1.5L turbocharged engine, this hatchback sedan offers smooth acceleration, excellent fuel efficiency, and a premium driving experience. With 33,000 miles, this vehicle is in excellent condition inside and out and runs perfectly. Finished in a sleek black exterior with a bold red interior, it stands out with a sporty, high-end look. It comes with a rebuilt title, has been properly repaired and inspected and is ready for immediate use.

💰 Full Price: $8,000
💳 Down Payment: $700
💳 Financing: Available
🔐 VIN: 19UDE4H37RA020330
📍 Mileage: 33,000 miles
⚙️ Transmission: Automatic
🎨 Exterior / Interior: Black / Red
⛽ Fuel Type: Gasoline
🚘 Trim: 1.5T w/ A-Spec Package – Hatchback Sedan 4D
📄 Title: Rebuilt
📑 Paid Off: Yes

This 2024 Acura Integra A-Spec is a luxury sport sedan that offers a premium feel without the premium price. The turbo engine gives it quick acceleration while the A-Spec package adds aggressive styling and upgraded interior features. Even with a rebuilt title the vehicle has already been professionally repaired and inspected, making it safe, reliable and ready to drive. With its low mileage, modern tech and sporty design, this is one of the best value luxury vehicles available. If you’re looking for a newer model Acura with performance, style and affordability, this is the perfect choice.",Title: Rebuilt|Fully Paid Off|Financing Available|Front-Wheel Drive (FWD)|1.5L Turbocharged 4-Cylinder Engine|Automatic transmission|A-Spec sport package|Sport body styling|Sport alloy wheels|LED headlights and LED daytime running lights|Rear spoiler|Heated power side mirrors|Premium sport seats with leather and suede|Heated front seats|Power-adjustable driver seat|Push-button start|Smart key entry|Dual-zone automatic climate control|Multi-function steering wheel with paddle shifters|Adaptive cruise control|Digital gauge cluster|Touchscreen infotainment display|Apple CarPlay® and Android Auto™|Bluetooth® hands-free calling and audio streaming|USB charging ports|Premium audio system|Blind spot monitoring|Lane keeping assist|Collision mitigation braking system|Road departure mitigation|Rearview backup camera|ABS|traction control and stability control|Multiple airbags.,https://ujfuxpqefdvwyjjwcpdu.supabase.co/storage/v1/object/public/car-images/7335ac6b-9f63-41de-927b-18e108738ce4-IMG_1454.jpeg|https://ujfuxpqefdvwyjjwcpdu.supabase.co/storage/v1/object/public/car-images/5c0ed2d4-b93e-478a-b3b5-7de24d6f7d94-IMG_1452.jpeg|https://ujfuxpqefdvwyjjwcpdu.supabase.co/storage/v1/object/public/car-images/46d1c57e-47fd-4982-b484-23d890d1442e-IMG_1453.jpeg|https://ujfuxpqefdvwyjjwcpdu.supabase.co/storage/v1/object/public/car-images/a0e33a6c-7900-4639-aafa-0c4f730b61e6-IMG_1457.jpeg|https://ujfuxpqefdvwyjjwcpdu.supabase.co/storage/v1/object/public/car-images/1a98dadd-cf10-45f2-a280-68d68adfaf22-IMG_1458.jpeg|https://ujfuxpqefdvwyjjwcpdu.supabase.co/storage/v1/object/public/car-images/640099d0-d115-47eb-a55b-bd90255ea1d2-IMG_1461.jpeg|https://ujfuxpqefdvwyjjwcpdu.supabase.co/storage/v1/object/public/car-images/32f9d6fc-e81d-4aff-a238-481ae8444dbb-IMG_1460.jpeg|https://ujfuxpqefdvwyjjwcpdu.supabase.co/storage/v1/object/public/car-images/685b64b9-0753-4900-9865-ca1574a2e2bf-IMG_1463.jpeg|https://ujfuxpqefdvwyjjwcpdu.supabase.co/storage/v1/object/public/car-images/d453e3c6-b72f-4c85-8e6b-145f14ebd40a-IMG_1464.jpeg|https://ujfuxpqefdvwyjjwcpdu.supabase.co/storage/v1/object/public/car-images/0aa80d56-52a4-4f9c-bff3-d33994cf2f23-IMG_1465.jpeg|https://ujfuxpqefdvwyjjwcpdu.supabase.co/storage/v1/object/public/car-images/d3ba3a8b-0e9c-4413-bc29-c8f409d7c63a-IMG_1469.jpeg|https://ujfuxpqefdvwyjjwcpdu.supabase.co/storage/v1/object/public/car-images/f8d4a29a-c051-4cbf-a602-f030cd7f3762-IMG_1471.jpeg|https://ujfuxpqefdvwyjjwcpdu.supabase.co/storage/v1/object/public/car-images/1cd02192-d80f-434c-977e-6f24be17c02d-IMG_1467.jpeg|https://ujfuxpqefdvwyjjwcpdu.supabase.co/storage/v1/object/public/car-images/2bb5fa65-2903-4ce5-a0bb-5d3967bb1e0e-IMG_1466.jpeg|https://ujfuxpqefdvwyjjwcpdu.supabase.co/storage/v1/object/public/car-images/63284580-32a4-409e-8685-a4d362d6f011-IMG_1468.jpeg|https://ujfuxpqefdvwyjjwcpdu.supabase.co/storage/v1/object/public/car-images/cdee7fbd-e321-4f25-90a0-0b99e45998d4-IMG_1462.jpeg|https://ujfuxpqefdvwyjjwcpdu.supabase.co/storage/v1/object/public/car-images/aa3bf12e-a475-404d-8e09-582c4d005d11-IMG_1459.jpeg|https://ujfuxpqefdvwyjjwcpdu.supabase.co/storage/v1/object/public/car-images/6ee2e823-3140-4b8d-bbd9-be8b48421be8-IMG_1455.jpeg|https://ujfuxpqefdvwyjjwcpdu.supabase.co/storage/v1/object/public/car-images/53d4f63a-089b-4c13-a573-16c64c0c4917-IMG_1456.jpeg,90-Day Warranty,false,false
2025,Honda,Accord SE Sport Special Edition,,,8000,700,11000,Excellent,Gasoline,Automatic,,Black,Black,1HGCY1F47SA055369,"2025 Honda Accord SE Sport Special Edition • Like New • Low Miles • 1 Owner

This 2025 Honda Accord SE Sport Special Edition combines luxury, sporty styling, comfort, and reliability in one sleek package. With only 11,000 miles, this vehicle is practically brand new and delivers a smooth, quiet, and fuel-efficient driving experience.

Finished in an elegant black exterior with black interior, this Accord is a one-owner vehicle, fully paid off, and in excellent condition inside and out. The Sport Special Edition package adds upgraded styling, premium features, and a more refined driving experience.

This 2025 Honda Accord SE Sport Special Edition is an excellent choice for anyone looking for a modern, stylish, and dependable sedan. The turbocharged engine provides smooth power and excellent fuel economy, while the upgraded Sport SE trim adds comfort and premium features. With only 11k miles, this vehicle is in like-new condition and has been well maintained. Everything works perfectly, including the engine, transmission, electronics and safety systems. If you’re looking for a new-body Accord with sporty styling and premium features at a great price, this is one of the best deals available.",Fully Paid Off|One Owner|Front-Wheel Drive (FWD)|1.5L Turbocharged 4-Cylinder Engine|Automatic transmission|Sport Special Edition package|Sport alloy wheels|LED headlights and LED daytime running lights|Rear spoiler|Push-button start|Smart key entry|Power driver seat|Heated front seats|Dual-zone automatic climate control|Touchscreen infotainment display|Apple CarPlay® and Android Auto™|Bluetooth® hands-free calling and audio streaming|USB charging ports|Multi-function steering wheel|Adaptive cruise control|Lane keeping assist|Collision mitigation braking system|Road departure mitigation|Blind spot monitoring|Rearview backup camera|Power windows|Power door locks|Spacious and comfortable interior|Excellent fuel economy|Very clean inside and out|Like-new condition.,https://ujfuxpqefdvwyjjwcpdu.supabase.co/storage/v1/object/public/car-images/c2fedf12-51d4-49c9-a157-d6ee16fff9b7-IMG_1700.jpeg|https://ujfuxpqefdvwyjjwcpdu.supabase.co/storage/v1/object/public/car-images/00f722a0-0470-43fe-a1af-f9168a0e4a06-IMG_1699.jpeg|https://ujfuxpqefdvwyjjwcpdu.supabase.co/storage/v1/object/public/car-images/5edbe10b-933b-4d46-96b0-0e20ebed8d03-IMG_1701.jpeg|https://ujfuxpqefdvwyjjwcpdu.supabase.co/storage/v1/object/public/car-images/9a2710fe-a324-4cfe-811f-aa9fc0182021-IMG_1702.jpeg|https://ujfuxpqefdvwyjjwcpdu.supabase.co/storage/v1/object/public/car-images/6026fa58-4078-484a-a86d-c20bfe1ceffc-IMG_1703.jpeg|https://ujfuxpqefdvwyjjwcpdu.supabase.co/storage/v1/object/public/car-images/46fb05fd-17ca-4626-bdc9-d73938a2ba73-IMG_1704.jpeg|https://ujfuxpqefdvwyjjwcpdu.supabase.co/storage/v1/object/public/car-images/a8e2ceb2-dd95-4393-a417-40e7eb71eb3d-IMG_1705.jpeg|https://ujfuxpqefdvwyjjwcpdu.supabase.co/storage/v1/object/public/car-images/d7adc7cb-1236-4e9d-9f62-3816bf6b5b88-IMG_1706.jpeg|https://ujfuxpqefdvwyjjwcpdu.supabase.co/storage/v1/object/public/car-images/0a5676f6-595c-46df-84f6-b591090b86bf-IMG_1707.jpeg|https://ujfuxpqefdvwyjjwcpdu.supabase.co/storage/v1/object/public/car-images/c82a7c99-e642-49cc-bd24-2676cde2999d-IMG_1708.jpeg|https://ujfuxpqefdvwyjjwcpdu.supabase.co/storage/v1/object/public/car-images/fcdaa1b7-99c3-49df-b8da-040fcc5c41b7-IMG_1709.jpeg|https://ujfuxpqefdvwyjjwcpdu.supabase.co/storage/v1/object/public/car-images/78ade7a2-29db-4957-b3d4-79aa3c1b80b4-IMG_1710.jpeg|https://ujfuxpqefdvwyjjwcpdu.supabase.co/storage/v1/object/public/car-images/547c6757-c90f-4c07-9c59-637bdd895a54-IMG_1711.jpeg|https://ujfuxpqefdvwyjjwcpdu.supabase.co/storage/v1/object/public/car-images/a4971077-9ee6-4260-a54d-a87694ec020d-IMG_1712.jpeg|https://ujfuxpqefdvwyjjwcpdu.supabase.co/storage/v1/object/public/car-images/fe2d74bf-8f89-48d8-a9a4-012e8679f8ac-IMG_1713.jpeg|https://ujfuxpqefdvwyjjwcpdu.supabase.co/storage/v1/object/public/car-images/9e918c65-9728-4f6e-bb5d-c72a05433850-IMG_1714.jpeg|https://ujfuxpqefdvwyjjwcpdu.supabase.co/storage/v1/object/public/car-images/10f2e4f1-4c61-4604-8e96-c0fa055d215a-IMG_1716.jpeg|https://ujfuxpqefdvwyjjwcpdu.supabase.co/storage/v1/object/public/car-images/59207016-2d5c-475c-90c8-4ad10608b9ce-IMG_1717.jpeg|https://ujfuxpqefdvwyjjwcpdu.supabase.co/storage/v1/object/public/car-images/aae9c605-fb1f-4014-b422-b405df37c02c-IMG_1718.jpeg|https://ujfuxpqefdvwyjjwcpdu.supabase.co/storage/v1/object/public/car-images/cef577a1-1b97-47ad-b12f-9c636a5e4601-IMG_1696.jpeg,90-Day Warranty,false,false
2022,Honda,Accord Sport,,,6000,700,38000,Excellent,Gasoline,Automatic,,Blue,Black,1HGCV1F36NA057330,"2022 Honda Accord Sport • Low Miles • One Owner • Sport Sedan

This 2022 Honda Accord Sport delivers the perfect mix of sporty styling, reliability, comfort, and fuel efficiency. With only 38,000 miles, this sedan is in excellent condition and drives smooth with no issues.

Finished in a sharp blue exterior with black interior, this Accord is a one-owner vehicle, fully paid off, and ready for immediate delivery. The Sport trim gives the vehicle a more aggressive appearance along with upgraded features and a more responsive driving feel.

This 2022 Honda Accord Sport is an excellent daily driver that offers a sporty appearance while maintaining Honda’s legendary reliability and fuel economy. The engine and transmission perform perfectly and the vehicle has been well maintained. With only 38k miles, this Accord still feels very new and has plenty of life ahead. The blue exterior paired with the black interior gives it a clean, modern look that stands out on the road.

If you’re looking for a low-mileage Accord Sport at a great price, this is one of the best options available. 🚨 Low-mile Accord Sport models sell fast. Serious buyers only.
👉 Contact now",Fully Paid Off|One Owner|Front-Wheel Drive (FWD)|1.5L Turbocharged 4-Cylinder Engine|Automatic transmission|Sport trim package|Sport alloy wheels|Sport-tuned suspension|LED headlights and LED daytime running lights|Rear spoiler|Push-button start|Smart key entry|Power driver seat|Dual-zone automatic climate control|Touchscreen infotainment display|Apple CarPlay® and Android Auto™|Bluetooth® hands-free calling and audio streaming|USB charging ports|Multi-function steering wheel|Adaptive cruise control|Lane keeping assist|Collision mitigation braking system|Road departure mitigation|Blind spot monitoring|Rearview backup camera|Power windows|Power door locks|Spacious and comfortable interior|Excellent fuel economy|Very clean inside and out|Smooth and reliable ride.,https://ujfuxpqefdvwyjjwcpdu.supabase.co/storage/v1/object/public/car-images/46b87d9a-2787-4883-b5e6-8b642e1c6bec-IMG_1758.jpeg|https://ujfuxpqefdvwyjjwcpdu.supabase.co/storage/v1/object/public/car-images/a03ccbe8-1884-4192-8fad-8f5c20d1781d-IMG_1759.jpeg|https://ujfuxpqefdvwyjjwcpdu.supabase.co/storage/v1/object/public/car-images/7031f911-ed3d-4a6a-8829-9955d0add844-IMG_1757.jpeg|https://ujfuxpqefdvwyjjwcpdu.supabase.co/storage/v1/object/public/car-images/39be9d61-4608-42a4-a0f9-d1067d38d672-IMG_1760.jpeg|https://ujfuxpqefdvwyjjwcpdu.supabase.co/storage/v1/object/public/car-images/44de3ff7-0788-4ec7-ac72-2c61880204b2-IMG_1761.jpeg|https://ujfuxpqefdvwyjjwcpdu.supabase.co/storage/v1/object/public/car-images/e2a5c809-562d-4a59-90d8-1ef05f9e380d-IMG_1762.jpeg|https://ujfuxpqefdvwyjjwcpdu.supabase.co/storage/v1/object/public/car-images/ecc3cd2c-89e3-464d-8040-871b616d0df4-IMG_1763.jpeg|https://ujfuxpqefdvwyjjwcpdu.supabase.co/storage/v1/object/public/car-images/17578f18-b2e8-4db0-a01f-a3d4d4ba60b2-IMG_1764.jpeg|https://ujfuxpqefdvwyjjwcpdu.supabase.co/storage/v1/object/public/car-images/26aef8b9-0540-4197-86d4-13b1abd0b1fa-IMG_1765.jpeg|https://ujfuxpqefdvwyjjwcpdu.supabase.co/storage/v1/object/public/car-images/918281c7-8792-49f0-a286-b48f67a571d4-IMG_1766.jpeg|https://ujfuxpqefdvwyjjwcpdu.supabase.co/storage/v1/object/public/car-images/bc61ea84-fe7b-4789-ad15-22b4d1cecfa2-IMG_1767.jpeg|https://ujfuxpqefdvwyjjwcpdu.supabase.co/storage/v1/object/public/car-images/4843eb6c-29e3-42b8-9782-6cf45d3585aa-IMG_1768.jpeg|https://ujfuxpqefdvwyjjwcpdu.supabase.co/storage/v1/object/public/car-images/e19a80c0-4b06-4996-bfe9-ec5b7b4db83d-IMG_1769.jpeg|https://ujfuxpqefdvwyjjwcpdu.supabase.co/storage/v1/object/public/car-images/e72944ad-561b-47f4-a220-c204ccca689b-IMG_1770.jpeg|https://ujfuxpqefdvwyjjwcpdu.supabase.co/storage/v1/object/public/car-images/efc88fb0-a1e4-482c-b142-ed9e54db1cb2-IMG_1771.jpeg|https://ujfuxpqefdvwyjjwcpdu.supabase.co/storage/v1/object/public/car-images/d2745271-b352-4df4-bbdd-3b0b78e49159-IMG_1772.jpeg|https://ujfuxpqefdvwyjjwcpdu.supabase.co/storage/v1/object/public/car-images/3ce09480-6d23-4c8b-995c-043e68e5f731-IMG_1773.jpeg|https://ujfuxpqefdvwyjjwcpdu.supabase.co/storage/v1/object/public/car-images/9f89738d-c237-40db-a05e-169cae2d28fb-IMG_1774.jpeg,90-Day Warranty,false,false
2026,Honda,Civic Sport,,,10000,800,6000,Excellent,Gasoline,Automatic,,Grey,Black,2HGFE2F54TH513490,"2026 Honda Civic Sport • Like New • Ultra Low Miles • One Owner

This 2026 Honda Civic Sport is practically brand new with only 6,000 miles. It offers modern styling, advanced safety technology, excellent fuel efficiency, and Honda’s legendary reliability, making it one of the best daily drivers on the market. Finished in a sleek grey exterior with black interior, this Civic is a one owner vehicle, fully paid off and in excellent condition inside and out. The Sport trim adds aggressive styling, upgraded wheels and a more responsive driving experience.

This 2026 Honda Civic Sport is an excellent choice for anyone looking for a modern, reliable, and fuel-efficient sedan with extremely low mileage. The vehicle runs and drives perfectly, with a smooth transmission and responsive handling. With only 6k miles, this Civic still feels brand new and offers years of dependable driving ahead. The Sport trim gives it a clean, aggressive look while maintaining comfort and practicality for everyday use.

If you’re looking for a new-body Civic Sport at a great price, this is one of the best deals available.
🚨 Ultra low-mile 2026 Civic Sports sell fast. Serious buyers only.",Fully Paid Off|One Owner|Front-Wheel Drive (FWD)|2.0L 4-Cylinder Engine|Automatic transmission|Sport trim package|Sport alloy wheels|Sport-tuned suspension|LED headlights and LED daytime running lights|Rear spoiler|Push-button start|Smart key entry|Touchscreen infotainment display|Apple CarPlay® and Android Auto™|Bluetooth® hands-free calling and audio streaming|USB charging ports|Multi-function steering wheel|Adaptive cruise control|Lane keeping assist|Collision mitigation braking system|Road departure mitigation|Blind spot monitoring|Rearview backup camera|Power windows|Power door locks|Spacious and comfortable interior|Excellent fuel economy|Very clean inside and out|Like-new condition.,https://ujfuxpqefdvwyjjwcpdu.supabase.co/storage/v1/object/public/car-images/9d91eeae-7817-4f6a-9a30-427dcfe0265b-IMG_1777.jpeg|https://ujfuxpqefdvwyjjwcpdu.supabase.co/storage/v1/object/public/car-images/16e06e25-2340-4fc9-a40f-0986823658b8-IMG_1778.jpeg|https://ujfuxpqefdvwyjjwcpdu.supabase.co/storage/v1/object/public/car-images/af19361f-2a41-467d-814e-504c76d9a5fa-IMG_1776.jpeg|https://ujfuxpqefdvwyjjwcpdu.supabase.co/storage/v1/object/public/car-images/bbb57c43-e98c-464e-8a70-60730ebe8170-IMG_1779.jpeg|https://ujfuxpqefdvwyjjwcpdu.supabase.co/storage/v1/object/public/car-images/64de1ccb-c988-4eb0-9fa7-af836d474de3-IMG_1780.jpeg|https://ujfuxpqefdvwyjjwcpdu.supabase.co/storage/v1/object/public/car-images/27c7a308-148d-4a69-a6e3-b740e049d090-IMG_1781.jpeg|https://ujfuxpqefdvwyjjwcpdu.supabase.co/storage/v1/object/public/car-images/fe26cb62-dc30-493b-90ff-ea5db82809b5-IMG_1782.jpeg|https://ujfuxpqefdvwyjjwcpdu.supabase.co/storage/v1/object/public/car-images/2b7b4a11-a98d-4f2f-855c-b024accf09ef-IMG_1783.jpeg|https://ujfuxpqefdvwyjjwcpdu.supabase.co/storage/v1/object/public/car-images/6130fb2b-fea2-4836-8877-162e6e2b54ac-IMG_1784.jpeg|https://ujfuxpqefdvwyjjwcpdu.supabase.co/storage/v1/object/public/car-images/c7358fc1-ad3a-4ae3-ac24-972fa95451e3-IMG_1785.jpeg|https://ujfuxpqefdvwyjjwcpdu.supabase.co/storage/v1/object/public/car-images/62d8b5fd-5a75-420d-8118-f6e10e0c7152-IMG_1786.jpeg|https://ujfuxpqefdvwyjjwcpdu.supabase.co/storage/v1/object/public/car-images/f4b791e5-cf37-48f0-9492-638bec755a03-IMG_1787.jpeg|https://ujfuxpqefdvwyjjwcpdu.supabase.co/storage/v1/object/public/car-images/4df39586-3c45-4b95-8216-6257b645ba9f-IMG_1788.jpeg|https://ujfuxpqefdvwyjjwcpdu.supabase.co/storage/v1/object/public/car-images/8dc0369b-be37-45fd-8956-4d89c46a2717-IMG_1789.jpeg|https://ujfuxpqefdvwyjjwcpdu.supabase.co/storage/v1/object/public/car-images/837a64f7-d3d4-4973-aa81-a9ad78f3e104-IMG_1790.jpeg|https://ujfuxpqefdvwyjjwcpdu.supabase.co/storage/v1/object/public/car-images/0f8a4788-419a-403d-a5ac-cd0022ae3485-IMG_1791.jpeg|https://ujfuxpqefdvwyjjwcpdu.supabase.co/storage/v1/object/public/car-images/d4022a17-9ee8-42ec-98e3-a024b894500e-IMG_1793.jpeg|https://ujfuxpqefdvwyjjwcpdu.supabase.co/storage/v1/object/public/car-images/e1c1192d-dbcc-4add-b360-f48d6090a591-IMG_1792.jpeg|https://ujfuxpqefdvwyjjwcpdu.supabase.co/storage/v1/object/public/car-images/369ce70c-b585-47b1-b027-531a2baf0f8e-IMG_1794.jpeg,90-Day Warranty,false,false
2024,Honda,Civic Sport,,,7000,600,20000,Excellent,Gasoline,Automatic,,Blue,Black,2HGFE2F58RH573605,"2024 Honda Civic Sport • Low Miles • One Owner • Sport Sedan

This 2024 Honda Civic Sport offers the perfect balance of sporty styling, modern technology, fuel efficiency, and Honda reliability. With only 20,000 miles this sedan is in excellent condition and drives smooth like new. Finished in a beautiful blue exterior with black interior, this Civic is a one owner vehicle, fully paid off and ready for immediate delivery. The Sport trim adds upgraded styling, alloy wheels, and enhanced driving performance while maintaining comfort and practicality.

This 2024 Honda Civic Sport is an excellent daily driver with a modern sporty design and dependable Honda engineering. The engine and transmission work perfectly, and the vehicle has been well maintained from top to bottom. With only 20k miles, this Civic still feels very new and offers years of reliable driving ahead. The blue exterior gives it a standout look, while the black interior keeps it clean and sporty. If you’re looking for a low mileage, fuel efficient and stylish Civic Sport, this is one of the best deals available.

🚨 Low-mile Civic Sport models sell quickly. Serious buyers only.
👉 Contact now",Fully Paid Off|One Owner|Front-Wheel Drive (FWD)|2.0L 4-Cylinder Engine|Automatic transmission|Sport trim package|Sport alloy wheels|Sport-tuned suspension|LED headlights and LED daytime running lights|Rear spoiler|Push-button start|Smart key entry|Touchscreen infotainment display|Apple CarPlay® and Android Auto™|Bluetooth® hands-free calling and audio streaming|USB charging ports|Multi-function steering wheel|Adaptive cruise control|Lane keeping assist|Collision mitigation braking system|Road departure mitigation|Blind spot monitoring|Rearview backup camera|Power windows|Power door locks|Spacious and comfortable interior|Excellent fuel economy|Very clean inside and out|Smooth and reliable ride.J Mj,https://ujfuxpqefdvwyjjwcpdu.supabase.co/storage/v1/object/public/car-images/89bdcfdc-faa9-4dd1-9327-120da7301d06-IMG_1797.jpeg|https://ujfuxpqefdvwyjjwcpdu.supabase.co/storage/v1/object/public/car-images/b2d6fc4c-ad6d-4e2c-a760-8a1d25dbe8b7-IMG_1798.jpeg|https://ujfuxpqefdvwyjjwcpdu.supabase.co/storage/v1/object/public/car-images/75a42b12-0961-470b-8966-358c1c9789ba-IMG_1799.jpeg|https://ujfuxpqefdvwyjjwcpdu.supabase.co/storage/v1/object/public/car-images/1becfb8f-9bd3-4890-b62d-be52eee0197f-IMG_1796.jpeg|https://ujfuxpqefdvwyjjwcpdu.supabase.co/storage/v1/object/public/car-images/a0b5c7ba-e710-40c8-bc12-f6a522c15a1e-IMG_1800.jpeg|https://ujfuxpqefdvwyjjwcpdu.supabase.co/storage/v1/object/public/car-images/de6c9f33-b5d0-40c1-aa09-918c655c7e02-IMG_1801.jpeg|https://ujfuxpqefdvwyjjwcpdu.supabase.co/storage/v1/object/public/car-images/f27abbf8-6cd0-4eb0-99bf-446b55f47fcc-IMG_1802.jpeg|https://ujfuxpqefdvwyjjwcpdu.supabase.co/storage/v1/object/public/car-images/56a5e51d-6466-4acb-882b-7a049f405012-IMG_1803.jpeg|https://ujfuxpqefdvwyjjwcpdu.supabase.co/storage/v1/object/public/car-images/76665298-7c3c-4222-b754-11cff7037f85-IMG_1804.jpeg|https://ujfuxpqefdvwyjjwcpdu.supabase.co/storage/v1/object/public/car-images/5f8245d9-c05d-4095-a6f6-c693c349b140-IMG_1805.jpeg|https://ujfuxpqefdvwyjjwcpdu.supabase.co/storage/v1/object/public/car-images/fa45ed78-06b9-4609-a9ec-2089c9457d83-IMG_1806.jpeg|https://ujfuxpqefdvwyjjwcpdu.supabase.co/storage/v1/object/public/car-images/bd4c7da6-1fcf-47de-b322-9481e39c5165-IMG_1807.jpeg|https://ujfuxpqefdvwyjjwcpdu.supabase.co/storage/v1/object/public/car-images/7d50f6ba-18b5-487e-8469-34dbf9ae5628-IMG_1808.jpeg|https://ujfuxpqefdvwyjjwcpdu.supabase.co/storage/v1/object/public/car-images/21cc23fd-9e38-4b8a-850d-f542b5bb4933-IMG_1809.jpeg|https://ujfuxpqefdvwyjjwcpdu.supabase.co/storage/v1/object/public/car-images/4a040c7c-8333-4dee-8f0c-a250baa81895-IMG_1810.jpeg|https://ujfuxpqefdvwyjjwcpdu.supabase.co/storage/v1/object/public/car-images/d81a2b87-e0b4-4f19-9f80-9f8923e193ed-IMG_1811.jpeg|https://ujfuxpqefdvwyjjwcpdu.supabase.co/storage/v1/object/public/car-images/4296ed9b-9449-4109-ba0f-bd452edd3bf7-IMG_1812.jpeg|https://ujfuxpqefdvwyjjwcpdu.supabase.co/storage/v1/object/public/car-images/1c4039d0-ab33-44da-ad4e-29a566246c7d-IMG_1813.jpeg|https://ujfuxpqefdvwyjjwcpdu.supabase.co/storage/v1/object/public/car-images/0dfdb3f7-81a3-48e0-a320-6148fb09ae0f-IMG_1814.jpeg,90-Day Warranty,false,false
2016,Honda,Accord EX Sedan,,Sedan,5000,700,98000,Excellent,Gasoline,Automatic,,Blue,Beige,1HGCR2F78GA136286,"2016 Honda Accord EX Sedan • Reliable • Fuel Efficient • One Owner

This 2016 Honda Accord EX Sedan is known for its legendary reliability, smooth ride, comfort, and excellent fuel economy. With 98,000 miles, this vehicle has been well maintained and still runs and drives excellent. Finished in a beautiful blue exterior with beige interior, this Accord is a one-owner vehicle, fully paid off, and ready for immediate delivery. The EX trim adds upgraded comfort and technology features, making it a perfect daily driver or long distance commuter vehicle.

This 2016 Honda Accord EX is an excellent option for anyone looking for a dependable, fuel efficient, and comfortable sedan. The engine and transmission work perfectly and the vehicle delivers a smooth and quiet driving experience.

Honda Accords are known for lasting well over 200k miles with proper maintenance, making this a smart long term investment. The beige interior paired with the blue exterior gives the car a clean and classy appearance. If you want a reliable Accord with great fuel economy and proven durability, this is a great deal. Well maintained one owner Accords sell quickly. Serious buyers only.
👉 Contact now",Fully Paid Off|One Owner|5/5 NHTSA Safety Rating|Front-Wheel Drive (FWD)|2.4L 4-Cylinder Engine|Automatic transmission|EX trim package|Alloy wheels|LED daytime running lights|Power sunroof|Push-button start|Smart key entry|Backup camera|LaneWatch blind spot camera|Touchscreen infotainment display|Bluetooth® hands-free calling and audio streaming|USB connectivity|Multi-function steering wheel|Dual-zone automatic climate control|Power driver seat|Cruise control|Power windows|Power door locks|Spacious interior|Fold-down rear seats|Excellent fuel economy|Smooth and reliable ride|Very clean inside and out.,https://ujfuxpqefdvwyjjwcpdu.supabase.co/storage/v1/object/public/car-images/4f783f82-48ed-41d4-9518-6cae3b8096db-IMG_1836.jpeg|https://ujfuxpqefdvwyjjwcpdu.supabase.co/storage/v1/object/public/car-images/9edc57c2-1287-490a-a957-7d99a0a93601-IMG_1835.jpeg|https://ujfuxpqefdvwyjjwcpdu.supabase.co/storage/v1/object/public/car-images/271a4afc-a9ef-47e5-95f1-da2824c897b9-IMG_1837.jpeg|https://ujfuxpqefdvwyjjwcpdu.supabase.co/storage/v1/object/public/car-images/dca719a1-f755-4ff0-b449-fde6fd314b75-IMG_1838.jpeg|https://ujfuxpqefdvwyjjwcpdu.supabase.co/storage/v1/object/public/car-images/41629ca7-5408-4f4f-9b13-bd16c5b29804-IMG_1839.jpeg|https://ujfuxpqefdvwyjjwcpdu.supabase.co/storage/v1/object/public/car-images/eea80832-5e7f-46de-871f-6905ed97f699-IMG_1840.jpeg|https://ujfuxpqefdvwyjjwcpdu.supabase.co/storage/v1/object/public/car-images/85e5056f-73ab-4e4a-be6d-20cd81cfd916-IMG_1841.jpeg|https://ujfuxpqefdvwyjjwcpdu.supabase.co/storage/v1/object/public/car-images/5dc74962-e073-44ee-9e53-1752eaa9285c-IMG_1842.jpeg|https://ujfuxpqefdvwyjjwcpdu.supabase.co/storage/v1/object/public/car-images/52f77deb-2fe3-4e82-aadc-9b178a268eaf-IMG_1843.jpeg|https://ujfuxpqefdvwyjjwcpdu.supabase.co/storage/v1/object/public/car-images/fb74b8b6-62c7-4239-8240-c845a52917e1-IMG_1844.jpeg|https://ujfuxpqefdvwyjjwcpdu.supabase.co/storage/v1/object/public/car-images/2ad89bc2-f0c5-47dc-a092-f0147f2a44d3-IMG_1845.jpeg|https://ujfuxpqefdvwyjjwcpdu.supabase.co/storage/v1/object/public/car-images/564bbc8b-323b-49ec-b8a4-f2f1692983cb-IMG_1846.jpeg|https://ujfuxpqefdvwyjjwcpdu.supabase.co/storage/v1/object/public/car-images/dda78e9d-ef99-43ac-a092-21f7c7e388e8-IMG_1847.jpeg|https://ujfuxpqefdvwyjjwcpdu.supabase.co/storage/v1/object/public/car-images/952a1bdf-8386-4eb4-af63-e6bbf7359f04-IMG_1848.jpeg|https://ujfuxpqefdvwyjjwcpdu.supabase.co/storage/v1/object/public/car-images/6db6e7f0-dc4c-4cb7-8a57-38de521fe044-IMG_1849.jpeg|https://ujfuxpqefdvwyjjwcpdu.supabase.co/storage/v1/object/public/car-images/4f3e3b50-db91-4fb8-95fb-ce0188aadbb1-IMG_1850.jpeg|https://ujfuxpqefdvwyjjwcpdu.supabase.co/storage/v1/object/public/car-images/aea8988a-ce0b-4c35-8072-c738e013cfcc-IMG_1851.jpeg|https://ujfuxpqefdvwyjjwcpdu.supabase.co/storage/v1/object/public/car-images/aa4e7a69-71ce-4d22-808a-c78d70c7c7e6-IMG_1852.jpeg|https://ujfuxpqefdvwyjjwcpdu.supabase.co/storage/v1/object/public/car-images/57248e75-3a5a-4e12-9a88-e012c118f43e-IMG_1854.jpeg|https://ujfuxpqefdvwyjjwcpdu.supabase.co/storage/v1/object/public/car-images/f3d3e5ab-5043-4997-bf33-ba14cf7f51ed-IMG_1834.jpeg,90-Day Warranty,false,false
2023,Honda ,Accord EX Sedan ,,Sedan,6500,800,15000,Excellent,Gasoline,Automatic,,Grey,Black,1HGCY1F30PA050268,"2023 Honda Accord EX Sedan • Low Miles • One Owner • Like New

This 2023 Honda Accord EX Sedan offers a perfect combination of modern styling, comfort, fuel efficiency and Honda reliability. With only 15,000 miles, this vehicle is practically like new and delivers a smooth, quiet and comfortable driving experience. Finished in a sleek grey exterior with black interior this Accord is a one owner vehicle fully paid off and in excellent condition inside and out. The EX trim comes loaded with premium technology and advanced safety features, making it a perfect daily driver or family sedan.

This 2023 Honda Accord EX is an excellent choice for anyone looking for a dependable, fuel efficient, and modern sedan. The turbocharged engine provides smooth power while maintaining impressive gas mileage and the vehicle drives perfectly with no issues. With only 15k miles, this Accord still feels brand new and offers years of reliable driving ahead. The grey exterior paired with the black interior gives the car a clean, classy and sporty appearance. If you’re looking for a low mileage Accord with premium features at an affordable price, this is one of the best deals available. Low mile 2023 Honda Accords sell fast. Serious buyers only.
👉 Contact now",Fully Paid Off|One Owner|Front-Wheel Drive (FWD)|1.5L Turbocharged 4-Cylinder Engine|Automatic transmission|EX trim package|Alloy wheels|LED headlights and LED daytime running lights|Power sunroof|Push-button start|Smart key entry|Power driver seat|Heated front seats|Dual-zone automatic climate control|Touchscreen infotainment display|Apple CarPlay® and Android Auto™|Bluetooth® hands-free calling and audio streaming|USB charging ports|Multi-function steering wheel|Adaptive cruise control|Lane keeping assist|Collision mitigation braking system|Road departure mitigation|Blind spot monitoring|Rearview backup camera|Power windows|Power door locks|Spacious and comfortable interior|Excellent fuel economy|Very clean inside and out|Like-new condition.,https://ujfuxpqefdvwyjjwcpdu.supabase.co/storage/v1/object/public/car-images/fe1e6fdd-8640-473d-874a-b71f28b38736-IMG_1858.jpeg|https://ujfuxpqefdvwyjjwcpdu.supabase.co/storage/v1/object/public/car-images/effde5a4-e0cb-4153-b6d3-dbc1dcba6db2-IMG_1857.jpeg|https://ujfuxpqefdvwyjjwcpdu.supabase.co/storage/v1/object/public/car-images/84863367-9058-493f-8b8e-4a67ae02b597-IMG_1859.jpeg|https://ujfuxpqefdvwyjjwcpdu.supabase.co/storage/v1/object/public/car-images/c642b7c7-fd28-4f7a-90d4-72f0588350a1-IMG_1860.jpeg|https://ujfuxpqefdvwyjjwcpdu.supabase.co/storage/v1/object/public/car-images/55145ec0-ceba-48f4-be5b-2380af958db7-IMG_1861.jpeg|https://ujfuxpqefdvwyjjwcpdu.supabase.co/storage/v1/object/public/car-images/4949afda-d2e9-4649-9599-62e4d21a941b-IMG_1862.jpeg|https://ujfuxpqefdvwyjjwcpdu.supabase.co/storage/v1/object/public/car-images/dc7e54b6-1c26-44e0-a020-a2a1ac09d5ac-IMG_1863.jpeg|https://ujfuxpqefdvwyjjwcpdu.supabase.co/storage/v1/object/public/car-images/ba14fe63-1715-4ba4-bd78-20a729d0e170-IMG_1864.jpeg|https://ujfuxpqefdvwyjjwcpdu.supabase.co/storage/v1/object/public/car-images/d53099b7-7cdb-4d4e-9de9-ebc495d94eb2-IMG_1865.jpeg|https://ujfuxpqefdvwyjjwcpdu.supabase.co/storage/v1/object/public/car-images/09f29cdf-7056-47a1-9735-008e145f5167-IMG_1866.jpeg|https://ujfuxpqefdvwyjjwcpdu.supabase.co/storage/v1/object/public/car-images/b0e4b2db-6425-477e-8883-d00019a17dbf-IMG_1867.jpeg|https://ujfuxpqefdvwyjjwcpdu.supabase.co/storage/v1/object/public/car-images/0f8a4b78-ac43-47ef-bdc9-3b6f40141752-IMG_1868.jpeg|https://ujfuxpqefdvwyjjwcpdu.supabase.co/storage/v1/object/public/car-images/042f57f2-37ea-41a5-92a2-8bbf804334f4-IMG_1869.jpeg|https://ujfuxpqefdvwyjjwcpdu.supabase.co/storage/v1/object/public/car-images/146b4a01-026a-4829-afb8-04d9b803897e-IMG_1870.jpeg|https://ujfuxpqefdvwyjjwcpdu.supabase.co/storage/v1/object/public/car-images/ff5d9508-279e-4ba2-8b73-d94ef840ffea-IMG_1871.jpeg|https://ujfuxpqefdvwyjjwcpdu.supabase.co/storage/v1/object/public/car-images/985698bf-a5a1-4e18-abc4-703dca81d6ab-IMG_1872.jpeg|https://ujfuxpqefdvwyjjwcpdu.supabase.co/storage/v1/object/public/car-images/ba7b3456-ef55-4911-bf31-4b81d427d1ba-IMG_1873.jpeg|https://ujfuxpqefdvwyjjwcpdu.supabase.co/storage/v1/object/public/car-images/3626c467-acc8-44cf-907b-f38f5882f2fd-IMG_1874.jpeg|https://ujfuxpqefdvwyjjwcpdu.supabase.co/storage/v1/object/public/car-images/61835c69-117e-49c7-8f72-575509d3747a-IMG_1875.jpeg|https://ujfuxpqefdvwyjjwcpdu.supabase.co/storage/v1/object/public/car-images/39195766-0227-459d-a98a-e58bc99ae893-IMG_1876.jpeg,90-Day Warranty,false,false
